sample_ts,date,drawn,passed,score_pct
2026-10-03T02:05:57.888491+00:00,2026-10-03,50,50,100.0
2026-10-03T03:06:06.667314+00:00,2026-10-03,50,50,100.0
2026-10-03T04:06:07.714091+00:00,2026-10-03,50,50,100.0
2026-10-03T05:06:02.097785+00:00,2026-10-03,50,50,100.0
2026-10-03T06:06:02.159692+00:00,2026-10-03,50,50,100.0
2026-10-03T07:35:56.765495+00:00,2026-10-03,50,50,100.0
2026-10-03T08:06:15.872602+00:00,2026-10-03,50,50,100.0
2026-10-03T09:06:05.990077+00:00,2026-10-03,50,50,100.0
2026-10-03T10:06:15.383268+00:00,2026-10-03,50,50,100.0
2026-10-03T11:06:05.334590+00:00,2026-10-03,50,50,100.0
2026-10-03T12:06:05.341028+00:00,2026-10-03,50,50,100.0
2026-10-03T13:06:04.520516+00:00,2026-10-03,50,50,100.0
2026-10-03T14:06:07.057849+00:00,2026-10-03,50,50,100.0
2026-10-03T15:06:06.672131+00:00,2026-10-03,50,50,100.0
2026-10-03T16:06:14.971724+00:00,2026-10-03,50,50,100.0
2026-10-03T17:06:09.505172+00:00,2026-10-03,50,50,100.0
2026-10-03T18:06:08.845316+00:00,2026-10-03,50,50,100.0
