as_of_utc,key,ok,value_json
2026-10-05T08:00:00Z,homeData.heatTitle,true,"{""currencies_with_reading"":56,""min_share"":0.5,""pct"":2,""share"":0.554,""within_pct"":31}"
2026-10-05T08:00:00Z,homeData.stableLine,true,"{""hours_priced"":1094,""hours_stablecoin_cheapest"":0,""published_hours"":1094,""published_matches_fresh"":true,""published_wins"":0,""route"":""SGD->PHP""}"
2026-10-05T09:00:00Z,homeData.heatTitle,true,"{""currencies_with_reading"":56,""min_share"":0.5,""pct"":2,""share"":0.554,""within_pct"":31}"
2026-10-05T09:00:00Z,homeData.stableLine,false,"{""hours_priced"":1095,""hours_stablecoin_cheapest"":0,""published_hours"":1094,""published_matches_fresh"":false,""published_wins"":0,""route"":""SGD->PHP""}"
2026-10-05T09:00:00Z,homeData.heatTitle,true,"{""currencies_with_reading"":56,""min_share"":0.5,""pct"":2,""share"":0.554,""within_pct"":31}"
2026-10-05T09:00:00Z,homeData.stableLine,true,"{""hours_priced"":1095,""hours_stablecoin_cheapest"":0,""published_hours"":1095,""published_matches_fresh"":true,""published_wins"":0,""route"":""SGD->PHP""}"
2026-10-05T10:00:00Z,homeData.heatTitle,true,"{""currencies_with_reading"":56,""min_share"":0.5,""pct"":2,""share"":0.554,""within_pct"":31}"
2026-10-05T10:00:00Z,homeData.stableLine,false,"{""hours_priced"":1096,""hours_stablecoin_cheapest"":0,""published_hours"":1095,""published_matches_fresh"":false,""published_wins"":0,""route"":""SGD->PHP""}"
2026-10-05T10:00:00Z,homeData.heatTitle,true,"{""currencies_with_reading"":56,""min_share"":0.5,""pct"":2,""share"":0.554,""within_pct"":31}"
2026-10-05T10:00:00Z,homeData.stableLine,true,"{""hours_priced"":1096,""hours_stablecoin_cheapest"":0,""published_hours"":1096,""published_matches_fresh"":true,""published_wins"":0,""route"":""SGD->PHP""}"
2026-10-05T11:00:00Z,homeData.heatTitle,true,"{""currencies_with_reading"":56,""min_share"":0.5,""pct"":2,""share"":0.554,""within_pct"":31}"
2026-10-05T11:00:00Z,homeData.stableLine,false,"{""hours_priced"":1097,""hours_stablecoin_cheapest"":0,""published_hours"":1096,""published_matches_fresh"":false,""published_wins"":0,""route"":""SGD->PHP""}"
2026-10-05T11:00:00Z,homeData.heatTitle,true,"{""currencies_with_reading"":56,""min_share"":0.5,""pct"":2,""share"":0.554,""within_pct"":31}"
2026-10-05T11:00:00Z,homeData.stableLine,true,"{""hours_priced"":1097,""hours_stablecoin_cheapest"":0,""published_hours"":1097,""published_matches_fresh"":true,""published_wins"":0,""route"":""SGD->PHP""}"
2026-10-05T12:00:00Z,homeData.heatTitle,true,"{""currencies_with_reading"":56,""min_share"":0.5,""pct"":2,""share"":0.554,""within_pct"":31}"
2026-10-05T12:00:00Z,homeData.stableLine,false,"{""hours_priced"":1098,""hours_stablecoin_cheapest"":0,""published_hours"":1097,""published_matches_fresh"":false,""published_wins"":0,""route"":""SGD->PHP""}"
2026-10-05T12:00:00Z,homeData.heatTitle,true,"{""currencies_with_reading"":56,""min_share"":0.5,""pct"":2,""share"":0.554,""within_pct"":31}"
2026-10-05T12:00:00Z,homeData.stableLine,true,"{""hours_priced"":1098,""hours_stablecoin_cheapest"":0,""published_hours"":1098,""published_matches_fresh"":true,""published_wins"":0,""route"":""SGD->PHP""}"
2026-10-05T12:00:00Z,findingData.claim_sgd_php_never_cheapest,true,"{""hours_priced"":1098,""hours_stablecoin_cheapest"":0,""published_hours"":1098,""published_matches_fresh"":true,""published_wins"":0,""route"":""SGD->PHP""}"
2026-10-05T12:00:00Z,homeData.heatTitle,true,"{""currencies_with_reading"":56,""min_share"":0.5,""pct"":2,""share"":0.554,""within_pct"":31}"
2026-10-05T12:00:00Z,homeData.stableLine,true,"{""hours_priced"":1098,""hours_stablecoin_cheapest"":0,""published_hours"":1098,""published_matches_fresh"":true,""published_wins"":0,""route"":""SGD->PHP""}"
2026-10-05T12:00:00Z,homeData.updatedCount,true,"{""printed_of"":60,""printed_priced"":46,""recount_of"":60,""recount_priced"":46}"
2026-10-05T12:00:00Z,homeData.updatedLine,true,"{""hours_missing"":0,""newest_hour"":""2026-10-05T12"",""window_hours"":24}"
2026-10-05T12:00:00Z,howItWorks.stepCurrencies,true,"{""printed_of"":60,""printed_priced"":46,""recount_of"":60,""recount_priced"":46}"
2026-10-05T12:00:00Z,howItWorks.thresholdCounts,true,"{""printed_of"":60,""printed_priced"":46,""recount_of"":60,""recount_priced"":46}"
2026-10-05T12:00:00Z,routeData.bigCaption,true,"{""differ"":[],""routes"":7}"
2026-10-05T12:00:00Z,sourcesData.headlineSub,true,"{""history_only"":2,""read_every_hour_or_live"":63,""sources"":65,""with_history"":16,""without_history"":49}"
2026-10-05T12:00:00Z,findingData.claim_sgd_php_never_cheapest,true,"{""hours_priced"":1098,""hours_stablecoin_cheapest"":0,""published_hours"":1098,""published_matches_fresh"":true,""published_wins"":0,""route"":""SGD->PHP""}"
2026-10-05T12:00:00Z,homeData.heatTitle,true,"{""currencies_with_reading"":56,""min_share"":0.5,""pct"":2,""share"":0.554,""within_pct"":31}"
2026-10-05T12:00:00Z,homeData.stableLine,true,"{""hours_priced"":1098,""hours_stablecoin_cheapest"":0,""published_hours"":1098,""published_matches_fresh"":true,""published_wins"":0,""route"":""SGD->PHP""}"
2026-10-05T12:00:00Z,homeData.updatedCount,true,"{""printed_of"":60,""printed_priced"":46,""recount_of"":60,""recount_priced"":46}"
2026-10-05T12:00:00Z,homeData.updatedLine,true,"{""hours_missing"":0,""newest_hour"":""2026-10-05T12"",""window_hours"":24}"
2026-10-05T12:00:00Z,howItWorks.stepCurrencies,true,"{""printed_of"":60,""printed_priced"":46,""recount_of"":60,""recount_priced"":46}"
2026-10-05T12:00:00Z,howItWorks.thresholdCounts,true,"{""printed_of"":60,""printed_priced"":46,""recount_of"":60,""recount_priced"":46}"
2026-10-05T12:00:00Z,routeData.bigCaption,true,"{""differ"":[],""routes"":7}"
2026-10-05T12:00:00Z,sourcesData.headlineSub,true,"{""history_only"":2,""read_every_hour_or_live"":63,""sources"":65,""with_history"":16,""without_history"":49}"
2026-10-05T13:00:00Z,findingData.claim_sgd_php_never_cheapest,false,"{""hours_priced"":1099,""hours_stablecoin_cheapest"":0,""published_hours"":1098,""published_matches_fresh"":false,""published_wins"":0,""route"":""SGD->PHP""}"
2026-10-05T13:00:00Z,homeData.heatTitle,true,"{""currencies_with_reading"":56,""min_share"":0.5,""pct"":2,""share"":0.554,""within_pct"":31}"
2026-10-05T13:00:00Z,homeData.stableLine,false,"{""hours_priced"":1099,""hours_stablecoin_cheapest"":0,""published_hours"":1098,""published_matches_fresh"":false,""published_wins"":0,""route"":""SGD->PHP""}"
2026-10-05T13:00:00Z,homeData.updatedCount,false,"{""printed_of"":59,""printed_priced"":46,""recount_of"":60,""recount_priced"":47}"
2026-10-05T13:00:00Z,homeData.updatedLine,true,"{""hours_missing"":0,""newest_hour"":""2026-10-05T13"",""window_hours"":24}"
2026-10-05T13:00:00Z,howItWorks.stepCurrencies,false,"{""printed_of"":59,""printed_priced"":46,""recount_of"":60,""recount_priced"":47}"
2026-10-05T13:00:00Z,howItWorks.thresholdCounts,false,"{""printed_of"":59,""printed_priced"":46,""recount_of"":60,""recount_priced"":47}"
2026-10-05T13:00:00Z,routeData.bigCaption,false,"{""differ"":[""SGD->PHP"",""AUD->PHP"",""NZD->PHP"",""USD->MXN"",""USD->NGN"",""USD->INR"",""SGD->INR""],""routes"":7}"
2026-10-05T13:00:00Z,sourcesData.headlineSub,true,"{""history_only"":2,""read_every_hour_or_live"":63,""sources"":65,""with_history"":16,""without_history"":49}"
2026-10-05T13:00:00Z,findingData.claim_sgd_php_never_cheapest,true,"{""hours_priced"":1099,""hours_stablecoin_cheapest"":0,""published_hours"":1099,""published_matches_fresh"":true,""published_wins"":0,""route"":""SGD->PHP""}"
2026-10-05T13:00:00Z,homeData.heatTitle,true,"{""currencies_with_reading"":56,""min_share"":0.5,""pct"":2,""share"":0.554,""within_pct"":31}"
2026-10-05T13:00:00Z,homeData.stableLine,true,"{""hours_priced"":1099,""hours_stablecoin_cheapest"":0,""published_hours"":1099,""published_matches_fresh"":true,""published_wins"":0,""route"":""SGD->PHP""}"
2026-10-05T13:00:00Z,homeData.updatedCount,false,"{""printed_of"":59,""printed_priced"":46,""recount_of"":60,""recount_priced"":47}"
2026-10-05T13:00:00Z,homeData.updatedLine,true,"{""hours_missing"":0,""newest_hour"":""2026-10-05T13"",""window_hours"":24}"
2026-10-05T13:00:00Z,howItWorks.stepCurrencies,false,"{""printed_of"":59,""printed_priced"":46,""recount_of"":60,""recount_priced"":47}"
2026-10-05T13:00:00Z,howItWorks.thresholdCounts,false,"{""printed_of"":59,""printed_priced"":46,""recount_of"":60,""recount_priced"":47}"
2026-10-05T13:00:00Z,routeData.bigCaption,true,"{""differ"":[],""routes"":7}"
2026-10-05T13:00:00Z,sourcesData.headlineSub,true,"{""history_only"":2,""read_every_hour_or_live"":63,""sources"":65,""with_history"":16,""without_history"":49}"
2026-10-05T14:00:00Z,findingData.claim_sgd_php_never_cheapest,false,"{""hours_priced"":1100,""hours_stablecoin_cheapest"":0,""published_hours"":1099,""published_matches_fresh"":false,""published_wins"":0,""route"":""SGD->PHP""}"
2026-10-05T14:00:00Z,homeData.heatTitle,true,"{""currencies_with_reading"":56,""min_share"":0.5,""pct"":2,""share"":0.554,""within_pct"":31}"
2026-10-05T14:00:00Z,homeData.stableLine,false,"{""hours_priced"":1100,""hours_stablecoin_cheapest"":0,""published_hours"":1099,""published_matches_fresh"":false,""published_wins"":0,""route"":""SGD->PHP""}"
2026-10-05T14:00:00Z,homeData.updatedCount,false,"{""printed_of"":59,""printed_priced"":47,""recount_of"":60,""recount_priced"":48}"
2026-10-05T14:00:00Z,homeData.updatedLine,true,"{""hours_missing"":0,""newest_hour"":""2026-10-05T14"",""window_hours"":24}"
2026-10-05T14:00:00Z,howItWorks.stepCurrencies,false,"{""printed_of"":59,""printed_priced"":47,""recount_of"":60,""recount_priced"":48}"
2026-10-05T14:00:00Z,howItWorks.thresholdCounts,false,"{""printed_of"":59,""printed_priced"":47,""recount_of"":60,""recount_priced"":48}"
2026-10-05T14:00:00Z,routeData.bigCaption,false,"{""differ"":[""SGD->PHP"",""AUD->PHP"",""NZD->PHP"",""USD->MXN"",""USD->NGN"",""USD->INR"",""SGD->INR""],""routes"":7}"
2026-10-05T14:00:00Z,sourcesData.headlineSub,true,"{""history_only"":2,""read_every_hour_or_live"":63,""sources"":65,""with_history"":16,""without_history"":49}"
2026-10-05T14:00:00Z,findingData.claim_sgd_php_never_cheapest,true,"{""hours_priced"":1100,""hours_stablecoin_cheapest"":0,""published_hours"":1100,""published_matches_fresh"":true,""published_wins"":0,""route"":""SGD->PHP""}"
2026-10-05T14:00:00Z,homeData.heatTitle,true,"{""currencies_with_reading"":56,""min_share"":0.5,""pct"":2,""share"":0.554,""within_pct"":31}"
2026-10-05T14:00:00Z,homeData.stableLine,true,"{""hours_priced"":1100,""hours_stablecoin_cheapest"":0,""published_hours"":1100,""published_matches_fresh"":true,""published_wins"":0,""route"":""SGD->PHP""}"
2026-10-05T14:00:00Z,homeData.updatedCount,false,"{""printed_of"":59,""printed_priced"":47,""recount_of"":60,""recount_priced"":48}"
2026-10-05T14:00:00Z,homeData.updatedLine,true,"{""hours_missing"":0,""newest_hour"":""2026-10-05T14"",""window_hours"":24}"
2026-10-05T14:00:00Z,howItWorks.stepCurrencies,false,"{""printed_of"":59,""printed_priced"":47,""recount_of"":60,""recount_priced"":48}"
2026-10-05T14:00:00Z,howItWorks.thresholdCounts,false,"{""printed_of"":59,""printed_priced"":47,""recount_of"":60,""recount_priced"":48}"
2026-10-05T14:00:00Z,routeData.bigCaption,true,"{""differ"":[],""routes"":7}"
2026-10-05T14:00:00Z,sourcesData.headlineSub,true,"{""history_only"":2,""read_every_hour_or_live"":63,""sources"":65,""with_history"":16,""without_history"":49}"
2026-10-05T15:00:00Z,findingData.claim_sgd_php_never_cheapest,false,"{""hours_priced"":1101,""hours_stablecoin_cheapest"":0,""published_hours"":1100,""published_matches_fresh"":false,""published_wins"":0,""route"":""SGD->PHP""}"
2026-10-05T15:00:00Z,homeData.heatTitle,true,"{""currencies_with_reading"":56,""min_share"":0.5,""pct"":2,""share"":0.554,""within_pct"":31}"
2026-10-05T15:00:00Z,homeData.stableLine,false,"{""hours_priced"":1101,""hours_stablecoin_cheapest"":0,""published_hours"":1100,""published_matches_fresh"":false,""published_wins"":0,""route"":""SGD->PHP""}"
2026-10-05T15:00:00Z,homeData.updatedCount,false,"{""printed_of"":59,""printed_priced"":47,""recount_of"":60,""recount_priced"":48}"
2026-10-05T15:00:00Z,homeData.updatedLine,true,"{""hours_missing"":0,""newest_hour"":""2026-10-05T15"",""window_hours"":24}"
2026-10-05T15:00:00Z,howItWorks.stepCurrencies,false,"{""printed_of"":59,""printed_priced"":47,""recount_of"":60,""recount_priced"":48}"
2026-10-05T15:00:00Z,howItWorks.thresholdCounts,false,"{""printed_of"":59,""printed_priced"":47,""recount_of"":60,""recount_priced"":48}"
2026-10-05T15:00:00Z,routeData.bigCaption,false,"{""differ"":[""SGD->PHP"",""AUD->PHP"",""NZD->PHP"",""USD->MXN"",""USD->NGN"",""USD->INR"",""SGD->INR""],""routes"":7}"
2026-10-05T15:00:00Z,sourcesData.headlineSub,true,"{""history_only"":2,""read_every_hour_or_live"":63,""sources"":65,""with_history"":16,""without_history"":49}"
2026-10-05T15:00:00Z,findingData.claim_sgd_php_never_cheapest,true,"{""hours_priced"":1101,""hours_stablecoin_cheapest"":0,""published_hours"":1101,""published_matches_fresh"":true,""published_wins"":0,""route"":""SGD->PHP""}"
2026-10-05T15:00:00Z,homeData.heatTitle,true,"{""currencies_with_reading"":56,""min_share"":0.5,""pct"":2,""share"":0.554,""within_pct"":31}"
2026-10-05T15:00:00Z,homeData.stableLine,true,"{""hours_priced"":1101,""hours_stablecoin_cheapest"":0,""published_hours"":1101,""published_matches_fresh"":true,""published_wins"":0,""route"":""SGD->PHP""}"
2026-10-05T15:00:00Z,homeData.updatedCount,false,"{""printed_of"":59,""printed_priced"":47,""recount_of"":60,""recount_priced"":48}"
2026-10-05T15:00:00Z,homeData.updatedLine,true,"{""hours_missing"":0,""newest_hour"":""2026-10-05T15"",""window_hours"":24}"
2026-10-05T15:00:00Z,howItWorks.stepCurrencies,false,"{""printed_of"":59,""printed_priced"":47,""recount_of"":60,""recount_priced"":48}"
2026-10-05T15:00:00Z,howItWorks.thresholdCounts,false,"{""printed_of"":59,""printed_priced"":47,""recount_of"":60,""recount_priced"":48}"
2026-10-05T15:00:00Z,routeData.bigCaption,true,"{""differ"":[],""routes"":7}"
2026-10-05T15:00:00Z,sourcesData.headlineSub,true,"{""history_only"":2,""read_every_hour_or_live"":63,""sources"":65,""with_history"":16,""without_history"":49}"
2026-10-05T16:00:00Z,findingData.claim_sgd_php_never_cheapest,false,"{""hours_priced"":1102,""hours_stablecoin_cheapest"":0,""published_hours"":1101,""published_matches_fresh"":false,""published_wins"":0,""route"":""SGD->PHP""}"
2026-10-05T16:00:00Z,homeData.heatTitle,true,"{""currencies_with_reading"":56,""min_share"":0.5,""pct"":2,""share"":0.554,""within_pct"":31}"
2026-10-05T16:00:00Z,homeData.stableLine,false,"{""hours_priced"":1102,""hours_stablecoin_cheapest"":0,""published_hours"":1101,""published_matches_fresh"":false,""published_wins"":0,""route"":""SGD->PHP""}"
2026-10-05T16:00:00Z,homeData.updatedCount,false,"{""printed_of"":59,""printed_priced"":48,""recount_of"":60,""recount_priced"":49}"
2026-10-05T16:00:00Z,homeData.updatedLine,true,"{""hours_missing"":0,""newest_hour"":""2026-10-05T16"",""window_hours"":24}"
2026-10-05T16:00:00Z,howItWorks.stepCurrencies,false,"{""printed_of"":59,""printed_priced"":48,""recount_of"":60,""recount_priced"":49}"
2026-10-05T16:00:00Z,howItWorks.thresholdCounts,false,"{""printed_of"":59,""printed_priced"":48,""recount_of"":60,""recount_priced"":49}"
2026-10-05T16:00:00Z,routeData.bigCaption,false,"{""differ"":[""SGD->PHP"",""AUD->PHP"",""NZD->PHP"",""USD->MXN"",""USD->NGN"",""USD->INR"",""SGD->INR""],""routes"":7}"
2026-10-05T16:00:00Z,sourcesData.headlineSub,true,"{""history_only"":2,""read_every_hour_or_live"":63,""sources"":65,""with_history"":16,""without_history"":49}"
2026-10-05T16:00:00Z,findingData.claim_sgd_php_never_cheapest,true,"{""hours_priced"":1102,""hours_stablecoin_cheapest"":0,""published_hours"":1102,""published_matches_fresh"":true,""published_wins"":0,""route"":""SGD->PHP""}"
2026-10-05T16:00:00Z,homeData.heatTitle,true,"{""currencies_with_reading"":56,""min_share"":0.5,""pct"":2,""share"":0.554,""within_pct"":31}"
2026-10-05T16:00:00Z,homeData.stableLine,true,"{""hours_priced"":1102,""hours_stablecoin_cheapest"":0,""published_hours"":1102,""published_matches_fresh"":true,""published_wins"":0,""route"":""SGD->PHP""}"
2026-10-05T16:00:00Z,homeData.updatedCount,false,"{""printed_of"":59,""printed_priced"":48,""recount_of"":60,""recount_priced"":49}"
2026-10-05T16:00:00Z,homeData.updatedLine,true,"{""hours_missing"":0,""newest_hour"":""2026-10-05T16"",""window_hours"":24}"
2026-10-05T16:00:00Z,howItWorks.stepCurrencies,false,"{""printed_of"":59,""printed_priced"":48,""recount_of"":60,""recount_priced"":49}"
2026-10-05T16:00:00Z,howItWorks.thresholdCounts,false,"{""printed_of"":59,""printed_priced"":48,""recount_of"":60,""recount_priced"":49}"
2026-10-05T16:00:00Z,routeData.bigCaption,true,"{""differ"":[],""routes"":7}"
2026-10-05T16:00:00Z,sourcesData.headlineSub,true,"{""history_only"":2,""read_every_hour_or_live"":63,""sources"":65,""with_history"":16,""without_history"":49}"
2026-10-05T17:00:00Z,findingData.claim_sgd_php_never_cheapest,false,"{""hours_priced"":1103,""hours_stablecoin_cheapest"":0,""published_hours"":1102,""published_matches_fresh"":false,""published_wins"":0,""route"":""SGD->PHP""}"
2026-10-05T17:00:00Z,homeData.heatTitle,true,"{""currencies_with_reading"":56,""min_share"":0.5,""pct"":2,""share"":0.571,""within_pct"":32}"
2026-10-05T17:00:00Z,homeData.stableLine,false,"{""hours_priced"":1103,""hours_stablecoin_cheapest"":0,""published_hours"":1102,""published_matches_fresh"":false,""published_wins"":0,""route"":""SGD->PHP""}"
2026-10-05T17:00:00Z,homeData.updatedCount,false,"{""printed_of"":58,""printed_priced"":45,""recount_of"":60,""recount_priced"":47}"
2026-10-05T17:00:00Z,homeData.updatedLine,true,"{""hours_missing"":0,""newest_hour"":""2026-10-05T17"",""window_hours"":24}"
2026-10-05T17:00:00Z,howItWorks.stepCurrencies,false,"{""printed_of"":58,""printed_priced"":45,""recount_of"":60,""recount_priced"":47}"
2026-10-05T17:00:00Z,howItWorks.thresholdCounts,false,"{""printed_of"":58,""printed_priced"":45,""recount_of"":60,""recount_priced"":47}"
2026-10-05T17:00:00Z,routeData.bigCaption,false,"{""differ"":[""SGD->PHP"",""AUD->PHP"",""NZD->PHP"",""USD->MXN"",""USD->NGN"",""USD->INR"",""SGD->INR""],""routes"":7}"
2026-10-05T17:00:00Z,sourcesData.headlineSub,true,"{""history_only"":2,""read_every_hour_or_live"":63,""sources"":65,""with_history"":16,""without_history"":49}"
2026-10-05T17:00:00Z,findingData.claim_sgd_php_never_cheapest,true,"{""hours_priced"":1103,""hours_stablecoin_cheapest"":0,""published_hours"":1103,""published_matches_fresh"":true,""published_wins"":0,""route"":""SGD->PHP""}"
2026-10-05T17:00:00Z,homeData.heatTitle,true,"{""currencies_with_reading"":56,""min_share"":0.5,""pct"":2,""share"":0.571,""within_pct"":32}"
2026-10-05T17:00:00Z,homeData.stableLine,true,"{""hours_priced"":1103,""hours_stablecoin_cheapest"":0,""published_hours"":1103,""published_matches_fresh"":true,""published_wins"":0,""route"":""SGD->PHP""}"
2026-10-05T17:00:00Z,homeData.updatedCount,false,"{""printed_of"":58,""printed_priced"":45,""recount_of"":60,""recount_priced"":47}"
2026-10-05T17:00:00Z,homeData.updatedLine,true,"{""hours_missing"":0,""newest_hour"":""2026-10-05T17"",""window_hours"":24}"
2026-10-05T17:00:00Z,howItWorks.stepCurrencies,false,"{""printed_of"":58,""printed_priced"":45,""recount_of"":60,""recount_priced"":47}"
2026-10-05T17:00:00Z,howItWorks.thresholdCounts,false,"{""printed_of"":58,""printed_priced"":45,""recount_of"":60,""recount_priced"":47}"
2026-10-05T17:00:00Z,routeData.bigCaption,true,"{""differ"":[],""routes"":7}"
2026-10-05T17:00:00Z,sourcesData.headlineSub,true,"{""history_only"":2,""read_every_hour_or_live"":63,""sources"":65,""with_history"":16,""without_history"":49}"
