ts,corridor,stable,network,notional_src,network_fee_stable,landed_taker,cost_bps_taker,landed_maker,cost_bps_maker,source_ok,errors
2026-10-02T14:05:50.516976+00:00,SGD->PHP,USDC,ArbitrumOne,200,1.0,9630.43,185.97,9635.26,181.05,True,
2026-10-02T14:05:50.516976+00:00,SGD->PHP,USDC,ArbitrumOne,1000,1.0,48401.91,135.07,48426.15,130.13,True,
2026-10-02T14:05:50.516976+00:00,SGD->PHP,USDC,ArbitrumOne,5000,1.0,242259.3,124.89,242380.61,119.94,True,
2026-10-02T14:05:50.516976+00:00,SGD->PHP,USDC,ArbitrumOne,25000,1.0,1211546.25,122.85,1212152.94,117.9,True,
2026-10-02T14:05:50.516976+00:00,SGD->PHP,USDC,ArbitrumOne,50000,1.0,2421728.12,128.41,2422940.8,123.47,True,
2026-10-02T15:05:54.994937+00:00,SGD->PHP,USDC,ArbitrumOne,200,1.0,9628.94,187.49,9633.76,182.57,True,
2026-10-02T15:05:54.994937+00:00,SGD->PHP,USDC,ArbitrumOne,1000,1.0,48394.37,136.6,48418.6,131.66,True,
2026-10-02T15:05:54.994937+00:00,SGD->PHP,USDC,ArbitrumOne,5000,1.0,242221.51,126.43,242342.8,121.48,True,
2026-10-02T15:05:54.994937+00:00,SGD->PHP,USDC,ArbitrumOne,25000,1.0,1211357.21,124.39,1211963.8,119.45,True,
2026-10-02T15:05:54.994937+00:00,SGD->PHP,USDC,ArbitrumOne,50000,1.0,2421454.91,129.52,2422667.45,124.58,True,
2026-10-02T16:05:53.484998+00:00,SGD->PHP,USDC,ArbitrumOne,200,1.0,9636.54,179.74,9641.37,174.83,True,
2026-10-02T16:05:53.484998+00:00,SGD->PHP,USDC,ArbitrumOne,1000,1.0,48432.53,128.83,48456.78,123.88,True,
2026-10-02T16:05:53.484998+00:00,SGD->PHP,USDC,ArbitrumOne,5000,1.0,242412.45,118.64,242533.84,113.69,True,
2026-10-02T16:05:53.484998+00:00,SGD->PHP,USDC,ArbitrumOne,25000,1.0,1212312.08,116.61,1212919.15,111.66,True,
2026-10-02T16:05:53.484998+00:00,SGD->PHP,USDC,ArbitrumOne,50000,1.0,2423361.1,121.75,2424574.6,116.81,True,
2026-10-02T17:05:48.156397+00:00,SGD->PHP,USDC,ArbitrumOne,200,1.0,9642.57,173.6,9647.4,168.67,True,
2026-10-02T17:05:48.156397+00:00,SGD->PHP,USDC,ArbitrumOne,1000,1.0,48462.65,122.69,48486.92,117.74,True,
2026-10-02T17:05:48.156397+00:00,SGD->PHP,USDC,ArbitrumOne,5000,1.0,242563.03,112.5,242684.5,107.55,True,
2026-10-02T17:05:48.156397+00:00,SGD->PHP,USDC,ArbitrumOne,25000,1.0,1212881.46,111.96,1213488.81,107.01,True,
2026-10-02T17:05:48.156397+00:00,SGD->PHP,USDC,ArbitrumOne,50000,1.0,2423505.19,121.17,2424718.77,116.22,True,
2026-10-02T17:05:53.807678+00:00,AUD->PHP,USDC,ArbitrumOne,200,1.0,8569.91,158.88,8574.2,153.95,True,
2026-10-02T17:05:53.807678+00:00,AUD->PHP,USDC,ArbitrumOne,1000,1.0,43099.32,101.51,43120.91,96.55,True,
2026-10-02T17:05:53.807678+00:00,AUD->PHP,USDC,ArbitrumOne,5000,1.0,215744.71,90.11,215852.74,85.15,True,
2026-10-02T17:05:53.807678+00:00,AUD->PHP,USDC,ArbitrumOne,25000,1.0,1078968.13,87.87,1079508.43,82.9,True,
2026-10-02T17:05:53.807678+00:00,AUD->PHP,USDC,ArbitrumOne,50000,1.0,2157997.42,87.59,2159078.04,82.62,True,
2026-10-02T18:05:57.438952+00:00,SGD->PHP,USDC,ArbitrumOne,200,1.0,9642.65,173.52,9647.48,168.6,True,
2026-10-02T18:05:57.438952+00:00,SGD->PHP,USDC,ArbitrumOne,1000,1.0,48463.03,122.61,48487.3,117.66,True,
2026-10-02T18:05:57.438952+00:00,SGD->PHP,USDC,ArbitrumOne,5000,1.0,242564.93,112.43,242686.39,107.48,True,
2026-10-02T18:05:57.438952+00:00,SGD->PHP,USDC,ArbitrumOne,25000,1.0,1213074.43,110.39,1213681.87,105.44,True,
2026-10-02T18:05:57.438952+00:00,SGD->PHP,USDC,ArbitrumOne,50000,1.0,2423207.01,122.38,2424420.44,117.44,True,
2026-10-02T19:05:59.663571+00:00,SGD->PHP,USDC,ArbitrumOne,200,1.0,9635.98,180.31,9640.81,175.39,True,
2026-10-02T19:05:59.663571+00:00,SGD->PHP,USDC,ArbitrumOne,1000,1.0,48429.7,129.4,48453.95,124.46,True,
2026-10-02T19:05:59.663571+00:00,SGD->PHP,USDC,ArbitrumOne,5000,1.0,242398.29,119.22,242519.67,114.27,True,
2026-10-02T19:05:59.663571+00:00,SGD->PHP,USDC,ArbitrumOne,25000,1.0,1212013.24,119.04,1212620.16,114.09,True,
2026-10-02T19:05:59.663571+00:00,SGD->PHP,USDC,ArbitrumOne,50000,1.0,2420355.05,134.01,2421567.04,129.07,True,
