ts_utc,venue,leg,regime,tier_label,volume_threshold,volume_ccy,fee_pct,source_url,error
2026-09-21T07:20:27Z,IndependentReserve,onramp,taker,0,0.0,AUD,0.5,https://www.independentreserve.com/sg/fees,
2026-09-21T07:20:27Z,IndependentReserve,onramp,taker,1,50000.0,AUD,0.48,https://www.independentreserve.com/sg/fees,
2026-09-21T07:20:27Z,IndependentReserve,onramp,taker,2,100000.0,AUD,0.46,https://www.independentreserve.com/sg/fees,
2026-09-21T07:20:27Z,IndependentReserve,onramp,taker,3,200000.0,AUD,0.44,https://www.independentreserve.com/sg/fees,
2026-09-21T07:20:27Z,IndependentReserve,onramp,taker,4,300000.0,AUD,0.42,https://www.independentreserve.com/sg/fees,
2026-09-21T07:20:27Z,IndependentReserve,onramp,taker,5,400000.0,AUD,0.4,https://www.independentreserve.com/sg/fees,
2026-09-21T07:20:27Z,IndependentReserve,onramp,taker,6,500000.0,AUD,0.38,https://www.independentreserve.com/sg/fees,
2026-09-21T07:20:27Z,IndependentReserve,onramp,taker,7,600000.0,AUD,0.36,https://www.independentreserve.com/sg/fees,
2026-09-21T07:20:27Z,IndependentReserve,onramp,taker,8,800000.0,AUD,0.34,https://www.independentreserve.com/sg/fees,
2026-09-21T07:20:27Z,IndependentReserve,onramp,taker,9,1000000.0,AUD,0.32,https://www.independentreserve.com/sg/fees,
2026-09-21T07:20:27Z,IndependentReserve,onramp,taker,10,1200000.0,AUD,0.3,https://www.independentreserve.com/sg/fees,
2026-09-21T07:20:27Z,IndependentReserve,onramp,taker,11,1400000.0,AUD,0.28,https://www.independentreserve.com/sg/fees,
2026-09-21T07:20:27Z,IndependentReserve,onramp,taker,12,1600000.0,AUD,0.26,https://www.independentreserve.com/sg/fees,
2026-09-21T07:20:27Z,IndependentReserve,onramp,taker,13,1800000.0,AUD,0.24,https://www.independentreserve.com/sg/fees,
2026-09-21T07:20:27Z,IndependentReserve,onramp,taker,14,2000000.0,AUD,0.22,https://www.independentreserve.com/sg/fees,
2026-09-21T07:20:27Z,IndependentReserve,onramp,taker,15,2500000.0,AUD,0.2,https://www.independentreserve.com/sg/fees,
2026-09-21T07:20:27Z,IndependentReserve,onramp,taker,16,3000000.0,AUD,0.18,https://www.independentreserve.com/sg/fees,
2026-09-21T07:20:27Z,IndependentReserve,onramp,taker,17,3500000.0,AUD,0.16,https://www.independentreserve.com/sg/fees,
2026-09-21T07:20:27Z,IndependentReserve,onramp,taker,18,4000000.0,AUD,0.14,https://www.independentreserve.com/sg/fees,
2026-09-21T07:20:27Z,IndependentReserve,onramp,taker,19,4500000.0,AUD,0.12,https://www.independentreserve.com/sg/fees,
2026-09-21T07:20:27Z,IndependentReserve,onramp,taker,20,5000000.0,AUD,0.1,https://www.independentreserve.com/sg/fees,
2026-09-21T07:20:27Z,IndependentReserve,onramp,taker,21,10000000.0,AUD,0.08,https://www.independentreserve.com/sg/fees,
2026-09-21T07:20:27Z,IndependentReserve,onramp,taker,22,15000000.0,AUD,0.07,https://www.independentreserve.com/sg/fees,
2026-09-21T07:20:27Z,IndependentReserve,onramp,taker,23,30000000.0,AUD,0.06,https://www.independentreserve.com/sg/fees,
2026-09-21T07:20:27Z,IndependentReserve,onramp,taker,24,50000000.0,AUD,0.05,https://www.independentreserve.com/sg/fees,
2026-09-21T07:20:27Z,IndependentReserve,onramp,taker,25,100000000.0,AUD,0.04,https://www.independentreserve.com/sg/fees,
2026-09-21T07:20:27Z,IndependentReserve,onramp,taker,26,150000000.0,AUD,0.03,https://www.independentreserve.com/sg/fees,
2026-09-21T07:20:27Z,IndependentReserve,onramp,taker,27,200000000.0,AUD,0.02,https://www.independentreserve.com/sg/fees,
2026-09-21T07:20:27Z,IndependentReserve,onramp,maker,0,0.0,AUD,0.5,https://www.independentreserve.com/sg/fees,
2026-09-21T07:20:27Z,IndependentReserve,onramp,maker,1,50000.0,AUD,0.48,https://www.independentreserve.com/sg/fees,
2026-09-21T07:20:27Z,IndependentReserve,onramp,maker,2,100000.0,AUD,0.46,https://www.independentreserve.com/sg/fees,
2026-09-21T07:20:27Z,IndependentReserve,onramp,maker,3,200000.0,AUD,0.44,https://www.independentreserve.com/sg/fees,
2026-09-21T07:20:27Z,IndependentReserve,onramp,maker,4,300000.0,AUD,0.42,https://www.independentreserve.com/sg/fees,
2026-09-21T07:20:27Z,IndependentReserve,onramp,maker,5,400000.0,AUD,0.4,https://www.independentreserve.com/sg/fees,
2026-09-21T07:20:27Z,IndependentReserve,onramp,maker,6,500000.0,AUD,0.38,https://www.independentreserve.com/sg/fees,
2026-09-21T07:20:27Z,IndependentReserve,onramp,maker,7,600000.0,AUD,0.36,https://www.independentreserve.com/sg/fees,
2026-09-21T07:20:27Z,IndependentReserve,onramp,maker,8,800000.0,AUD,0.34,https://www.independentreserve.com/sg/fees,
2026-09-21T07:20:27Z,IndependentReserve,onramp,maker,9,1000000.0,AUD,0.32,https://www.independentreserve.com/sg/fees,
2026-09-21T07:20:27Z,IndependentReserve,onramp,maker,10,1200000.0,AUD,0.3,https://www.independentreserve.com/sg/fees,
2026-09-21T07:20:27Z,IndependentReserve,onramp,maker,11,1400000.0,AUD,0.28,https://www.independentreserve.com/sg/fees,
2026-09-21T07:20:27Z,IndependentReserve,onramp,maker,12,1600000.0,AUD,0.26,https://www.independentreserve.com/sg/fees,
2026-09-21T07:20:27Z,IndependentReserve,onramp,maker,13,1800000.0,AUD,0.24,https://www.independentreserve.com/sg/fees,
2026-09-21T07:20:27Z,IndependentReserve,onramp,maker,14,2000000.0,AUD,0.22,https://www.independentreserve.com/sg/fees,
2026-09-21T07:20:27Z,IndependentReserve,onramp,maker,15,2500000.0,AUD,0.2,https://www.independentreserve.com/sg/fees,
2026-09-21T07:20:27Z,IndependentReserve,onramp,maker,16,3000000.0,AUD,0.18,https://www.independentreserve.com/sg/fees,
2026-09-21T07:20:27Z,IndependentReserve,onramp,maker,17,3500000.0,AUD,0.16,https://www.independentreserve.com/sg/fees,
2026-09-21T07:20:27Z,IndependentReserve,onramp,maker,18,4000000.0,AUD,0.14,https://www.independentreserve.com/sg/fees,
2026-09-21T07:20:27Z,IndependentReserve,onramp,maker,19,4500000.0,AUD,0.12,https://www.independentreserve.com/sg/fees,
2026-09-21T07:20:27Z,IndependentReserve,onramp,maker,20,5000000.0,AUD,0.1,https://www.independentreserve.com/sg/fees,
2026-09-21T07:20:27Z,IndependentReserve,onramp,maker,21,10000000.0,AUD,0.08,https://www.independentreserve.com/sg/fees,
2026-09-21T07:20:27Z,IndependentReserve,onramp,maker,22,15000000.0,AUD,0.07,https://www.independentreserve.com/sg/fees,
2026-09-21T07:20:27Z,IndependentReserve,onramp,maker,23,30000000.0,AUD,0.06,https://www.independentreserve.com/sg/fees,
2026-09-21T07:20:27Z,IndependentReserve,onramp,maker,24,50000000.0,AUD,0.05,https://www.independentreserve.com/sg/fees,
2026-09-21T07:20:27Z,IndependentReserve,onramp,maker,25,100000000.0,AUD,0.04,https://www.independentreserve.com/sg/fees,
2026-09-21T07:20:27Z,IndependentReserve,onramp,maker,26,150000000.0,AUD,0.03,https://www.independentreserve.com/sg/fees,
2026-09-21T07:20:27Z,IndependentReserve,onramp,maker,27,200000000.0,AUD,0.02,https://www.independentreserve.com/sg/fees,
2026-09-21T07:20:27Z,Coins.ph,offramp,maker,VIP0,0.0,PHP,0.1,https://support.coins.ph/hc/en-us/articles/11620285112217-How-are-my-trading-fees-calculated-based-on-the-VIP-level-setup,
2026-09-21T07:20:27Z,Coins.ph,offramp,taker,VIP0,0.0,PHP,0.15,https://support.coins.ph/hc/en-us/articles/11620285112217-How-are-my-trading-fees-calculated-based-on-the-VIP-level-setup,
2026-09-21T07:20:27Z,Coins.ph,offramp,maker,VIP1,500000.0,PHP,0.09,https://support.coins.ph/hc/en-us/articles/11620285112217-How-are-my-trading-fees-calculated-based-on-the-VIP-level-setup,
2026-09-21T07:20:27Z,Coins.ph,offramp,taker,VIP1,500000.0,PHP,0.13,https://support.coins.ph/hc/en-us/articles/11620285112217-How-are-my-trading-fees-calculated-based-on-the-VIP-level-setup,
2026-09-21T07:20:27Z,Coins.ph,offramp,maker,VIP2,2000000.0,PHP,0.08,https://support.coins.ph/hc/en-us/articles/11620285112217-How-are-my-trading-fees-calculated-based-on-the-VIP-level-setup,
2026-09-21T07:20:27Z,Coins.ph,offramp,taker,VIP2,2000000.0,PHP,0.12,https://support.coins.ph/hc/en-us/articles/11620285112217-How-are-my-trading-fees-calculated-based-on-the-VIP-level-setup,
2026-09-21T07:20:27Z,Coins.ph,offramp,maker,VIP3,5000000.0,PHP,0.07,https://support.coins.ph/hc/en-us/articles/11620285112217-How-are-my-trading-fees-calculated-based-on-the-VIP-level-setup,
2026-09-21T07:20:27Z,Coins.ph,offramp,taker,VIP3,5000000.0,PHP,0.11,https://support.coins.ph/hc/en-us/articles/11620285112217-How-are-my-trading-fees-calculated-based-on-the-VIP-level-setup,
2026-09-21T07:20:27Z,Coins.ph,offramp,maker,VIP4,10000000.0,PHP,0.06,https://support.coins.ph/hc/en-us/articles/11620285112217-How-are-my-trading-fees-calculated-based-on-the-VIP-level-setup,
2026-09-21T07:20:27Z,Coins.ph,offramp,taker,VIP4,10000000.0,PHP,0.1,https://support.coins.ph/hc/en-us/articles/11620285112217-How-are-my-trading-fees-calculated-based-on-the-VIP-level-setup,
2026-09-21T07:20:27Z,Coins.ph,offramp,maker,VIP5,100000000.0,PHP,0.05,https://support.coins.ph/hc/en-us/articles/11620285112217-How-are-my-trading-fees-calculated-based-on-the-VIP-level-setup,
2026-09-21T07:20:27Z,Coins.ph,offramp,taker,VIP5,100000000.0,PHP,0.09,https://support.coins.ph/hc/en-us/articles/11620285112217-How-are-my-trading-fees-calculated-based-on-the-VIP-level-setup,
2026-09-21T07:20:27Z,Coins.ph,offramp,maker,VIP6,500000000.0,PHP,0.05,https://support.coins.ph/hc/en-us/articles/11620285112217-How-are-my-trading-fees-calculated-based-on-the-VIP-level-setup,
2026-09-21T07:20:27Z,Coins.ph,offramp,taker,VIP6,500000000.0,PHP,0.08,https://support.coins.ph/hc/en-us/articles/11620285112217-How-are-my-trading-fees-calculated-based-on-the-VIP-level-setup,
2026-09-21T07:20:27Z,Coins.ph,offramp,maker,VIP7,1000000000.0,PHP,0.04,https://support.coins.ph/hc/en-us/articles/11620285112217-How-are-my-trading-fees-calculated-based-on-the-VIP-level-setup,
2026-09-21T07:20:27Z,Coins.ph,offramp,taker,VIP7,1000000000.0,PHP,0.07,https://support.coins.ph/hc/en-us/articles/11620285112217-How-are-my-trading-fees-calculated-based-on-the-VIP-level-setup,
2026-09-21T07:20:27Z,Coins.ph,offramp,maker,VIP8,2000000000.0,PHP,0.04,https://support.coins.ph/hc/en-us/articles/11620285112217-How-are-my-trading-fees-calculated-based-on-the-VIP-level-setup,
2026-09-21T07:20:27Z,Coins.ph,offramp,taker,VIP8,2000000000.0,PHP,0.06,https://support.coins.ph/hc/en-us/articles/11620285112217-How-are-my-trading-fees-calculated-based-on-the-VIP-level-setup,
2026-09-21T07:20:27Z,Coins.ph,offramp,maker,VIP9,5000000000.0,PHP,0.03,https://support.coins.ph/hc/en-us/articles/11620285112217-How-are-my-trading-fees-calculated-based-on-the-VIP-level-setup,
2026-09-21T07:20:27Z,Coins.ph,offramp,taker,VIP9,5000000000.0,PHP,0.05,https://support.coins.ph/hc/en-us/articles/11620285112217-How-are-my-trading-fees-calculated-based-on-the-VIP-level-setup,
2026-09-21T07:20:27Z,Bitso,offramp,maker,0,20000.0,MXN,0.6,https://api.bitso.com/v3/available_books/,
2026-09-21T07:20:27Z,Bitso,offramp,taker,0,20000.0,MXN,0.78,https://api.bitso.com/v3/available_books/,
2026-09-21T07:20:27Z,Bitso,offramp,maker,1,100000.0,MXN,0.59,https://api.bitso.com/v3/available_books/,
2026-09-21T07:20:27Z,Bitso,offramp,taker,1,100000.0,MXN,0.76,https://api.bitso.com/v3/available_books/,
2026-09-21T07:20:27Z,Bitso,offramp,maker,2,500000.0,MXN,0.57,https://api.bitso.com/v3/available_books/,
2026-09-21T07:20:27Z,Bitso,offramp,taker,2,500000.0,MXN,0.741,https://api.bitso.com/v3/available_books/,
2026-09-21T07:20:27Z,Bitso,offramp,maker,3,1000000.0,MXN,0.56,https://api.bitso.com/v3/available_books/,
2026-09-21T07:20:27Z,Bitso,offramp,taker,3,1000000.0,MXN,0.728,https://api.bitso.com/v3/available_books/,
2026-09-21T07:20:27Z,Bitso,offramp,maker,4,1500000.0,MXN,0.55,https://api.bitso.com/v3/available_books/,
2026-09-21T07:20:27Z,Bitso,offramp,taker,4,1500000.0,MXN,0.715,https://api.bitso.com/v3/available_books/,
2026-09-21T07:20:27Z,Bitso,offramp,maker,5,5000000.0,MXN,0.5,https://api.bitso.com/v3/available_books/,
2026-09-21T07:20:27Z,Bitso,offramp,taker,5,5000000.0,MXN,0.65,https://api.bitso.com/v3/available_books/,
2026-09-21T07:20:27Z,Bitso,offramp,maker,6,50000000.0,MXN,0.45,https://api.bitso.com/v3/available_books/,
2026-09-21T07:20:27Z,Bitso,offramp,taker,6,50000000.0,MXN,0.585,https://api.bitso.com/v3/available_books/,
2026-09-21T07:20:27Z,Bitso,offramp,maker,7,150000000.0,MXN,0.2,https://api.bitso.com/v3/available_books/,
2026-09-21T07:20:27Z,Bitso,offramp,taker,7,150000000.0,MXN,0.26,https://api.bitso.com/v3/available_books/,
2026-09-21T07:20:27Z,Bitso,offramp,maker,8,9999999999.0,MXN,0.1,https://api.bitso.com/v3/available_books/,
2026-09-21T07:20:27Z,Bitso,offramp,taker,8,9999999999.0,MXN,0.13,https://api.bitso.com/v3/available_books/,
