hour_utc,amount_sgd,stable_cost_pct,app_cost_pct,cheapest_app,stable_path,stable_cheaper
2026-08-11T13:00:00Z,5000,0.1595,-0.0777,Wise,USDT,false
2026-08-11T15:00:00Z,5000,0.1149,-0.1303,Wise,USDT,false
2026-08-11T17:00:00Z,5000,0.0914,-0.2074,Instarem,USDT,false
2026-08-11T18:00:00Z,5000,0.0914,-0.177,Wise,USDT,false
2026-08-11T19:00:00Z,5000,0.0758,-0.1998,Wise,USDT,false
2026-08-11T21:00:00Z,5000,0.1297,-0.2199,Wise,USDT,false
2026-08-11T22:00:00Z,5000,0.0992,-0.2067,Wise,USDT,false
2026-08-11T23:00:00Z,5000,0.085,-0.2159,Wise,USDT,false
2026-08-12T00:00:00Z,5000,0.0758,-0.2325,Wise,USDT,false
2026-08-12T02:00:00Z,5000,0.5294,0.342,Wise,USDT,false
2026-08-12T05:00:00Z,5000,0.7129,0.4655,Wise,USDT,false
2026-08-12T06:00:00Z,5000,0.749,0.4923,Instarem,USDT,false
2026-08-12T08:00:00Z,5000,0.8366,0.6046,Wise,USDT,false
2026-08-12T10:00:00Z,5000,0.7445,0.4684,Instarem,USDT,false
2026-08-12T12:00:00Z,5000,0.7453,0.4124,Instarem,USDT,false
2026-08-12T13:00:00Z,5000,0.7705,0.4472,Wise,USDT,false
2026-08-12T15:00:00Z,5000,0.7516,0.4557,Wise,USDT,false
2026-08-12T16:00:00Z,5000,0.7657,0.4942,Wise,USDT,false
2026-08-12T17:00:00Z,5000,0.7905,0.511,Wise,USDT,false
2026-08-12T18:00:00Z,5000,0.8067,0.5366,Wise,USDT,false
2026-08-12T19:00:00Z,5000,0.823,0.5191,Wise,USDT,false
2026-08-12T21:00:00Z,5000,0.8067,0.557,Wise,USDT,false
2026-08-12T22:00:00Z,5000,0.823,0.5218,Wise,USDT,false
2026-08-12T23:00:00Z,5000,0.8392,0.5256,Wise,USDT,false
2026-08-13T00:00:00Z,5000,0.8376,0.5639,Wise,USDT,false
2026-08-13T02:00:00Z,5000,0.8079,0.5247,Wise,USDT,false
2026-08-13T05:00:00Z,5000,0.8214,0.5216,Wise,USDT,false
2026-08-13T06:00:00Z,5000,0.557,0.2598,Instarem,USDT,false
2026-08-13T08:00:00Z,5000,0.6874,0.4025,Wise,USDT,false
2026-08-13T10:00:00Z,5000,0.6895,0.2891,Wise,USDT,false
2026-08-13T12:00:00Z,5000,0.7213,0.3078,Wise,USDT,false
2026-08-13T13:00:00Z,5000,0.688,0.2705,Wise,USDT,false
2026-08-13T15:00:00Z,5000,0.7518,0.309,Wise,USDT,false
2026-08-13T17:00:00Z,5000,0.626,0.2957,Wise,USDT,false
2026-08-13T18:00:00Z,5000,0.6175,0.3174,Wise,USDT,false
2026-08-13T19:00:00Z,5000,0.602,0.309,Wise,USDT,false
2026-08-13T21:00:00Z,5000,0.6664,0.2926,Wise,USDT,false
2026-08-13T22:00:00Z,5000,0.65,0.2938,Wise,USDT,false
2026-08-13T23:00:00Z,5000,0.6265,0.2658,Wise,USDT,false
2026-08-14T00:00:00Z,5000,0.6939,0.2828,Wise,USDT,false
2026-08-14T02:00:00Z,5000,0.7268,0.3724,Wise,USDT,false
2026-08-14T05:00:00Z,5000,0.6317,0.3427,Wise,USDT,false
2026-08-14T06:00:00Z,5000,0.5931,0.2841,Wise,USDT,false
2026-08-14T08:00:00Z,5000,0.656,0.1617,Wise,USDT,false
2026-08-14T10:00:00Z,5000,0.5533,0.2005,Wise,USDT,false
2026-08-14T11:00:00Z,5000,0.5857,0.2315,Wise,USDT,false
2026-08-14T13:00:00Z,5000,0.6172,0.2081,Instarem,USDT,false
2026-08-14T15:00:00Z,5000,0.6127,0.1459,Wise,USDT,false
2026-08-14T16:00:00Z,5000,0.5254,0.1453,Wise,USDT,false
2026-08-14T17:00:00Z,5000,0.5306,0.1226,Wise,USDT,false
2026-08-14T18:00:00Z,5000,0.5468,0.1781,Wise,USDT,false
2026-08-14T19:00:00Z,5000,0.539,0.128,Wise,USDT,false
2026-08-14T20:00:00Z,5000,0.5942,0.1378,Wise,USDT,false
2026-08-14T21:00:00Z,5000,0.6105,0.134,Wise,USDT,false
2026-08-14T22:00:00Z,5000,0.6268,0.134,Wise,USDT,false
2026-08-14T23:00:00Z,5000,0.6571,0.134,Wise,USDT,false
2026-08-15T01:00:00Z,5000,1.0005,0.4467,Wise,USDT,false
2026-08-15T03:00:00Z,5000,0.9805,0.4467,Wise,USDT,false
2026-08-15T04:00:00Z,5000,0.9644,0.4467,Wise,USDT,false
2026-08-15T05:00:00Z,5000,0.9969,0.4467,Wise,USDT,false
2026-08-15T06:00:00Z,5000,1.003,0.4467,Wise,USDT,false
2026-08-15T07:00:00Z,5000,1.0068,0.4467,Wise,USDT,false
2026-08-15T08:00:00Z,5000,0.9497,0.4467,Wise,USDT,false
2026-08-15T09:00:00Z,5000,0.9117,0.4467,Wise,USDT,false
2026-08-15T10:00:00Z,5000,0.9108,0.4467,Wise,USDT,false
2026-08-15T11:00:00Z,5000,0.9178,0.4467,Wise,USDT,false
2026-08-15T13:00:00Z,5000,0.9216,0.4467,Wise,USDT,false
2026-08-15T14:00:00Z,5000,0.9116,0.4467,Wise,USDT,false
2026-08-15T15:00:00Z,5000,0.91,0.4467,Wise,USDT,false
2026-08-15T16:00:00Z,5000,0.9092,0.4467,Wise,USDT,false
2026-08-15T17:00:00Z,5000,0.8976,0.4467,Wise,USDT,false
2026-08-15T18:00:00Z,5000,0.8945,0.4467,Wise,USDT,false
2026-08-15T19:00:00Z,5000,0.8914,0.4467,Wise,USDT,false
2026-08-15T20:00:00Z,5000,0.8914,0.4467,Wise,USDT,false
2026-08-15T21:00:00Z,5000,0.8868,0.4467,Wise,USDT,false
2026-08-15T22:00:00Z,5000,0.8868,0.4467,Wise,USDT,false
2026-08-15T23:00:00Z,5000,0.8868,0.4467,Wise,USDT,false
2026-08-16T01:00:00Z,5000,0.8525,0.4122,Wise,USDT,false
2026-08-16T03:00:00Z,5000,0.8517,0.4122,Wise,USDT,false
2026-08-16T08:00:00Z,5000,0.8355,0.4122,Wise,USDT,false
2026-08-16T09:00:00Z,5000,0.8355,0.4122,Wise,USDT,false
2026-08-16T10:00:00Z,5000,0.8355,0.4122,Wise,USDT,false
2026-08-16T11:00:00Z,5000,0.8355,0.4122,Wise,USDT,false
2026-08-16T13:00:00Z,5000,0.8355,0.4122,Wise,USDT,false
2026-08-16T14:00:00Z,5000,0.8372,0.4122,Wise,USDT,false
2026-08-16T15:00:00Z,5000,0.8349,0.4122,Wise,USDT,false
2026-08-16T16:00:00Z,5000,0.8349,0.4122,Wise,USDT,false
2026-08-16T17:00:00Z,5000,0.8349,0.4122,Wise,USDT,false
2026-08-16T18:00:00Z,5000,0.8503,0.4122,Wise,USDT,false
2026-08-16T19:00:00Z,5000,0.783,0.4122,Wise,USDT,false
2026-08-16T20:00:00Z,5000,0.762,0.4723,Wise,USDT,false
2026-08-16T21:00:00Z,5000,0.7465,0.4507,Wise,USDT,false
2026-08-16T22:00:00Z,5000,0.7465,0.4134,Wise,USDT,false
2026-08-16T23:00:00Z,5000,0.7642,0.4418,Wise,USDT,false
2026-08-17T01:00:00Z,5000,0.6374,0.1261,Instarem,USDT,false
2026-08-17T03:00:00Z,5000,0.6335,0.2438,Wise,USDT,false
2026-08-17T04:00:00Z,5000,0.6862,0.2405,Wise,USDT,false
2026-08-17T05:00:00Z,5000,0.6636,0.2202,Wise,USDT,false
2026-08-17T07:00:00Z,5000,0.6031,0.1977,Wise,USDT,false
2026-08-17T09:00:00Z,5000,0.6173,0.214,Wise,USDT,false
2026-08-17T10:00:00Z,5000,0.5771,0.2327,Wise,USDT,false
2026-08-17T11:00:00Z,5000,0.5448,0.2211,Wise,USDT,false
2026-08-17T13:00:00Z,5000,0.5759,0.2124,Wise,USDT,false
2026-08-17T14:00:00Z,5000,0.5681,0.2312,Wise,USDT,false
2026-08-17T15:00:00Z,5000,0.5358,0.2382,Wise,USDT,false
2026-08-17T16:00:00Z,5000,0.5508,0.2163,Wise,USDT,false
2026-08-17T17:00:00Z,5000,0.5106,0.238,Wise,USDT,false
2026-08-17T18:00:00Z,5000,0.6392,0.2753,Wise,USDT,false
2026-08-17T19:00:00Z,5000,0.6392,0.2486,Wise,USDT,false
2026-08-17T20:00:00Z,5000,0.6392,0.2656,Wise,USDT,false
2026-08-17T21:00:00Z,5000,0.6392,0.1672,Wise,USDT,false
2026-08-17T22:00:00Z,5000,0.6376,0.1179,Wise,USDT,false
2026-08-17T23:00:00Z,5000,0.6328,0.2287,Wise,USDT,false
2026-08-18T01:00:00Z,5000,0.6377,0.3741,Wise,USDT,false
2026-08-18T03:00:00Z,5000,0.6,0.3324,Wise,USDT,false
2026-08-18T04:00:00Z,5000,0.5599,0.2874,Wise,USDT,false
2026-08-18T05:00:00Z,5000,0.5521,0.2876,Wise,USDT,false
2026-08-18T07:00:00Z,5000,0.518,0.2252,Wise,USDT,false
2026-08-18T08:00:00Z,5000,0.4158,0.1183,Wise,USDT,false
2026-08-18T09:00:00Z,5000,0.4146,0.0851,Wise,USDT,false
2026-08-18T10:00:00Z,5000,0.4302,0.1012,Wise,USDT,false
2026-08-18T11:00:00Z,5000,0.4458,0.1175,Wise,USDT,false
2026-08-18T12:00:00Z,5000,0.4302,0.1266,Wise,USDT,false
2026-08-18T13:00:00Z,5000,0.4703,0.1322,Wise,USDT,false
2026-08-18T14:00:00Z,5000,0.4077,0.0223,Wise,USDT,false
2026-08-18T15:00:00Z,5000,0.4354,0.0816,Wise,USDT,false
2026-08-18T16:00:00Z,5000,0.4531,0.0745,Wise,USDT,false
2026-08-18T17:00:00Z,5000,0.5115,0.1113,Wise,USDT,false
2026-08-18T18:00:00Z,5000,0.5102,0.0977,Wise,USDT,false
2026-08-18T19:00:00Z,5000,0.5254,0.1223,Wise,USDT,false
2026-08-18T20:00:00Z,5000,0.5304,0.1578,Wise,USDT,false
2026-08-18T21:00:00Z,5000,0.5608,0.1111,Wise,USDT,false
2026-08-18T22:00:00Z,5000,0.5149,0.1318,Wise,USDT,false
2026-08-18T23:00:00Z,5000,0.5071,0.1231,Wise,USDT,false
2026-08-19T01:00:00Z,5000,0.7268,0.3811,Wise,USDT,false
2026-08-19T03:00:00Z,5000,0.6859,0.2927,Instarem,USDT,false
2026-08-19T04:00:00Z,5000,0.7361,0.37,Wise,USDT,false
2026-08-19T05:00:00Z,5000,0.7496,0.3197,Wise,USDT,false
2026-08-19T07:00:00Z,5000,0.7518,0.3646,Wise,USDT,false
2026-08-19T08:00:00Z,5000,0.6496,0.2868,Wise,USDT,false
2026-08-19T09:00:00Z,5000,0.6018,0.2619,Wise,USDT,false
2026-08-19T10:00:00Z,5000,0.7261,0.2506,Wise,USDT,false
2026-08-19T11:00:00Z,5000,0.8253,0.2936,Wise,USDT,false
2026-08-19T12:00:00Z,5000,0.825,0.2757,Wise,USDT,false
2026-08-19T13:00:00Z,5000,0.5323,0.0449,Wise,USDT,false
2026-08-19T14:00:00Z,5000,0.5442,0.0492,Wise,USDT,false
2026-08-19T15:00:00Z,5000,0.3589,-0.027,Wise,USDT,false
2026-08-19T16:00:00Z,5000,0.3913,-0.0368,Wise,USDT,false
2026-08-19T17:00:00Z,5000,0.4765,-0.0062,Wise,USDT,false
2026-08-19T18:00:00Z,5000,0.4984,0.028,Wise,USDT,false
2026-08-19T19:00:00Z,5000,0.4583,-0.0984,Instarem,USDT,false
2026-08-19T20:00:00Z,5000,0.4496,-0.0603,Wise,USDT,false
2026-08-19T21:00:00Z,5000,0.3981,-0.0438,Wise,USDT,false
2026-08-19T22:00:00Z,5000,0.3667,-0.063,Wise,USDT,false
2026-08-19T23:00:00Z,5000,0.3951,-0.0362,Wise,USDT,false
2026-08-20T00:00:00Z,5000,0.4226,-0.0599,Wise,USDT,false
2026-08-20T01:00:00Z,5000,1.002,0.6166,Wise,USDT,false
2026-08-20T03:00:00Z,5000,1.0217,0.6431,Wise,USDT,false
2026-08-20T04:00:00Z,5000,1.071,0.6548,Wise,USDT,false
2026-08-20T05:00:00Z,5000,1.0159,0.6451,Wise,USDT,false
2026-08-20T07:00:00Z,5000,0.8812,0.6095,Wise,USDT,false
2026-08-20T08:00:00Z,5000,0.7833,0.4589,Wise,USDT,false
2026-08-20T09:00:00Z,5000,0.7533,0.4035,Wise,USDT,false
2026-08-20T10:00:00Z,5000,0.8024,0.4132,Wise,USDT,false
2026-08-20T11:00:00Z,5000,0.7353,0.4296,Wise,USDT,false
2026-08-20T12:00:00Z,5000,0.7332,0.4269,Wise,USDT,false
2026-08-20T13:00:00Z,5000,0.7802,0.4269,Wise,USDT,false
2026-08-20T14:00:00Z,5000,0.7874,0.4677,Wise,USDT,false
2026-08-20T15:00:00Z,5000,1.1196,0.5364,Wise,USDT,false
2026-08-20T16:00:00Z,5000,0.8776,0.5071,Wise,USDT,false
2026-08-20T17:00:00Z,5000,0.8893,0.5208,Wise,USDT,false
2026-08-20T18:00:00Z,5000,0.9127,0.5412,Wise,USDT,false
2026-08-20T19:00:00Z,5000,0.8893,0.4692,Wise,USDT,false
2026-08-20T20:00:00Z,5000,0.9315,0.5176,Wise,USDT,false
2026-08-20T21:00:00Z,5000,0.9041,0.4156,Wise,USDT,false
2026-08-20T22:00:00Z,5000,0.8425,0.4281,Wise,USDT,false
2026-08-20T23:00:00Z,5000,0.804,0.4794,Wise,USDT,false
2026-08-21T00:00:00Z,5000,0.9432,0.4246,Wise,USDT,false
2026-08-21T01:00:00Z,5000,0.6463,0.3377,Wise,USDT,false
2026-08-21T03:00:00Z,5000,0.7071,0.3325,Wise,USDT,false
2026-08-21T04:00:00Z,5000,0.6147,0.3313,Wise,USDT,false
2026-08-21T05:00:00Z,5000,0.6585,0.3165,Wise,USDT,false
2026-08-21T06:00:00Z,5000,0.6436,0.3231,Wise,USDT,false
2026-08-21T07:00:00Z,5000,0.6197,0.2935,Wise,USDT,false
2026-08-21T08:00:00Z,5000,0.6445,0.2679,Wise,USDT,false
2026-08-21T09:00:00Z,5000,0.6354,0.1626,Wise,USDT,false
2026-08-21T10:00:00Z,5000,0.6924,0.2334,Wise,USDT,false
2026-08-21T11:00:00Z,5000,0.7556,0.2568,Wise,USDT,false
2026-08-21T12:00:00Z,5000,0.736,0.2416,Wise,USDT,false
2026-08-21T13:00:00Z,5000,0.6878,0.2738,Wise,USDT,false
2026-08-21T14:00:00Z,5000,0.6668,0.2944,Wise,USDT,false
2026-08-21T15:00:00Z,5000,0.6564,0.2445,Wise,USDT,false
2026-08-21T16:00:00Z,5000,0.553,0.2328,Wise,USDT,false
2026-08-21T17:00:00Z,5000,0.6279,0.2743,Instarem,USDT,false
2026-08-21T18:00:00Z,5000,0.6367,0.2205,Wise,USDT,false
2026-08-21T19:00:00Z,5000,0.6602,0.2632,Wise,USDT,false
2026-08-21T20:00:00Z,5000,0.6188,0.2199,Wise,USDT,false
2026-08-21T21:00:00Z,5000,0.6667,0.2601,Wise,USDT,false
2026-08-21T22:00:00Z,5000,0.6576,0.2601,Wise,USDT,false
2026-08-21T23:00:00Z,5000,0.6576,0.2601,Wise,USDT,false
2026-08-22T00:00:00Z,5000,0.6584,0.2601,Wise,USDT,false
2026-08-22T01:00:00Z,5000,0.9146,0.4698,Wise,USDT,false
2026-08-22T03:00:00Z,5000,0.8385,0.4698,Wise,USDT,false
2026-08-22T04:00:00Z,5000,0.935,0.4698,Wise,USDT,false
2026-08-22T05:00:00Z,5000,0.9436,0.4698,Wise,USDT,false
2026-08-22T06:00:00Z,5000,0.9077,0.4698,Wise,USDT,false
2026-08-22T07:00:00Z,5000,0.8916,0.4698,Wise,USDT,false
2026-08-22T08:00:00Z,5000,0.9387,0.4698,Wise,USDT,false
2026-08-22T09:00:00Z,5000,0.9307,0.4698,Wise,USDT,false
2026-08-22T10:00:00Z,5000,0.9307,0.4698,Wise,USDT,false
2026-08-22T11:00:00Z,5000,0.9636,0.4698,Wise,USDT,false
2026-08-22T13:00:00Z,5000,0.9475,0.4698,Wise,USDT,false
2026-08-22T14:00:00Z,5000,1.0153,0.4698,Wise,USDT,false
2026-08-22T15:00:00Z,5000,0.9907,0.4698,Wise,USDT,false
2026-08-22T16:00:00Z,5000,0.9538,0.4698,Wise,USDT,false
2026-08-22T17:00:00Z,5000,0.9538,0.4698,Wise,USDT,false
2026-08-22T18:00:00Z,5000,0.9407,0.4698,Wise,USDT,false
2026-08-22T19:00:00Z,5000,0.9484,0.4698,Wise,USDT,false
2026-08-22T20:00:00Z,5000,0.9473,0.4698,Wise,USDT,false
2026-08-22T21:00:00Z,5000,0.9381,0.4698,Wise,USDT,false
2026-08-22T22:00:00Z,5000,0.8255,0.4698,Wise,USDT,false
2026-08-22T23:00:00Z,5000,0.9472,0.4698,Wise,USDT,false
2026-08-23T02:00:00Z,5000,0.9217,0.4382,Wise,USDT,false
2026-08-23T03:00:00Z,5000,0.9154,0.4382,Wise,USDT,false
2026-08-23T04:00:00Z,5000,0.9154,0.4382,Wise,USDT,false
2026-08-23T05:00:00Z,5000,0.7789,0.4382,Wise,USDT,false
2026-08-23T06:00:00Z,5000,0.7868,0.4382,Wise,USDT,false
2026-08-23T07:00:00Z,5000,0.7836,0.4382,Wise,USDT,false
2026-08-23T08:00:00Z,5000,0.7836,0.4382,Wise,USDT,false
2026-08-23T09:00:00Z,5000,0.8454,0.4382,Wise,USDT,false
2026-08-23T10:00:00Z,5000,0.8454,0.4382,Wise,USDT,false
2026-08-23T11:00:00Z,5000,0.7972,0.4382,Wise,USDT,false
2026-08-23T13:00:00Z,5000,0.7346,0.4382,Wise,USDT,false
2026-08-23T14:00:00Z,5000,0.8456,0.4382,Wise,USDT,false
2026-08-23T15:00:00Z,5000,0.7768,0.4382,Wise,USDT,false
2026-08-23T16:00:00Z,5000,0.8636,0.4382,Wise,USDT,false
2026-08-23T17:00:00Z,5000,0.8737,0.4382,Wise,USDT,false
2026-08-23T18:00:00Z,5000,0.8066,0.4382,Wise,USDT,false
2026-08-23T19:00:00Z,5000,0.8066,0.4382,Wise,USDT,false
2026-08-23T20:00:00Z,5000,0.8066,0.4223,Wise,USDT,false
2026-08-23T21:00:00Z,5000,0.8066,0.427,Wise,USDT,false
2026-08-23T22:00:00Z,5000,0.8519,0.4196,Wise,USDT,false
2026-08-23T23:00:00Z,5000,0.8632,0.4434,Wise,USDT,false
2026-08-24T01:00:00Z,5000,0.7911,0.3219,Wise,USDT,false
2026-08-24T03:00:00Z,5000,0.7027,0.3399,Wise,USDT,false
2026-08-24T04:00:00Z,5000,0.6649,0.354,Wise,USDT,false
2026-08-24T05:00:00Z,5000,0.7089,0.3788,Wise,USDT,false
2026-08-24T06:00:00Z,5000,0.8813,0.395,Wise,USDT,false
2026-08-24T07:00:00Z,5000,0.8219,0.4655,Wise,USDT,false
2026-08-24T08:00:00Z,5000,0.837,0.4641,Wise,USDT,false
2026-08-24T09:00:00Z,5000,0.8453,0.4844,Wise,USDT,false
2026-08-24T10:00:00Z,5000,0.8938,0.4938,Wise,USDT,false
2026-08-24T11:00:00Z,5000,0.9247,0.5055,Wise,USDT,false
2026-08-24T12:00:00Z,5000,0.9184,0.4542,Wise,USDT,false
2026-08-24T13:00:00Z,5000,0.8379,0.4124,Wise,USDT,false
2026-08-24T14:00:00Z,5000,0.8538,0.4508,Wise,USDT,false
2026-08-24T15:00:00Z,5000,0.9089,0.4612,Wise,USDT,false
2026-08-24T16:00:00Z,5000,0.9279,0.446,Wise,USDT,false
2026-08-24T17:00:00Z,5000,0.9788,0.4829,Wise,USDT,false
2026-08-24T19:00:00Z,5000,0.918,0.4577,Wise,USDT,false
2026-08-24T20:00:00Z,5000,0.9243,0.4626,Wise,USDT,false
2026-08-24T21:00:00Z,5000,0.9458,0.4508,Wise,USDT,false
2026-08-24T22:00:00Z,5000,0.9091,0.4835,Wise,USDT,false
2026-08-24T23:00:00Z,5000,0.9091,0.4292,Wise,USDT,false
2026-08-25T01:00:00Z,5000,0.9145,0.4595,Wise,USDT,false
2026-08-25T03:00:00Z,5000,0.9124,0.4569,Wise,USDT,false
2026-08-25T04:00:00Z,5000,0.9406,0.53,Wise,USDT,false
2026-08-25T05:00:00Z,5000,0.8747,0.5749,Wise,USDT,false
2026-08-25T07:00:00Z,5000,0.8343,0.5099,Wise,USDT,false
2026-08-25T08:00:00Z,5000,0.9197,0.5027,Wise,USDT,false
2026-08-25T09:00:00Z,5000,0.9128,0.4696,Wise,USDT,false
2026-08-25T10:00:00Z,5000,0.9614,0.5144,Wise,USDT,false
2026-08-25T11:00:00Z,5000,0.9149,0.4796,Wise,USDT,false
2026-08-25T12:00:00Z,5000,0.8955,0.4612,Wise,USDT,false
2026-08-25T13:00:00Z,5000,0.9185,0.4243,Wise,USDT,false
2026-08-25T14:00:00Z,5000,0.8738,0.473,Wise,USDT,false
2026-08-25T15:00:00Z,5000,0.826,0.4454,Wise,USDT,false
2026-08-25T16:00:00Z,5000,0.9086,0.4245,Wise,USDT,false
2026-08-25T17:00:00Z,5000,0.9125,0.413,Wise,USDT,false
2026-08-25T18:00:00Z,5000,0.789,0.4132,Wise,USDT,false
2026-08-25T19:00:00Z,5000,0.8034,0.3987,Wise,USDT,false
2026-08-25T20:00:00Z,5000,0.8034,0.3968,Wise,USDT,false
2026-08-25T21:00:00Z,5000,0.7867,0.4984,Wise,USDT,false
2026-08-25T22:00:00Z,5000,0.8986,0.5003,Wise,USDT,false
2026-08-25T23:00:00Z,5000,0.9764,0.4358,Wise,USDT,false
2026-08-26T00:00:00Z,5000,0.997,0.4089,Wise,USDT,false
2026-08-26T01:00:00Z,5000,0.9988,0.5618,Wise,USDT,false
2026-08-26T03:00:00Z,5000,1.0544,0.6673,Wise,USDT,false
2026-08-26T04:00:00Z,5000,1.0057,0.6228,Wise,USDT,false
2026-08-26T05:00:00Z,5000,1.0213,0.622,Wise,USDT,false
2026-08-26T06:00:00Z,5000,0.9891,0.6085,Wise,USDT,false
2026-08-26T07:00:00Z,5000,0.8839,0.4902,Wise,USDT,false
2026-08-26T08:00:00Z,5000,0.9102,0.4929,Wise,USDT,false
2026-08-26T09:00:00Z,5000,0.8926,0.5138,Wise,USDT,false
2026-08-26T10:00:00Z,5000,0.9877,0.5044,Wise,USDT,false
2026-08-26T11:00:00Z,5000,0.9973,0.5068,Wise,USDT,false
2026-08-26T13:00:00Z,5000,0.9051,0.5974,Wise,USDT,false
2026-08-26T14:00:00Z,5000,0.9765,0.6329,Wise,USDT,false
2026-08-26T16:00:00Z,5000,0.9772,0.6247,Wise,USDT,false
2026-08-26T17:00:00Z,5000,0.8537,0.6116,Wise,USDT,false
2026-08-26T19:00:00Z,5000,0.899,0.6183,Wise,USDT,false
2026-08-26T22:00:00Z,5000,0.899,0.614,Wise,USDT,false
2026-08-27T04:00:00Z,5000,0.6769,0.2495,Wise,USDT,false
2026-08-27T15:00:00Z,5000,0.41,0.0781,Wise,USDT,false
2026-08-28T00:00:00Z,5000,0.9042,0.4401,Wise,USDT,false
2026-08-28T12:00:00Z,5000,0.3985,-0.0579,Wise,USDT,false
2026-08-28T22:00:00Z,5000,0.6759,0.1246,Wise,USDT,false
2026-08-29T03:00:00Z,5000,1.2044,0.6404,Wise,USDT,false
2026-08-29T11:00:00Z,5000,1.0758,0.6404,Wise,USDT,false
2026-08-29T15:00:00Z,5000,0.924,0.6404,Wise,USDT,false
2026-08-29T18:00:00Z,5000,0.8986,0.6404,Wise,USDT,false
2026-08-29T21:00:00Z,5000,0.8988,0.6404,Wise,USDT,false
2026-08-29T23:00:00Z,5000,0.8988,0.6404,Wise,USDT,false
2026-08-30T01:00:00Z,5000,0.9732,0.6672,Wise,USDT,false
2026-08-30T07:00:00Z,5000,1.0396,0.6672,Wise,USDT,false
2026-08-30T13:00:00Z,5000,0.9574,0.6672,Wise,USDT,false
2026-08-30T17:00:00Z,5000,1.0352,0.6672,Wise,USDT,false
2026-08-30T20:00:00Z,5000,1.0475,0.606,Wise,USDT,false
2026-08-30T22:00:00Z,5000,1.0126,0.644,Wise,USDT,false
2026-08-31T00:00:00Z,5000,0.8301,0.5855,Wise,USDT,false
2026-08-31T07:00:00Z,5000,0.5112,0.1993,Wise,USDT,false
2026-08-31T15:00:00Z,5000,0.5445,0.2672,Wise,USDT,false
2026-08-31T20:00:00Z,5000,0.5683,0.1726,Wise,USDT,false
2026-09-01T00:00:00Z,5000,0.7711,0.4712,Wise,USDT,false
2026-09-01T05:00:00Z,5000,0.8143,0.4379,Wise,USDT,false
2026-09-01T10:00:00Z,5000,0.9816,0.5067,Wise,USDT,false
2026-09-01T15:00:00Z,5000,0.9218,0.4764,Wise,USDT,false
2026-09-01T18:00:00Z,5000,1.1382,0.4568,Wise,USDT,false
2026-09-01T21:00:00Z,5000,1.0319,0.4268,Wise,USDT,false
2026-09-01T23:00:00Z,5000,1.0498,0.5038,Wise,USDT,false
2026-09-02T01:00:00Z,5000,0.7919,0.3276,Wise,USDT,false
2026-09-02T06:00:00Z,5000,0.6816,0.2787,Wise,USDT,false
2026-09-02T09:00:00Z,5000,0.6095,0.2875,Wise,USDT,false
2026-09-02T10:00:00Z,5000,0.5934,0.325,Wise,USDT,false
2026-09-02T11:00:00Z,5000,0.6019,0.3558,Wise,USDT,false
2026-09-02T14:00:00Z,5000,0.5496,0.2719,Wise,USDT,false
2026-09-02T15:00:00Z,5000,0.6001,0.1901,Wise,USDT,false
2026-09-02T16:00:00Z,5000,0.5801,0.2343,Wise,USDT,false
2026-09-02T17:00:00Z,5000,0.6674,0.2609,Wise,USDT,false
2026-09-02T18:00:00Z,5000,0.612,0.2364,Wise,USDT,false
2026-09-02T19:00:00Z,5000,0.611,0.2668,Wise,USDT,false
2026-09-02T20:00:00Z,5000,0.5961,0.2082,Wise,USDT,false
2026-09-02T21:00:00Z,5000,0.4824,0.1573,Wise,USDT,false
2026-09-02T22:00:00Z,5000,0.5244,0.1402,Wise,USDT,false
2026-09-02T23:00:00Z,5000,0.5247,0.1643,Wise,USDT,false
2026-09-03T00:00:00Z,5000,0.5535,0.1674,Wise,USDT,false
2026-09-03T01:00:00Z,5000,0.7981,0.4123,Wise,USDT,false
2026-09-03T02:00:00Z,5000,0.8053,0.4253,Wise,USDT,false
2026-09-03T03:00:00Z,5000,0.7753,0.3753,Wise,USDT,false
2026-09-03T04:00:00Z,5000,0.7675,0.3629,Wise,USDT,false
2026-09-03T05:00:00Z,5000,0.8845,0.408,Wise,USDT,false
2026-09-03T06:00:00Z,5000,0.7523,0.3904,Wise,USDT,false
2026-09-03T07:00:00Z,5000,0.9381,0.4281,Wise,USDT,false
2026-09-03T08:00:00Z,5000,0.7853,0.2622,Instarem,USDT,false
2026-09-03T09:00:00Z,5000,0.6579,0.2522,Wise,USDT,false
2026-09-03T10:00:00Z,5000,0.7114,0.2318,Wise,USDT,false
2026-09-03T11:00:00Z,5000,0.7129,0.2109,Wise,USDT,false
2026-09-03T12:00:00Z,5000,0.6585,0.185,Wise,USDT,false
2026-09-03T13:00:00Z,5000,0.6121,0.1395,Wise,USDT,false
2026-09-03T14:00:00Z,5000,0.5955,0.1312,Wise,USDT,false
2026-09-03T15:00:00Z,5000,0.7716,0.1458,Wise,USDT,false
2026-09-03T16:00:00Z,5000,0.6849,0.1518,Wise,USDT,false
2026-09-03T17:00:00Z,5000,0.7327,0.1093,Wise,USDT,false
2026-09-03T18:00:00Z,5000,0.7021,0.1547,Wise,USDT,false
2026-09-03T19:00:00Z,5000,0.64,0.1189,Instarem,USDT,false
2026-09-03T20:00:00Z,5000,0.6719,0.1759,Wise,USDT,false
2026-09-03T21:00:00Z,5000,0.7075,0.2239,Wise,USDT,false
2026-09-03T22:00:00Z,5000,0.6463,0.1919,Wise,USDT,false
2026-09-03T23:00:00Z,5000,0.6259,0.1832,Wise,USDT,false
2026-09-04T00:00:00Z,5000,0.5879,0.1338,Wise,USDT,false
2026-09-04T01:00:00Z,5000,0.949,0.4888,Wise,USDT,false
2026-09-04T02:00:00Z,5000,1.0478,0.5932,Wise,USDT,false
2026-09-04T03:00:00Z,5000,1.0148,0.6103,Wise,USDT,false
2026-09-04T04:00:00Z,5000,1.0141,0.5859,Wise,USDT,false
2026-09-04T05:00:00Z,5000,0.9574,0.5968,Wise,USDT,false
2026-09-04T06:00:00Z,5000,0.9095,0.5458,Wise,USDT,false
2026-09-04T07:00:00Z,5000,0.6331,0.2925,Wise,USDT,false
2026-09-04T08:00:00Z,5000,0.5687,0.1075,Instarem,USDT,false
2026-09-04T09:00:00Z,5000,0.617,0.2321,Wise,USDT,false
2026-09-04T10:00:00Z,5000,0.5646,0.1861,Wise,USDT,false
2026-09-04T11:00:00Z,5000,0.5386,0.1736,Wise,USDT,false
2026-09-04T12:00:00Z,5000,0.5704,0.2002,Wise,USDT,false
2026-09-04T13:00:00Z,5000,0.6099,0.212,Wise,USDT,false
2026-09-04T14:00:00Z,5000,0.7528,0.2717,Wise,USDT,false
2026-09-04T15:00:00Z,5000,0.6659,0.2786,Wise,USDT,false
2026-09-04T16:00:00Z,5000,0.6978,0.2031,Wise,USDT,false
2026-09-04T17:00:00Z,5000,0.7282,0.2434,Wise,USDT,false
2026-09-04T18:00:00Z,5000,0.7177,0.2559,Wise,USDT,false
2026-09-04T19:00:00Z,5000,0.7114,0.2416,Wise,USDT,false
2026-09-04T20:00:00Z,5000,0.6869,0.2041,Wise,USDT,false
2026-09-04T21:00:00Z,5000,0.6562,0.2005,Wise,USDT,false
2026-09-04T22:00:00Z,5000,0.8471,0.2005,Wise,USDT,false
2026-09-04T23:00:00Z,5000,0.84,0.2005,Wise,USDT,false
2026-09-05T00:00:00Z,5000,0.8189,0.2005,Wise,USDT,false
2026-09-05T01:00:00Z,5000,1.0777,0.4937,Wise,USDT,false
2026-09-05T02:00:00Z,5000,1.0956,0.4937,Wise,USDT,false
2026-09-05T03:00:00Z,5000,1.0779,0.4937,Wise,USDT,false
2026-09-05T04:00:00Z,5000,1.1976,0.4937,Wise,USDT,false
2026-09-05T05:00:00Z,5000,1.0642,0.4937,Wise,USDT,false
2026-09-05T06:00:00Z,5000,1.0619,0.4937,Wise,USDT,false
2026-09-05T07:00:00Z,5000,0.9973,0.4937,Wise,USDT,false
2026-09-05T08:00:00Z,5000,0.9839,0.4937,Wise,USDT,false
2026-09-05T09:00:00Z,5000,1.0028,0.4937,Wise,USDT,false
2026-09-05T10:00:00Z,5000,0.9895,0.4937,Wise,USDT,false
2026-09-05T11:00:00Z,5000,0.9887,0.4937,Wise,USDT,false
2026-09-05T12:00:00Z,5000,0.9794,0.4937,Wise,USDT,false
2026-09-05T13:00:00Z,5000,0.9612,0.4937,Wise,USDT,false
2026-09-05T14:00:00Z,5000,0.9314,0.4937,Wise,USDT,false
2026-09-05T15:00:00Z,5000,0.9456,0.4937,Wise,USDT,false
2026-09-05T16:00:00Z,5000,0.9456,0.4937,Wise,USDT,false
2026-09-05T17:00:00Z,5000,0.9542,0.4937,Wise,USDT,false
2026-09-05T18:00:00Z,5000,1.0504,0.4937,Wise,USDT,false
2026-09-05T19:00:00Z,5000,1.0504,0.4937,Wise,USDT,false
2026-09-05T20:00:00Z,5000,1.0512,0.4937,Wise,USDT,false
2026-09-05T21:00:00Z,5000,1.0504,0.4937,Wise,USDT,false
2026-09-05T22:00:00Z,5000,1.0286,0.4937,Wise,USDT,false
2026-09-05T23:00:00Z,5000,1.0239,0.4937,Wise,USDT,false
2026-09-06T00:00:00Z,5000,0.9575,0.4937,Wise,USDT,false
2026-09-06T01:00:00Z,5000,0.8852,0.466,Wise,USDT,false
2026-09-06T02:00:00Z,5000,1.0899,0.466,Wise,USDT,false
2026-09-06T03:00:00Z,5000,1.0985,0.466,Wise,USDT,false
2026-09-06T04:00:00Z,5000,1.1063,0.466,Wise,USDT,false
2026-09-06T05:00:00Z,5000,1.0704,0.466,Wise,USDT,false
2026-09-06T06:00:00Z,5000,1.0546,0.466,Wise,USDT,false
2026-09-06T07:00:00Z,5000,1.0375,0.466,Wise,USDT,false
2026-09-06T08:00:00Z,5000,1.0205,0.466,Wise,USDT,false
2026-09-06T09:00:00Z,5000,1.008,0.466,Wise,USDT,false
2026-09-06T10:00:00Z,5000,0.9823,0.466,Wise,USDT,false
2026-09-06T11:00:00Z,5000,0.9823,0.466,Wise,USDT,false
2026-09-06T12:00:00Z,5000,0.9823,0.466,Wise,USDT,false
2026-09-06T13:00:00Z,5000,0.9135,0.466,Wise,USDT,false
2026-09-06T14:00:00Z,5000,0.9168,0.466,Wise,USDT,false
2026-09-06T15:00:00Z,5000,0.9596,0.466,Wise,USDT,false
2026-09-06T16:00:00Z,5000,0.9901,0.466,Wise,USDT,false
2026-09-06T17:00:00Z,5000,0.9448,0.466,Wise,USDT,false
2026-09-06T18:00:00Z,5000,0.9559,0.466,Wise,USDT,false
2026-09-06T19:00:00Z,5000,0.9458,0.466,Wise,USDT,false
2026-09-06T20:00:00Z,5000,0.9458,0.4125,Wise,USDT,false
2026-09-06T21:00:00Z,5000,0.9348,0.4137,Wise,USDT,false
2026-09-06T22:00:00Z,5000,0.9329,0.489,Wise,USDT,false
2026-09-06T23:00:00Z,5000,0.9453,0.4711,Wise,USDT,false
2026-09-07T00:00:00Z,5000,0.9323,0.4665,Wise,USDT,false
2026-09-07T01:00:00Z,5000,1.0422,0.5049,Wise,USDT,false
2026-09-07T02:00:00Z,5000,0.931,0.3488,Instarem,USDT,false
2026-09-07T03:00:00Z,5000,0.8807,0.3981,Wise,USDT,false
2026-09-07T04:00:00Z,5000,0.931,0.406,Wise,USDT,false
2026-09-07T05:00:00Z,5000,0.915,0.3831,Wise,USDT,false
2026-09-07T06:00:00Z,5000,0.8632,0.3302,Wise,USDT,false
2026-09-07T07:00:00Z,5000,0.9165,0.4673,Wise,USDT,false
2026-09-07T08:00:00Z,5000,0.8936,0.5504,Wise,USDT,false
2026-09-07T09:00:00Z,5000,0.7991,0.5027,Wise,USDT,false
2026-09-07T10:00:00Z,5000,0.8621,0.5776,Wise,USDT,false
2026-09-07T11:00:00Z,5000,0.8145,0.4798,Wise,USDT,false
2026-09-07T12:00:00Z,5000,0.8315,0.5017,Wise,USDT,false
2026-09-07T13:00:00Z,5000,0.9343,0.4937,Wise,USDT,false
2026-09-07T14:00:00Z,5000,0.8067,0.4631,Wise,USDT,false
2026-09-07T15:00:00Z,5000,0.7911,0.4504,Wise,USDT,false
2026-09-07T16:00:00Z,5000,0.7284,0.4277,Wise,USDT,false
2026-09-07T17:00:00Z,5000,0.8302,0.4714,Wise,USDT,false
2026-09-07T18:00:00Z,5000,0.8855,0.5005,Wise,USDT,false
2026-09-07T19:00:00Z,5000,0.909,0.4319,Wise,USDT,false
2026-09-07T20:00:00Z,5000,0.909,0.4748,Wise,USDT,false
2026-09-07T21:00:00Z,5000,0.9542,0.4506,Wise,USDT,false
2026-09-07T22:00:00Z,5000,0.9457,0.4223,Wise,USDT,false
2026-09-07T23:00:00Z,5000,0.9011,0.4551,Wise,USDT,false
2026-09-08T00:00:00Z,5000,0.964,0.4712,Wise,USDT,false
2026-09-08T01:00:00Z,5000,0.9096,0.5264,Wise,USDT,false
2026-09-08T02:00:00Z,5000,0.9972,0.5565,Instarem,USDT,false
2026-09-08T03:00:00Z,5000,1.0123,0.5533,Wise,USDT,false
2026-09-08T04:00:00Z,5000,1.0758,0.6078,Wise,USDT,false
2026-09-08T05:00:00Z,5000,1.0803,0.5941,Wise,USDT,false
2026-09-08T06:00:00Z,5000,0.9888,0.5081,Wise,USDT,false
2026-09-08T07:00:00Z,5000,1.0293,0.449,Wise,USDT,false
2026-09-08T08:00:00Z,5000,1.0279,0.4968,Wise,USDT,false
2026-09-08T09:00:00Z,5000,0.9245,0.4731,Wise,USDT,false
2026-09-08T10:00:00Z,5000,0.9399,0.5304,Wise,USDT,false
2026-09-08T11:00:00Z,5000,0.9803,0.5328,Wise,USDT,false
2026-09-08T12:00:00Z,5000,1.1576,0.6625,Wise,USDT,false
2026-09-08T13:00:00Z,5000,1.0607,0.6521,Wise,USDT,false
2026-09-08T14:00:00Z,5000,1.2116,0.6913,Wise,USDT,false
2026-09-08T15:00:00Z,5000,1.1812,0.7644,Western Union,USDT,false
2026-09-08T16:00:00Z,5000,1.1654,0.7535,Western Union,USDT,false
2026-09-08T17:00:00Z,5000,1.2027,0.7116,Wise,USDT,false
2026-09-08T18:00:00Z,5000,1.2185,0.6713,Western Union,USDT,false
2026-09-08T19:00:00Z,5000,1.2917,0.6625,Wise,USDT,false
2026-09-08T20:00:00Z,5000,1.2334,0.5817,Western Union,USDT,false
2026-09-08T21:00:00Z,5000,1.2966,0.6926,Western Union,USDT,false
2026-09-08T22:00:00Z,5000,1.2412,0.7017,Wise,USDT,false
2026-09-08T23:00:00Z,5000,1.2221,0.6523,Wise,USDT,false
2026-09-09T00:00:00Z,5000,1.1395,0.6357,Instarem,USDT,false
2026-09-09T01:00:00Z,5000,0.8686,0.4619,Wise,USDT,false
2026-09-09T02:00:00Z,5000,0.8808,0.3881,Instarem,USDT,false
2026-09-09T03:00:00Z,5000,0.954,0.5314,Wise,USDT,false
2026-09-09T04:00:00Z,5000,0.9213,0.5078,Wise,USDT,false
2026-09-09T05:00:00Z,5000,0.9057,0.4732,Wise,USDT,false
2026-09-09T06:00:00Z,5000,0.9314,0.4456,Wise,USDT,false
2026-09-09T07:00:00Z,5000,0.8819,0.4386,Wise,USDT,false
2026-09-09T08:00:00Z,5000,0.8428,0.3878,Wise,USDT,false
2026-09-09T09:00:00Z,5000,0.8896,0.4406,Wise,USDT,false
2026-09-09T10:00:00Z,5000,0.8893,0.4448,Wise,USDT,false
2026-09-09T11:00:00Z,5000,0.9256,0.4186,Wise,USDT,false
2026-09-09T12:00:00Z,5000,0.837,0.3799,Wise,USDT,false
2026-09-09T13:00:00Z,5000,0.7404,0.3687,Wise,USDT,false
2026-09-09T14:00:00Z,5000,0.7805,0.3566,Wise,USDT,false
2026-09-09T15:00:00Z,5000,0.954,0.5221,Wise,USDT,false
2026-09-09T16:00:00Z,5000,0.8849,0.4273,Wise,USDT,false
2026-09-09T17:00:00Z,5000,0.9311,0.4545,Wise,USDT,false
2026-09-09T18:00:00Z,5000,0.9699,0.4919,Wise,USDT,false
2026-09-09T19:00:00Z,5000,1.0278,0.5276,Wise,USDT,false
2026-09-09T20:00:00Z,5000,0.9139,0.4706,Wise,USDT,false
2026-09-09T21:00:00Z,5000,1.0063,0.473,Wise,USDT,false
2026-09-09T22:00:00Z,5000,0.9294,0.4724,Wise,USDT,false
2026-09-09T23:00:00Z,5000,0.8191,0.3598,Wise,USDT,false
2026-09-10T00:00:00Z,5000,0.8346,0.366,Wise,USDT,false
2026-09-10T01:00:00Z,5000,0.8548,0.416,Wise,USDT,false
2026-09-10T02:00:00Z,5000,0.8517,0.3578,Wise,USDT,false
2026-09-10T03:00:00Z,5000,0.8146,0.3792,Wise,USDT,false
2026-09-10T04:00:00Z,5000,0.8074,0.3987,Wise,USDT,false
2026-09-10T05:00:00Z,5000,0.8891,0.3995,Wise,USDT,false
2026-09-10T06:00:00Z,5000,0.8736,0.389,Wise,USDT,false
2026-09-10T07:00:00Z,5000,0.8625,0.4043,Wise,USDT,false
2026-09-10T08:00:00Z,5000,0.8637,0.3759,Instarem,USDT,false
2026-09-10T09:00:00Z,5000,0.8459,0.3349,Wise,USDT,false
2026-09-10T10:00:00Z,5000,0.8693,0.1755,Airwallex,USDT,false
2026-09-10T11:00:00Z,5000,0.9574,0.2111,Airwallex,USDT,false
2026-09-10T12:00:00Z,5000,1.0783,0.2818,Airwallex,USDT,false
2026-09-10T13:00:00Z,5000,1.0852,0.3229,Airwallex,USDT,false
2026-09-10T14:00:00Z,5000,1.0429,0.2684,Airwallex,USDT,false
2026-09-10T15:00:00Z,5000,0.9941,0.2602,Airwallex,USDT,false
2026-09-10T16:00:00Z,5000,0.9673,0.2487,Airwallex,USDT,false
2026-09-10T17:00:00Z,5000,0.9818,0.2811,Airwallex,USDT,false
2026-09-10T18:00:00Z,5000,0.963,0.2955,Airwallex,USDT,false
2026-09-10T19:00:00Z,5000,1.0776,0.3361,Airwallex,USDT,false
2026-09-10T20:00:00Z,5000,1.0955,0.3571,Airwallex,USDT,false
2026-09-10T21:00:00Z,5000,1.109,0.432,Airwallex,USDT,false
2026-09-10T22:00:00Z,5000,1.0801,0.3814,Airwallex,USDT,false
2026-09-10T23:00:00Z,5000,1.1035,0.391,Airwallex,USDT,false
2026-09-11T00:00:00Z,5000,0.9474,0.3575,Airwallex,USDT,false
2026-09-11T01:00:00Z,5000,0.7338,0.1826,Airwallex,USDT,false
2026-09-11T02:00:00Z,5000,0.7778,0.1556,Airwallex,USDT,false
2026-09-11T03:00:00Z,5000,0.7806,0.1862,Airwallex,USDT,false
2026-09-11T04:00:00Z,5000,0.9044,0.1815,Airwallex,USDT,false
2026-09-11T05:00:00Z,5000,0.724,0.1794,Airwallex,USDT,false
2026-09-11T06:00:00Z,5000,0.6857,0.183,Airwallex,USDT,false
2026-09-11T07:00:00Z,5000,0.7516,0.1699,Airwallex,USDT,false
2026-09-11T08:00:00Z,5000,0.7178,0.1618,Airwallex,USDT,false
2026-09-11T09:00:00Z,5000,0.7843,0.2156,Airwallex,USDT,false
2026-09-11T10:00:00Z,5000,0.7737,0.2023,Airwallex,USDT,false
2026-09-11T11:00:00Z,5000,0.8353,0.2451,Airwallex,USDT,false
2026-09-11T12:00:00Z,5000,0.9153,0.2709,Airwallex,USDT,false
2026-09-11T13:00:00Z,5000,0.8359,0.2803,Airwallex,USDT,false
2026-09-11T14:00:00Z,5000,0.7896,0.2777,Airwallex,USDT,false
2026-09-11T15:00:00Z,5000,0.8591,0.289,Airwallex,USDT,false
2026-09-11T16:00:00Z,5000,0.8841,0.212,Airwallex,USDT,false
2026-09-11T17:00:00Z,5000,0.9233,0.2944,Airwallex,USDT,false
2026-09-11T18:00:00Z,5000,0.884,0.2759,Airwallex,USDT,false
2026-09-11T19:00:00Z,5000,0.9074,0.31,Airwallex,USDT,false
2026-09-11T20:00:00Z,5000,0.9074,0.1346,Airwallex,USDT,false
2026-09-11T21:00:00Z,5000,1.0403,0.3949,Airwallex,USDT,false
2026-09-11T22:00:00Z,5000,1.0328,0.3949,Airwallex,USDT,false
2026-09-11T23:00:00Z,5000,1.0403,0.3949,Airwallex,USDT,false
2026-09-12T00:00:00Z,5000,0.931,0.3949,Airwallex,USDT,false
2026-09-12T01:00:00Z,5000,0.9341,0.4321,Airwallex,USDT,false
2026-09-12T02:00:00Z,5000,1.2393,0.4321,Airwallex,USDT,false
2026-09-12T03:00:00Z,5000,1.2393,0.4321,Airwallex,USDT,false
2026-09-12T04:00:00Z,5000,1.2078,0.4321,Airwallex,USDT,false
2026-09-12T05:00:00Z,5000,1.1762,0.4321,Airwallex,USDT,false
2026-09-12T06:00:00Z,5000,1.0999,0.4321,Airwallex,USDT,false
2026-09-12T07:00:00Z,5000,1.1605,0.4321,Airwallex,USDT,false
2026-09-12T08:00:00Z,5000,1.192,0.4321,Airwallex,USDT,false
2026-09-12T09:00:00Z,5000,1.192,0.4321,Airwallex,USDT,false
2026-09-12T10:00:00Z,5000,0.9886,0.4321,Airwallex,USDT,false
2026-09-12T11:00:00Z,5000,0.9715,0.4321,Airwallex,USDT,false
2026-09-12T12:00:00Z,5000,0.9557,0.4321,Airwallex,USDT,false
2026-09-12T13:00:00Z,5000,0.9557,0.4321,Airwallex,USDT,false
2026-09-12T14:00:00Z,5000,0.9524,0.4321,Airwallex,USDT,false
2026-09-12T15:00:00Z,5000,0.976,0.4321,Airwallex,USDT,false
2026-09-12T16:00:00Z,5000,0.9752,0.4321,Airwallex,USDT,false
2026-09-12T17:00:00Z,5000,0.9877,0.4321,Airwallex,USDT,false
2026-09-12T18:00:00Z,5000,0.9877,0.4321,Airwallex,USDT,false
2026-09-12T19:00:00Z,5000,0.9877,0.4321,Airwallex,USDT,false
2026-09-12T20:00:00Z,5000,0.9877,0.4321,Airwallex,USDT,false
2026-09-12T21:00:00Z,5000,1.0009,0.4321,Airwallex,USDT,false
2026-09-12T22:00:00Z,5000,1.0002,0.4321,Airwallex,USDT,false
2026-09-12T23:00:00Z,5000,1.0002,0.4321,Airwallex,USDT,false
2026-09-13T00:00:00Z,5000,1.016,0.4321,Airwallex,USDT,false
2026-09-13T01:00:00Z,5000,0.9881,0.404,Airwallex,USDT,false
2026-09-13T02:00:00Z,5000,0.9881,0.404,Airwallex,USDT,false
2026-09-13T03:00:00Z,5000,0.9596,0.404,Airwallex,USDT,false
2026-09-13T04:00:00Z,5000,1.0276,0.404,Airwallex,USDT,false
2026-09-13T05:00:00Z,5000,1.0434,0.404,Airwallex,USDT,false
2026-09-14T02:00:00Z,5000,0.6661,0.0475,Airwallex,USDT,false
2026-09-14T03:00:00Z,5000,0.6743,0.052,Airwallex,USDT,false
2026-09-14T04:00:00Z,5000,0.6262,0.0505,Airwallex,USDT,false
2026-09-14T07:00:00Z,5000,0.8152,0.1367,Airwallex,USDT,false
2026-09-14T08:00:00Z,5000,0.8435,0.2046,Airwallex,USDT,false
2026-09-14T09:00:00Z,5000,0.731,0.1489,Airwallex,USDT,false
2026-09-14T10:00:00Z,5000,0.7906,0.1625,Airwallex,USDT,false
2026-09-14T11:00:00Z,5000,0.7969,0.1676,Airwallex,USDT,false
2026-09-14T12:00:00Z,5000,0.8277,0.16,Airwallex,USDT,false
2026-09-14T13:00:00Z,5000,0.962,0.2917,Airwallex,USDT,false
2026-09-14T14:00:00Z,5000,0.9572,0.2979,Airwallex,USDT,false
2026-09-14T15:00:00Z,5000,0.8952,0.1865,Airwallex,USDT,false
2026-09-14T16:00:00Z,5000,0.8304,0.2237,Airwallex,USDT,false
2026-09-14T17:00:00Z,5000,0.7756,0.2267,Airwallex,USDT,false
2026-09-14T18:00:00Z,5000,0.7911,0.1704,Airwallex,USDT,false
2026-09-14T19:00:00Z,5000,0.7676,0.1517,Airwallex,USDT,false
2026-09-14T20:00:00Z,5000,0.838,0.1674,Airwallex,USDT,false
2026-09-14T21:00:00Z,5000,0.9551,0.297,Wise,USDT,false
2026-09-14T22:00:00Z,5000,0.963,0.2543,Airwallex,USDT,false
2026-09-14T23:00:00Z,5000,0.8224,0.1347,Airwallex,USDT,false
2026-09-15T00:00:00Z,5000,0.8694,0.1633,Airwallex,USDT,false
2026-09-15T01:00:00Z,5000,0.8821,0.2621,Airwallex,USDT,false
2026-09-15T02:00:00Z,5000,1.0547,0.3875,Airwallex,USDT,false
2026-09-15T03:00:00Z,5000,1.0154,0.3661,Airwallex,USDT,false
2026-09-15T04:00:00Z,5000,0.9916,0.3512,Airwallex,USDT,false
2026-09-15T05:00:00Z,5000,0.9913,0.3599,Airwallex,USDT,false
2026-09-15T06:00:00Z,5000,1.0242,0.3866,Airwallex,USDT,false
2026-09-15T07:00:00Z,5000,1.0843,0.3751,Airwallex,USDT,false
2026-09-15T08:00:00Z,5000,1.0823,0.4408,Airwallex,USDT,false
2026-09-15T09:00:00Z,5000,1.0085,0.4356,Airwallex,USDT,false
2026-09-15T10:00:00Z,5000,1.08,0.4566,Airwallex,USDT,false
2026-09-15T11:00:00Z,5000,0.9761,0.4452,Airwallex,USDT,false
2026-09-15T12:00:00Z,5000,1.0233,0.4851,Airwallex,USDT,false
2026-09-15T13:00:00Z,5000,0.9922,0.4903,Airwallex,USDT,false
2026-09-15T14:00:00Z,5000,1.0467,0.5034,Airwallex,USDT,false
2026-09-15T15:00:00Z,5000,1.1482,0.5203,Airwallex,USDT,false
2026-09-15T16:00:00Z,5000,1.1091,0.5263,Airwallex,USDT,false
2026-09-15T17:00:00Z,5000,1.1251,0.4948,Airwallex,USDT,false
2026-09-15T18:00:00Z,5000,1.1564,0.5245,Airwallex,USDT,false
2026-09-15T19:00:00Z,5000,1.118,0.5034,Airwallex,USDT,false
2026-09-15T20:00:00Z,5000,1.1406,0.5175,Airwallex,USDT,false
2026-09-15T21:00:00Z,5000,1.1406,0.5334,Airwallex,USDT,false
2026-09-15T22:00:00Z,5000,1.1406,0.5279,Airwallex,USDT,false
2026-09-15T23:00:00Z,5000,1.1181,0.5376,Airwallex,USDT,false
2026-09-16T00:00:00Z,5000,1.1173,0.5374,Airwallex,USDT,false
2026-09-16T01:00:00Z,5000,0.9218,0.3733,Airwallex,USDT,false
2026-09-16T02:00:00Z,5000,1.0047,0.4014,Airwallex,USDT,false
2026-09-16T03:00:00Z,5000,0.984,0.4285,Airwallex,USDT,false
2026-09-16T04:00:00Z,5000,1.0083,0.424,Airwallex,USDT,false
2026-09-16T05:00:00Z,5000,1.078,0.3962,Airwallex,USDT,false
2026-09-16T06:00:00Z,5000,1.0337,0.4171,Airwallex,USDT,false
2026-09-16T07:00:00Z,5000,1.0698,0.4599,Airwallex,USDT,false
2026-09-16T08:00:00Z,5000,1.0972,0.4092,Airwallex,USDT,false
2026-09-16T09:00:00Z,5000,0.9925,0.454,Airwallex,USDT,false
2026-09-16T10:00:00Z,5000,1.0411,0.4242,Airwallex,USDT,false
2026-09-16T11:00:00Z,5000,1.0789,0.4401,Airwallex,USDT,false
2026-09-16T12:00:00Z,5000,1.0175,0.4394,Airwallex,USDT,false
2026-09-16T13:00:00Z,5000,1.1799,0.4715,Airwallex,USDT,false
2026-09-16T14:00:00Z,5000,1.1799,0.4957,Airwallex,USDT,false
2026-09-16T15:00:00Z,5000,1.1176,0.4222,Airwallex,USDT,false
2026-09-16T16:00:00Z,5000,1.1003,0.5002,Airwallex,USDT,false
2026-09-16T17:00:00Z,5000,1.123,0.4858,Airwallex,USDT,false
2026-09-16T18:00:00Z,5000,1.1574,0.5314,Airwallex,USDT,false
2026-09-16T19:00:00Z,5000,1.3583,0.7232,Airwallex,USDT,false
2026-09-16T20:00:00Z,5000,1.4356,0.7529,Airwallex,USDT,false
2026-09-16T21:00:00Z,5000,1.3658,0.7899,Airwallex,USDT,false
2026-09-16T22:00:00Z,5000,1.4505,0.7899,Airwallex,USDT,false
2026-09-16T23:00:00Z,5000,1.4428,0.7899,Airwallex,USDT,false
2026-09-17T00:00:00Z,5000,1.3573,0.7445,Airwallex,USDT,false
2026-09-17T01:00:00Z,5000,1.0398,0.31,Airwallex,USDT,false
2026-09-17T02:00:00Z,5000,0.957,0.2942,Airwallex,USDT,false
2026-09-17T03:00:00Z,5000,0.9392,0.3587,Airwallex,USDT,false
2026-09-17T04:00:00Z,5000,0.8633,0.2882,Airwallex,USDT,false
2026-09-17T05:00:00Z,5000,0.7709,0.3051,Airwallex,USDT,false
2026-09-17T06:00:00Z,5000,0.7678,0.3,Airwallex,USDT,false
2026-09-17T07:00:00Z,5000,0.7132,0.2791,Airwallex,USDT,false
2026-09-17T08:00:00Z,5000,0.7839,0.289,Airwallex,USDT,false
2026-09-17T09:00:00Z,5000,0.7758,0.313,Airwallex,USDT,false
2026-09-17T10:00:00Z,5000,0.8308,0.3345,Airwallex,USDT,false
2026-09-17T11:00:00Z,5000,0.8311,0.3225,Airwallex,USDT,false
2026-09-17T12:00:00Z,5000,0.7525,0.3124,Airwallex,USDT,false
2026-09-17T13:00:00Z,5000,0.7687,0.3282,Airwallex,USDT,false
2026-09-17T14:00:00Z,5000,0.8233,0.2627,Airwallex,USDT,false
2026-09-17T15:00:00Z,5000,0.9587,0.3029,Airwallex,USDT,false
2026-09-17T16:00:00Z,5000,0.9323,0.3009,Airwallex,USDT,false
2026-09-17T17:00:00Z,5000,0.9683,0.2863,Airwallex,USDT,false
2026-09-17T18:00:00Z,5000,0.9448,0.2988,Airwallex,USDT,false
2026-09-17T19:00:00Z,5000,0.9387,0.2927,Airwallex,USDT,false
2026-09-17T20:00:00Z,5000,0.9444,0.3287,Airwallex,USDT,false
2026-09-17T21:00:00Z,5000,0.8856,0.3874,Airwallex,USDT,false
2026-09-17T22:00:00Z,5000,0.9781,0.3633,Airwallex,USDT,false
2026-09-17T23:00:00Z,5000,0.8926,0.3408,Airwallex,USDT,false
2026-09-18T00:00:00Z,5000,0.8303,0.3526,Airwallex,USDT,false
2026-09-18T01:00:00Z,5000,0.9393,0.3813,Airwallex,USDT,false
2026-09-18T02:00:00Z,5000,0.8911,0.4203,Airwallex,USDT,false
2026-09-18T03:00:00Z,5000,0.9082,0.3796,Airwallex,USDT,false
2026-09-18T04:00:00Z,5000,0.8218,0.3224,Airwallex,USDT,false
2026-09-18T05:00:00Z,5000,0.8607,0.3617,Airwallex,USDT,false
2026-09-18T06:00:00Z,5000,0.9823,0.3587,Airwallex,USDT,false
2026-09-18T07:00:00Z,5000,0.8535,0.3042,Airwallex,USDT,false
2026-09-18T08:00:00Z,5000,0.7657,0.2633,Airwallex,USDT,false
2026-09-18T09:00:00Z,5000,0.7831,0.2867,Airwallex,USDT,false
2026-09-18T10:00:00Z,5000,0.7618,0.2916,Airwallex,USDT,false
2026-09-18T11:00:00Z,5000,0.8099,0.3179,Airwallex,USDT,false
2026-09-18T12:00:00Z,5000,0.8919,0.3746,Airwallex,USDT,false
2026-09-18T13:00:00Z,5000,0.8821,0.3364,Airwallex,USDT,false
2026-09-18T14:00:00Z,5000,0.8182,0.2843,Airwallex,USDT,false
2026-09-18T15:00:00Z,5000,0.7397,0.2543,Airwallex,USDT,false
2026-09-18T16:00:00Z,5000,0.8005,0.1931,Airwallex,USDT,false
2026-09-18T17:00:00Z,5000,0.8229,0.1337,Airwallex,USDT,false
2026-09-18T18:00:00Z,5000,0.7409,0.12,Airwallex,USDT,false
2026-09-18T19:00:00Z,5000,0.7409,0.0842,Airwallex,USDT,false
2026-09-18T20:00:00Z,5000,0.6404,0.0822,Airwallex,USDT,false
2026-09-18T21:00:00Z,5000,0.8047,0.181,Wise,USDT,false
2026-09-18T22:00:00Z,5000,0.8355,0.181,Wise,USDT,false
2026-09-18T23:00:00Z,5000,0.8464,0.181,Wise,USDT,false
2026-09-19T00:00:00Z,5000,0.8464,0.181,Wise,USDT,false
2026-09-19T01:00:00Z,5000,0.8912,0.273,Wise,USDT,false
2026-09-19T02:00:00Z,5000,0.951,0.273,Wise,USDT,false
2026-09-19T03:00:00Z,5000,0.9551,0.273,Wise,USDT,false
2026-09-19T04:00:00Z,5000,0.9311,0.273,Wise,USDT,false
2026-09-19T05:00:00Z,5000,0.9311,0.273,Wise,USDT,false
2026-09-19T06:00:00Z,5000,0.8353,0.273,Wise,USDT,false
2026-09-19T07:00:00Z,5000,0.8306,0.273,Wise,USDT,false
2026-09-19T08:00:00Z,5000,0.8553,0.273,Wise,USDT,false
2026-09-19T09:00:00Z,5000,0.8537,0.273,Wise,USDT,false
2026-09-19T10:00:00Z,5000,0.8679,0.273,Wise,USDT,false
2026-09-19T11:00:00Z,5000,0.8527,0.273,Wise,USDT,false
2026-09-19T12:00:00Z,5000,0.8385,0.273,Wise,USDT,false
2026-09-19T13:00:00Z,5000,0.691,0.273,Wise,USDT,false
2026-09-19T14:00:00Z,5000,0.6594,0.273,Wise,USDT,false
2026-09-19T15:00:00Z,5000,0.6436,0.273,Wise,USDT,false
2026-09-19T16:00:00Z,5000,0.6436,0.273,Wise,USDT,false
2026-09-19T17:00:00Z,5000,0.6436,0.273,Wise,USDT,false
2026-09-19T18:00:00Z,5000,0.6436,0.273,Wise,USDT,false
2026-09-19T19:00:00Z,5000,0.6436,0.273,Wise,USDT,false
2026-09-19T20:00:00Z,5000,0.6436,0.273,Wise,USDT,false
2026-09-19T21:00:00Z,5000,0.8156,0.273,Wise,USDT,false
2026-09-19T22:00:00Z,5000,0.7651,0.273,Wise,USDT,false
2026-09-19T23:00:00Z,5000,0.6938,0.273,Wise,USDT,false
2026-09-20T00:00:00Z,5000,0.6845,0.273,Wise,USDT,false
2026-09-20T01:00:00Z,5000,0.6589,0.2043,Wise,USDT,false
2026-09-20T02:00:00Z,5000,0.7299,0.2043,Wise,USDT,false
2026-09-20T03:00:00Z,5000,0.7662,0.2043,Wise,USDT,false
2026-09-20T04:00:00Z,5000,0.5258,0.2043,Wise,USDT,false
2026-09-20T05:00:00Z,5000,0.5976,0.2043,Wise,USDT,false
2026-09-20T06:00:00Z,5000,0.5983,0.2043,Wise,USDT,false
2026-09-20T07:00:00Z,5000,0.5983,0.2043,Wise,USDT,false
2026-09-20T08:00:00Z,5000,0.5667,0.2043,Wise,USDT,false
2026-09-20T09:00:00Z,5000,0.5818,0.2043,Wise,USDT,false
2026-09-20T10:00:00Z,5000,0.5669,0.2043,Wise,USDT,false
2026-09-20T11:00:00Z,5000,0.5669,0.2043,Wise,USDT,false
2026-09-20T12:00:00Z,5000,0.5818,0.2043,Wise,USDT,false
2026-09-20T13:00:00Z,5000,0.581,0.2043,Wise,USDT,false
2026-09-20T14:00:00Z,5000,0.581,0.2043,Wise,USDT,false
2026-09-20T15:00:00Z,5000,0.5644,0.2043,Wise,USDT,false
2026-09-20T16:00:00Z,5000,0.5779,0.2043,Wise,USDT,false
2026-09-20T17:00:00Z,5000,0.4303,0.2043,Wise,USDT,false
2026-09-20T18:00:00Z,5000,0.5734,0.2043,Wise,USDT,false
2026-09-20T19:00:00Z,5000,0.5976,0.2043,Wise,USDT,false
2026-09-20T20:00:00Z,5000,0.5742,0.1772,Wise,USDT,false
2026-09-20T21:00:00Z,5000,0.5742,0.1725,Wise,USDT,false
2026-09-20T22:00:00Z,5000,0.5593,0.2047,Wise,USDT,false
2026-09-20T23:00:00Z,5000,0.4735,0.2071,Wise,USDT,false
2026-09-21T00:00:00Z,5000,0.5943,0.1357,Airwallex,USDT,false
2026-09-21T01:00:00Z,5000,0.7482,0.2956,Airwallex,USDT,false
2026-09-21T02:00:00Z,5000,0.9204,0.2629,Airwallex,USDT,false
2026-09-21T03:00:00Z,5000,0.8417,0.2621,Airwallex,USDT,false
2026-09-21T04:00:00Z,5000,0.8111,0.2232,Airwallex,USDT,false
2026-09-21T06:00:00Z,5000,0.8095,0.2495,Airwallex,USDT,false
2026-09-21T07:00:00Z,5000,0.7708,0.2352,Airwallex,USDT,false
2026-09-21T08:00:00Z,5000,0.7641,0.2256,Airwallex,USDT,false
2026-09-21T09:00:00Z,5000,0.7191,0.2687,Airwallex,USDT,false
2026-09-21T10:00:00Z,5000,0.7938,0.2303,Airwallex,USDT,false
2026-09-21T11:00:00Z,5000,0.7495,0.2332,Airwallex,USDT,false
2026-09-21T12:00:00Z,5000,0.6717,0.1774,Airwallex,USDT,false
2026-09-21T13:00:00Z,5000,0.7107,0.2223,Airwallex,USDT,false
2026-09-21T14:00:00Z,5000,0.7967,0.3135,Airwallex,USDT,false
2026-09-21T15:00:00Z,5000,0.8115,0.2992,Airwallex,USDT,false
2026-09-21T16:00:00Z,5000,0.9032,0.3592,Airwallex,USDT,false
2026-09-21T17:00:00Z,5000,1.0073,0.3669,Airwallex,USDT,false
2026-09-21T18:00:00Z,5000,0.9985,0.3916,Airwallex,USDT,false
2026-09-21T19:00:00Z,5000,0.9403,0.3581,Airwallex,USDT,false
2026-09-21T20:00:00Z,5000,0.9193,0.3631,Airwallex,USDT,false
2026-09-21T21:00:00Z,5000,0.9993,0.3629,Airwallex,USDT,false
2026-09-21T22:00:00Z,5000,0.9411,0.3629,Airwallex,USDT,false
2026-09-21T23:00:00Z,5000,0.9364,0.3629,Airwallex,USDT,false
2026-09-22T00:00:00Z,5000,0.875,0.3242,Airwallex,USDT,false
2026-09-22T01:00:00Z,5000,0.9493,0.3624,Airwallex,USDT,false
2026-09-22T02:00:00Z,5000,0.854,0.3656,Airwallex,USDT,false
2026-09-22T03:00:00Z,5000,0.9169,0.3785,Airwallex,USDT,false
2026-09-22T04:00:00Z,5000,0.9571,0.3808,Airwallex,USDT,false
2026-09-22T05:00:00Z,5000,0.9182,0.365,Airwallex,USDT,false
2026-09-22T06:00:00Z,5000,0.9493,0.3863,Airwallex,USDT,false
2026-09-22T07:00:00Z,5000,0.9804,0.4043,Airwallex,USDT,false
2026-09-22T08:00:00Z,5000,1.0606,0.3783,Airwallex,USDT,false
2026-09-22T09:00:00Z,5000,1.0506,0.4399,Airwallex,USDT,false
2026-09-22T10:00:00Z,5000,1.1644,0.5448,Airwallex,USDT,false
2026-09-22T11:00:00Z,5000,1.2094,0.5713,Airwallex,USDT,false
2026-09-22T12:00:00Z,5000,1.0222,0.4563,Airwallex,USDT,false
2026-09-22T13:00:00Z,5000,1.1192,0.5584,Airwallex,USDT,false
2026-09-22T14:00:00Z,5000,1.2457,0.6609,Airwallex,USDT,false
2026-09-22T15:00:00Z,5000,1.0961,0.5895,Western Union,USDT,false
2026-09-22T16:00:00Z,5000,1.2331,0.6764,Western Union,USDT,false
2026-09-22T17:00:00Z,5000,1.0991,0.5638,Western Union,USDT,false
2026-09-22T18:00:00Z,5000,1.0758,0.5307,Airwallex,USDT,false
2026-09-22T19:00:00Z,5000,1.068,0.5404,Airwallex,USDT,false
2026-09-22T20:00:00Z,5000,1.0299,0.5019,Airwallex,USDT,false
2026-09-22T21:00:00Z,5000,1.0649,0.5126,Airwallex,USDT,false
2026-09-22T22:00:00Z,5000,1.1069,0.5126,Airwallex,USDT,false
2026-09-22T23:00:00Z,5000,1.0999,0.5126,Airwallex,USDT,false
2026-09-23T00:00:00Z,5000,1.0746,0.518,Airwallex,USDT,false
2026-09-23T01:00:00Z,5000,0.7177,0.1469,Airwallex,USDT,false
2026-09-23T02:00:00Z,5000,0.6966,0.1803,Airwallex,USDT,false
2026-09-23T03:00:00Z,5000,0.7328,0.216,Airwallex,USDT,false
2026-09-23T04:00:00Z,5000,0.7115,0.1918,Airwallex,USDT,false
2026-09-23T05:00:00Z,5000,0.7552,0.2005,Airwallex,USDT,false
2026-09-23T06:00:00Z,5000,0.7109,0.1713,Airwallex,USDT,false
2026-09-23T07:00:00Z,5000,0.6859,0.1725,Airwallex,USDT,false
2026-09-23T08:00:00Z,5000,0.8276,0.2835,Airwallex,USDT,false
2026-09-23T09:00:00Z,5000,0.8756,0.3475,Airwallex,USDT,false
2026-09-23T10:00:00Z,5000,0.8837,0.3875,Airwallex,USDT,false
2026-09-23T11:00:00Z,5000,0.9787,0.4752,Airwallex,USDT,false
2026-09-23T12:00:00Z,5000,0.9154,0.465,Airwallex,USDT,false
2026-09-23T13:00:00Z,5000,0.8045,0.3973,Airwallex,USDT,false
2026-09-23T14:00:00Z,5000,0.735,0.3896,Airwallex,USDT,false
2026-09-23T15:00:00Z,5000,0.8331,0.4006,Airwallex,USDT,false
2026-09-23T16:00:00Z,5000,0.769,0.3765,Airwallex,USDT,false
2026-09-23T17:00:00Z,5000,0.7728,0.4137,Airwallex,USDT,false
2026-09-23T18:00:00Z,5000,0.8244,0.3545,Wise,USDT,false
2026-09-23T19:00:00Z,5000,0.8244,0.3514,Wise,USDT,false
2026-09-23T20:00:00Z,5000,0.8244,0.3661,Airwallex,USDT,false
2026-09-23T21:00:00Z,5000,0.8485,0.4019,Airwallex,USDT,false
2026-09-23T22:00:00Z,5000,0.8399,0.4019,Airwallex,USDT,false
2026-09-23T23:00:00Z,5000,0.8399,0.4019,Airwallex,USDT,false
2026-09-24T00:00:00Z,5000,0.8517,0.4002,Airwallex,USDT,false
2026-09-24T01:00:00Z,5000,0.7058,0.1894,Airwallex,USDT,false
2026-09-24T02:00:00Z,5000,0.7277,0.2415,Airwallex,USDT,false
2026-09-24T03:00:00Z,5000,0.7301,0.1658,Airwallex,USDT,false
2026-09-24T04:00:00Z,5000,0.7299,0.1922,Airwallex,USDT,false
2026-09-24T05:00:00Z,5000,0.7767,0.1299,Airwallex,USDT,false
2026-09-24T06:00:00Z,5000,0.7767,0.1138,Airwallex,USDT,false
2026-09-24T07:00:00Z,5000,0.7609,0.088,Airwallex,USDT,false
2026-09-24T08:00:00Z,5000,0.776,0.0719,Airwallex,USDT,false
2026-09-24T09:00:00Z,5000,0.7213,0.1426,Airwallex,USDT,false
2026-09-24T10:00:00Z,5000,0.7451,0.1987,Airwallex,USDT,false
2026-09-24T11:00:00Z,5000,0.7451,0.1697,Airwallex,USDT,false
2026-09-24T12:00:00Z,5000,0.8377,0.1972,Airwallex,USDT,false
2026-09-24T13:00:00Z,5000,0.9128,0.1862,Airwallex,USDT,false
2026-09-24T14:00:00Z,5000,0.8473,0.1657,Airwallex,USDT,false
2026-09-24T15:00:00Z,5000,0.871,0.2061,Airwallex,USDT,false
2026-09-24T16:00:00Z,5000,0.7715,0.1333,Airwallex,USDT,false
2026-09-24T17:00:00Z,5000,0.8008,0.1262,Airwallex,USDT,false
2026-09-24T18:00:00Z,5000,0.7899,0.2005,Airwallex,USDT,false
2026-09-24T19:00:00Z,5000,0.7567,0.1697,Airwallex,USDT,false
2026-09-24T20:00:00Z,5000,0.7884,0.1663,Airwallex,USDT,false
2026-09-24T21:00:00Z,5000,0.7884,0.1725,Airwallex,USDT,false
2026-09-24T22:00:00Z,5000,0.8235,0.1725,Airwallex,USDT,false
2026-09-24T23:00:00Z,5000,0.8226,0.1725,Airwallex,USDT,false
2026-09-25T00:00:00Z,5000,0.8543,0.185,Airwallex,USDT,false
2026-09-25T01:00:00Z,5000,0.9671,0.294,Airwallex,USDT,false
2026-09-25T02:00:00Z,5000,1.0274,0.3519,Airwallex,USDT,false
2026-09-25T03:00:00Z,5000,1.081,0.4016,Airwallex,USDT,false
2026-09-25T04:00:00Z,5000,1.1729,0.5086,Airwallex,USDT,false
2026-09-25T05:00:00Z,5000,1.1683,0.5403,Airwallex,USDT,false
2026-09-25T06:00:00Z,5000,1.122,0.4769,Airwallex,USDT,false
2026-09-25T07:00:00Z,5000,1.1944,0.5081,Airwallex,USDT,false
2026-09-25T08:00:00Z,5000,1.2838,0.5395,Airwallex,USDT,false
2026-09-25T09:00:00Z,5000,1.1873,0.55,Airwallex,USDT,false
2026-09-25T10:00:00Z,5000,1.1677,0.5616,Airwallex,USDT,false
2026-09-25T11:00:00Z,5000,1.0885,0.4829,Airwallex,USDT,false
2026-09-25T12:00:00Z,5000,1.1493,0.5036,Airwallex,USDT,false
2026-09-25T13:00:00Z,5000,1.1323,0.4892,Airwallex,USDT,false
2026-09-25T14:00:00Z,5000,1.2958,0.547,Airwallex,USDT,false
2026-09-25T15:00:00Z,5000,1.3586,0.5666,Airwallex,USDT,false
2026-09-25T16:00:00Z,5000,1.4556,0.5167,Airwallex,USDT,false
2026-09-25T17:00:00Z,5000,1.4714,0.6216,Airwallex,USDT,false
2026-09-25T18:00:00Z,5000,1.5188,0.6306,Airwallex,USDT,false
2026-09-25T19:00:00Z,5000,1.5188,0.5926,Airwallex,USDT,false
2026-09-25T20:00:00Z,5000,1.5195,0.634,Airwallex,USDT,false
2026-09-25T21:00:00Z,5000,1.5037,0.8562,Airwallex,USDT,false
2026-09-25T22:00:00Z,5000,1.5037,0.8562,Airwallex,USDT,false
2026-09-25T23:00:00Z,5000,1.5037,0.8562,Airwallex,USDT,false
2026-09-26T00:00:00Z,5000,1.5037,0.8562,Airwallex,USDT,false
2026-09-26T01:00:00Z,5000,1.1872,0.5216,Airwallex,USDT,false
2026-09-26T02:00:00Z,5000,1.1555,0.5216,Airwallex,USDT,false
2026-09-26T03:00:00Z,5000,1.1555,0.5216,Airwallex,USDT,false
2026-09-26T04:00:00Z,5000,1.1555,0.5216,Airwallex,USDT,false
2026-09-26T05:00:00Z,5000,1.0894,0.5216,Airwallex,USDT,false
2026-09-26T06:00:00Z,5000,1.106,0.5216,Airwallex,USDT,false
2026-09-26T07:00:00Z,5000,1.106,0.5216,Airwallex,USDT,false
2026-09-26T08:00:00Z,5000,1.0998,0.5216,Airwallex,USDT,false
2026-09-26T09:00:00Z,5000,1.0967,0.5216,Airwallex,USDT,false
2026-09-26T10:00:00Z,5000,1.0913,0.5216,Airwallex,USDT,false
2026-09-26T11:00:00Z,5000,1.0998,0.5216,Airwallex,USDT,false
2026-09-26T12:00:00Z,5000,1.106,0.5216,Airwallex,USDT,false
2026-09-26T13:00:00Z,5000,1.106,0.5216,Airwallex,USDT,false
2026-09-26T14:00:00Z,5000,1.0713,0.5216,Airwallex,USDT,false
2026-09-26T15:00:00Z,5000,1.0713,0.5216,Airwallex,USDT,false
2026-09-26T16:00:00Z,5000,1.0635,0.5216,Airwallex,USDT,false
2026-09-26T17:00:00Z,5000,1.0921,0.5216,Airwallex,USDT,false
2026-09-26T18:00:00Z,5000,1.0921,0.5216,Airwallex,USDT,false
2026-09-26T19:00:00Z,5000,1.0921,0.5216,Airwallex,USDT,false
2026-09-26T20:00:00Z,5000,1.0763,0.5216,Airwallex,USDT,false
2026-09-26T21:00:00Z,5000,1.0763,0.5216,Airwallex,USDT,false
2026-09-26T22:00:00Z,5000,1.0763,0.5216,Airwallex,USDT,false
2026-09-26T23:00:00Z,5000,1.0763,0.5216,Airwallex,USDT,false
2026-09-27T00:00:00Z,5000,1.0763,0.5216,Airwallex,USDT,false
2026-09-27T01:00:00Z,5000,1.0805,0.5259,Airwallex,USDT,false
2026-09-27T02:00:00Z,5000,1.0805,0.5259,Airwallex,USDT,false
2026-09-27T03:00:00Z,5000,1.0805,0.5259,Airwallex,USDT,false
2026-09-27T04:00:00Z,5000,1.0805,0.5259,Airwallex,USDT,false
2026-09-27T08:00:00Z,5000,0.9582,0.5259,Airwallex,USDT,false
2026-09-27T09:00:00Z,5000,1.0489,0.5259,Airwallex,USDT,false
2026-09-27T10:00:00Z,5000,1.0172,0.5259,Airwallex,USDT,false
2026-09-27T11:00:00Z,5000,0.9855,0.5259,Airwallex,USDT,false
2026-09-27T12:00:00Z,5000,1.0894,0.5259,Airwallex,USDT,false
2026-09-27T13:00:00Z,5000,1.14,0.5259,Airwallex,USDT,false
2026-09-27T14:00:00Z,5000,1.1242,0.5259,Airwallex,USDT,false
2026-09-27T15:00:00Z,5000,1.1741,0.5259,Airwallex,USDT,false
2026-09-27T16:00:00Z,5000,1.1721,0.5259,Airwallex,USDT,false
2026-09-27T17:00:00Z,5000,1.2448,0.5259,Airwallex,USDT,false
2026-09-27T18:00:00Z,5000,1.2533,0.5259,Airwallex,USDT,false
2026-09-27T19:00:00Z,5000,1.2463,0.5259,Airwallex,USDT,false
2026-09-27T20:00:00Z,5000,1.2394,0.5192,Wise,USDT,false
2026-09-27T21:00:00Z,5000,1.244,0.5281,Airwallex,USDT,false
2026-09-27T22:00:00Z,5000,1.2479,0.5281,Airwallex,USDT,false
2026-09-27T23:00:00Z,5000,1.3734,0.5281,Airwallex,USDT,false
2026-09-28T00:00:00Z,5000,1.4167,0.4101,Airwallex,USDT,false
2026-09-28T01:00:00Z,5000,1.2457,0.1868,Airwallex,USDT,false
2026-09-28T02:00:00Z,5000,1.2294,0.1371,Airwallex,USDT,false
2026-09-28T03:00:00Z,5000,1.2715,0.1036,Airwallex,USDT,false
2026-09-28T04:00:00Z,5000,1.1988,0.1098,Airwallex,USDT,false
2026-09-28T05:00:00Z,5000,1.1738,0.1848,Airwallex,USDT,false
2026-09-28T06:00:00Z,5000,1.1317,0.1898,Airwallex,USDT,false
2026-09-28T07:00:00Z,5000,1.085,0.1396,Airwallex,USDT,false
2026-09-28T08:00:00Z,5000,1.0534,0.0289,Airwallex,USDT,false
2026-09-28T09:00:00Z,5000,1.1406,0.1426,Airwallex,USDT,false
2026-09-28T10:00:00Z,5000,1.1506,0.0948,Airwallex,USDT,false
2026-09-28T11:00:00Z,5000,1.1664,0.0758,Airwallex,USDT,false
2026-09-28T12:00:00Z,5000,1.1452,0.0346,Airwallex,USDT,false
2026-09-28T13:00:00Z,5000,1.2026,0.147,Airwallex,USDT,false
2026-09-28T14:00:00Z,5000,1.2084,0.1549,Airwallex,USDT,false
2026-09-28T15:00:00Z,5000,1.0824,0.0952,Airwallex,USDT,false
2026-09-28T16:00:00Z,5000,1.1479,0.0469,Airwallex,USDT,false
2026-09-28T17:00:00Z,5000,1.1747,0.0331,Airwallex,USDT,false
2026-09-28T18:00:00Z,5000,1.0736,0.2893,Wise,USDT,false
2026-09-28T19:00:00Z,5000,1.0797,0.0534,Airwallex,USDT,false
2026-09-28T20:00:00Z,5000,1.1291,0.0606,Airwallex,USDT,false
2026-09-28T21:00:00Z,5000,1.1025,0.0524,Airwallex,USDT,false
2026-09-28T22:00:00Z,5000,1.072,0.0524,Airwallex,USDT,false
2026-09-28T23:00:00Z,5000,1.0766,0.0524,Airwallex,USDT,false
2026-09-29T00:00:00Z,5000,1.0901,0.081,Airwallex,USDT,false
2026-09-29T01:00:00Z,5000,1.2798,0.2488,Airwallex,USDT,false
2026-09-29T02:00:00Z,5000,1.4462,0.3614,Airwallex,USDT,false
2026-09-29T03:00:00Z,5000,1.3132,0.2867,Airwallex,USDT,false
2026-09-29T04:00:00Z,5000,1.3333,0.3107,Airwallex,USDT,false
2026-09-29T05:00:00Z,5000,1.3017,0.258,Airwallex,USDT,false
2026-09-29T06:00:00Z,5000,1.3463,0.2856,Airwallex,USDT,false
2026-09-29T07:00:00Z,5000,1.2661,0.1592,Airwallex,USDT,false
2026-09-29T08:00:00Z,5000,1.2831,0.1825,Airwallex,USDT,false
2026-09-29T09:00:00Z,5000,1.3366,0.2283,Airwallex,USDT,false
2026-09-29T10:00:00Z,5000,1.3015,0.2195,Airwallex,USDT,false
2026-09-29T11:00:00Z,5000,1.3292,0.1332,Airwallex,USDT,false
2026-09-29T12:00:00Z,5000,1.2516,0.0923,Airwallex,USDT,false
2026-09-29T13:00:00Z,5000,1.2689,0.1694,Airwallex,USDT,false
2026-09-29T14:00:00Z,5000,1.25,0.1334,Airwallex,USDT,false
2026-09-29T15:00:00Z,5000,1.1595,0.103,Airwallex,USDT,false
2026-09-29T16:00:00Z,5000,1.1868,0.0925,Airwallex,USDT,false
2026-09-29T17:00:00Z,5000,1.1641,0.1674,Airwallex,USDT,false
2026-09-29T18:00:00Z,5000,1.2545,0.1266,Airwallex,USDT,false
2026-09-29T19:00:00Z,5000,1.2807,0.0903,Airwallex,USDT,false
2026-09-29T20:00:00Z,5000,1.2119,0.2056,Airwallex,USDT,false
2026-09-29T21:00:00Z,5000,1.1992,0.1886,Airwallex,USDT,false
2026-09-29T22:00:00Z,5000,1.1194,0.1886,Airwallex,USDT,false
2026-09-29T23:00:00Z,5000,1.19,0.1886,Airwallex,USDT,false
2026-09-30T00:00:00Z,5000,1.1799,0.1243,Airwallex,USDT,false
2026-09-30T01:00:00Z,5000,1.3197,0.2037,Airwallex,USDT,false
2026-09-30T02:00:00Z,5000,1.2532,0.1771,Airwallex,USDT,false
2026-09-30T04:00:00Z,5000,1.3028,0.1229,Airwallex,USDT,false
2026-09-30T06:00:00Z,5000,1.3286,0.1358,Airwallex,USDT,false
2026-09-30T07:00:00Z,5000,1.175,0.0297,Airwallex,USDT,false
2026-09-30T08:00:00Z,5000,1.1153,0.212,Wise,USDT,false
2026-09-30T09:00:00Z,5000,1.1311,0.1876,Wise,USDT,false
2026-09-30T10:00:00Z,5000,1.1318,0.1901,Wise,USDT,false
2026-09-30T11:00:00Z,5000,1.1072,0.1836,Wise,USDT,false
2026-09-30T12:00:00Z,5000,1.0756,0.1582,Wise,USDT,false
2026-09-30T13:00:00Z,5000,1.1119,0.1018,Wise,USDT,false
2026-09-30T14:00:00Z,5000,1.0953,0.0711,Wise,USDT,false
2026-09-30T15:00:00Z,5000,1.0059,0.0882,Wise,USDT,false
2026-09-30T16:00:00Z,5000,1.0455,0.1972,Wise,USDT,false
2026-09-30T17:00:00Z,5000,1.1208,0.074,Wise,USDT,false
2026-09-30T18:00:00Z,5000,1.1085,0.0992,Wise,USDT,false
2026-09-30T19:00:00Z,5000,1.0699,0.0701,Wise,USDT,false
2026-09-30T20:00:00Z,5000,1.0857,0.0227,Wise,USDT,false
2026-09-30T21:00:00Z,5000,1.1173,0.0876,Airwallex,USDT,false
2026-09-30T22:00:00Z,5000,1.1173,0.0825,Wise,USDT,false
2026-09-30T23:00:00Z,5000,1.1127,0.0876,Airwallex,USDT,false
2026-10-01T00:00:00Z,5000,1.115,0.0803,Airwallex,USDT,false
2026-10-01T01:00:00Z,5000,1.4083,0.3167,Airwallex,USDT,false
2026-10-01T02:00:00Z,5000,1.3611,0.3419,Airwallex,USDT,false
2026-10-01T03:00:00Z,5000,1.2387,0.334,Airwallex,USDT,false
2026-10-01T04:00:00Z,5000,1.3611,0.3301,Airwallex,USDT,false
2026-10-01T05:00:00Z,5000,1.3453,0.3592,Airwallex,USDT,false
2026-10-01T06:00:00Z,5000,1.3296,0.3504,Airwallex,USDT,false
2026-10-01T07:00:00Z,5000,1.3453,0.3228,Airwallex,USDT,false
2026-10-01T08:00:00Z,5000,1.2037,0.2975,Airwallex,USDT,false
2026-10-01T09:00:00Z,5000,1.0778,0.256,Airwallex,USDT,false
2026-10-01T10:00:00Z,5000,1.319,0.2937,Airwallex,USDT,false
2026-10-01T11:00:00Z,5000,1.3941,0.3091,Airwallex,USDT,false
2026-10-01T12:00:00Z,5000,1.4255,0.266,Airwallex,USDT,false
2026-10-01T13:00:00Z,5000,1.3809,0.3699,Airwallex,USDT,false
2026-10-01T14:00:00Z,5000,1.3966,0.3706,Airwallex,USDT,false
2026-10-01T15:00:00Z,5000,1.435,0.4382,Airwallex,USDT,false
2026-10-01T16:00:00Z,5000,1.4036,0.3798,Airwallex,USDT,false
2026-10-01T17:00:00Z,5000,1.4603,0.3768,Airwallex,USDT,false
2026-10-01T18:00:00Z,5000,1.4446,0.459,Airwallex,USDT,false
2026-10-01T19:00:00Z,5000,1.4986,0.424,Airwallex,USDT,false
2026-10-01T20:00:00Z,5000,1.4986,0.3811,Airwallex,USDT,false
2026-10-01T21:00:00Z,5000,1.422,0.4391,Airwallex,USDT,false
2026-10-01T22:00:00Z,5000,1.4063,0.4391,Airwallex,USDT,false
2026-10-01T23:00:00Z,5000,1.4193,0.4391,Airwallex,USDT,false
2026-10-02T00:00:00Z,5000,1.2811,0.3087,Airwallex,USDT,false
2026-10-02T01:00:00Z,5000,1.3632,0.365,Airwallex,USDT,false
2026-10-02T02:00:00Z,5000,1.482,0.4261,Airwallex,USDT,false
2026-10-02T03:00:00Z,5000,1.5764,0.4954,Airwallex,USDT,false
2026-10-02T04:00:00Z,5000,1.5764,0.4325,Airwallex,USDT,false
2026-10-02T05:00:00Z,5000,1.5189,0.4467,Airwallex,USDT,false
2026-10-02T06:00:00Z,5000,1.5189,0.3987,Airwallex,USDT,false
2026-10-02T07:00:00Z,5000,1.5504,0.5028,Airwallex,USDT,false
2026-10-02T08:00:00Z,5000,1.6103,0.4426,Airwallex,USDT,false
2026-10-02T09:00:00Z,5000,1.5516,0.5031,Airwallex,USDT,false
2026-10-02T10:00:00Z,5000,1.4729,0.4799,Airwallex,USDT,false
2026-10-02T11:00:00Z,5000,1.4414,0.4763,Airwallex,USDT,false
2026-10-02T12:00:00Z,5000,1.5403,0.5111,Airwallex,USDT,false
2026-10-02T13:00:00Z,5000,1.56,0.4444,Airwallex,USDT,false
2026-10-02T14:00:00Z,5000,1.2489,0.4294,Airwallex,USDC:ArbitrumOne,false
2026-10-02T15:00:00Z,5000,1.2643,0.5003,Airwallex,USDC:ArbitrumOne,false
2026-10-02T16:00:00Z,5000,1.1864,0.4868,Airwallex,USDC:ArbitrumOne,false
2026-10-02T17:00:00Z,5000,1.125,0.5713,Airwallex,USDC:ArbitrumOne,false
2026-10-02T18:00:00Z,5000,1.1243,0.5608,Airwallex,USDC:ArbitrumOne,false
2026-10-02T19:00:00Z,5000,1.1922,0.5758,Airwallex,USDC:ArbitrumOne,false
2026-10-02T20:00:00Z,5000,1.1914,0.491,Airwallex,USDC:ArbitrumOne,false
2026-10-02T21:00:00Z,5000,1.0952,0.7751,Wise,USDC:ArbitrumOne,false
2026-10-02T22:00:00Z,5000,1.5304,0.7751,Wise,USDC:ArbitrumOne,false
2026-10-02T23:00:00Z,5000,1.4154,0.7751,Wise,USDC:ArbitrumOne,false
2026-10-03T00:00:00Z,5000,1.4269,0.7751,Wise,USDC:ArbitrumOne,false
2026-10-03T01:00:00Z,5000,1.0692,0.5107,Wise,USDC:ArbitrumOne,false
2026-10-03T02:00:00Z,5000,1.1165,0.5107,Wise,USDC:ArbitrumOne,false
2026-10-03T03:00:00Z,5000,1.2072,0.5107,Wise,USDC:ArbitrumOne,false
2026-10-03T04:00:00Z,5000,1.146,0.5107,Wise,USDC:ArbitrumOne,false
2026-10-03T05:00:00Z,5000,1.1807,0.5107,Wise,USDC:ArbitrumOne,false
2026-10-03T06:00:00Z,5000,1.2224,0.5107,Wise,USDC:ArbitrumOne,false
2026-10-03T07:00:00Z,5000,1.186,0.5107,Wise,USDC:ArbitrumOne,false
2026-10-03T08:00:00Z,5000,1.1467,0.5107,Wise,USDC:ArbitrumOne,false
2026-10-03T09:00:00Z,5000,0.9079,0.5107,Wise,USDC:ArbitrumOne,false
2026-10-03T10:00:00Z,5000,0.8847,0.5107,Wise,USDC:ArbitrumOne,false
2026-10-03T11:00:00Z,5000,0.8669,0.5107,Wise,USDC:ArbitrumOne,false
2026-10-03T12:00:00Z,5000,0.8653,0.5107,Wise,USDC:ArbitrumOne,false
2026-10-03T13:00:00Z,5000,0.8653,0.5107,Wise,USDC:ArbitrumOne,false
2026-10-03T14:00:00Z,5000,0.8646,0.5107,Wise,USDC:ArbitrumOne,false
2026-10-03T15:00:00Z,5000,0.8646,0.5107,Wise,USDC:ArbitrumOne,false
2026-10-03T16:00:00Z,5000,0.8646,0.5107,Wise,USDC:ArbitrumOne,false
2026-10-03T17:00:00Z,5000,0.9002,0.5107,Wise,USDC:ArbitrumOne,false
2026-10-03T18:00:00Z,5000,0.9002,0.5107,Wise,USDC:ArbitrumOne,false
2026-10-03T19:00:00Z,5000,0.9079,0.5107,Wise,USDC:ArbitrumOne,false
2026-10-03T20:00:00Z,5000,0.9079,0.5107,Wise,USDC:ArbitrumOne,false
2026-10-03T21:00:00Z,5000,0.9164,0.5107,Wise,USDC:ArbitrumOne,false
2026-10-03T22:00:00Z,5000,0.9164,0.5107,Wise,USDC:ArbitrumOne,false
2026-10-03T23:00:00Z,5000,1.2,0.5107,Wise,USDC:ArbitrumOne,false
2026-10-04T00:00:00Z,5000,1.2389,0.5107,Wise,USDC:ArbitrumOne,false
2026-10-04T01:00:00Z,5000,1.2381,0.5013,Wise,USDC:ArbitrumOne,false
2026-10-04T02:00:00Z,5000,1.2381,0.5013,Wise,USDC:ArbitrumOne,false
2026-10-04T03:00:00Z,5000,1.2596,0.5013,Wise,USDC:ArbitrumOne,false
2026-10-04T04:00:00Z,5000,1.2315,0.5013,Wise,USDC:ArbitrumOne,false
2026-10-04T05:00:00Z,5000,1.1971,0.5013,Wise,USDC:ArbitrumOne,false
2026-10-04T06:00:00Z,5000,1.1958,0.5013,Wise,USDC:ArbitrumOne,false
2026-10-04T07:00:00Z,5000,1.1958,0.5013,Wise,USDC:ArbitrumOne,false
2026-10-04T08:00:00Z,5000,1.2104,0.5013,Wise,USDC:ArbitrumOne,false
2026-10-04T09:00:00Z,5000,1.1927,0.5013,Wise,USDC:ArbitrumOne,false
2026-10-04T10:00:00Z,5000,1.2665,0.5013,Wise,USDC:ArbitrumOne,false
2026-10-04T11:00:00Z,5000,1.2235,0.5013,Wise,USDC:ArbitrumOne,false
2026-10-04T12:00:00Z,5000,1.1896,0.5013,Wise,USDC:ArbitrumOne,false
2026-10-04T13:00:00Z,5000,1.2043,0.5013,Wise,USDC:ArbitrumOne,false
2026-10-04T14:00:00Z,5000,1.1773,0.5013,Wise,USDC:ArbitrumOne,false
2026-10-04T15:00:00Z,5000,1.2665,0.5013,Wise,USDC:ArbitrumOne,false
2026-10-04T16:00:00Z,5000,1.1357,0.5013,Wise,USDC:ArbitrumOne,false
2026-10-04T17:00:00Z,5000,1.1334,0.5013,Wise,USDC:ArbitrumOne,false
2026-10-04T18:00:00Z,5000,1.1242,0.5013,Wise,USDC:ArbitrumOne,false
2026-10-04T19:00:00Z,5000,1.1188,0.5412,Wise,USDC:ArbitrumOne,false
2026-10-04T20:00:00Z,5000,1.1188,0.53,Wise,USDC:ArbitrumOne,false
2026-10-04T21:00:00Z,5000,1.0825,0.5496,Airwallex,USDC:ArbitrumOne,false
2026-10-04T22:00:00Z,5000,1.0247,0.5091,Wise,USDC:ArbitrumOne,false
2026-10-04T23:00:00Z,5000,0.8684,0.5038,Wise,USDC:ArbitrumOne,false
2026-10-05T00:00:00Z,5000,0.8443,0.2752,Airwallex,USDC:ArbitrumOne,false
2026-10-05T01:00:00Z,5000,0.9323,0.3726,Airwallex,USDC:ArbitrumOne,false
2026-10-05T02:00:00Z,5000,0.8097,0.3372,Airwallex,USDC:ArbitrumOne,false
2026-10-05T03:00:00Z,5000,0.6906,0.3176,Airwallex,USDC:ArbitrumOne,false
2026-10-05T04:00:00Z,5000,0.5361,0.2479,Airwallex,USDC:ArbitrumOne,false
2026-10-05T05:00:00Z,5000,0.8819,0.2125,Airwallex,USDC:ArbitrumOne,false
2026-10-05T06:00:00Z,5000,1.1173,0.1651,Airwallex,USDC:ArbitrumOne,false
2026-10-05T07:00:00Z,5000,1.0068,0.175,Airwallex,USDC:ArbitrumOne,false
2026-10-05T08:00:00Z,5000,1.3394,0.2377,Airwallex,USDC:ArbitrumOne,false
2026-10-05T09:00:00Z,5000,1.3272,0.2165,Airwallex,USDC:ArbitrumOne,false
2026-10-05T10:00:00Z,5000,1.3073,0.2382,Airwallex,USDC:ArbitrumOne,false
2026-10-05T11:00:00Z,5000,1.0677,0.2584,Airwallex,USDC:ArbitrumOne,false
2026-10-05T12:00:00Z,5000,0.9191,0.2119,Airwallex,USDC:ArbitrumOne,false
2026-10-05T13:00:00Z,5000,0.8673,0.2179,Airwallex,USDC:ArbitrumOne,false
2026-10-05T14:00:00Z,5000,0.8545,0.2017,Airwallex,USDC:ArbitrumOne,false
2026-10-05T15:00:00Z,5000,0.9036,0.1758,Airwallex,USDC:ArbitrumOne,false
2026-10-05T16:00:00Z,5000,0.8476,0.1837,Airwallex,USDC:ArbitrumOne,false
2026-10-05T17:00:00Z,5000,0.8279,0.208,Airwallex,USDC:ArbitrumOne,false
2026-10-05T18:00:00Z,5000,0.8151,0.2586,Airwallex,USDC:ArbitrumOne,false
2026-10-05T19:00:00Z,5000,0.9244,0.2438,Airwallex,USDC:ArbitrumOne,false
2026-10-05T20:00:00Z,5000,0.9878,0.4055,Wise,USDC:ArbitrumOne,false
2026-10-06T00:00:00Z,5000,0.8839,0.1983,Airwallex,USDC:ArbitrumOne,false
2026-10-06T01:00:00Z,5000,0.8997,0.1395,Airwallex,USDC:ArbitrumOne,false
2026-10-06T02:00:00Z,5000,0.6569,0.1348,Wise,USDC:ArbitrumOne,false
2026-10-06T03:00:00Z,5000,0.7474,0.2107,Wise,USDC:ArbitrumOne,false
2026-10-06T04:00:00Z,5000,0.6724,0.1326,Wise,USDC:ArbitrumOne,false
2026-10-06T05:00:00Z,5000,0.5476,0.061,Wise,USDC:ArbitrumOne,false
2026-10-06T06:00:00Z,5000,0.8632,0.1242,Wise,USDC:ArbitrumOne,false
2026-10-06T07:00:00Z,5000,0.5303,0.1104,Wise,USDT,false
2026-10-06T08:00:00Z,5000,0.6006,0.0819,Wise,USDT,false
2026-10-06T09:00:00Z,5000,0.6107,0.1169,Wise,USDT,false
2026-10-06T10:00:00Z,5000,0.6723,0.1782,Wise,USDT,false
2026-10-06T12:00:00Z,5000,0.5476,0.0909,Wise,USDC:ArbitrumOne,false
