ts_utc,corridor,size,provider,old_cost_pct,new_cost_pct,move_pct,kind
2026-08-12T00:00:00+00:00,SGD->PHP,200,PayPal,8.1177,8.056,-0.0617,change
2026-08-12T00:00:00+00:00,SGD->PHP,1000,OFX,5.3193,5.1822,-0.1372,change
2026-08-12T00:00:00+00:00,SGD->PHP,5000,OFX,4.1555,4.0271,-0.1284,change
2026-08-12T00:00:00+00:00,SGD->PHP,25000,OFX,3.1385,3.0157,-0.1228,change
2026-08-12T00:00:00+00:00,SGD->PHP,50000,OFX,3.1391,3.0157,-0.1234,change
2026-08-13T00:00:00+00:00,SGD->PHP,200,HSBC Singapore,1.4689,1.5401,0.0712,change
2026-08-13T00:00:00+00:00,SGD->PHP,200,PayPal,7.919,7.3721,-0.5469,change
2026-08-13T00:00:00+00:00,SGD->PHP,1000,OFX,4.9756,5.1243,0.1487,change
2026-08-13T00:00:00+00:00,SGD->PHP,1000,PayPal,5.5007,4.9272,-0.5735,change
2026-08-13T00:00:00+00:00,SGD->PHP,5000,OFX,3.8204,3.9685,0.1481,change
2026-08-13T00:00:00+00:00,SGD->PHP,5000,PayPal,5.0152,4.4381,-0.5771,change
2026-08-13T00:00:00+00:00,SGD->PHP,25000,OFX,2.8089,2.9566,0.1477,change
2026-08-13T00:00:00+00:00,SGD->PHP,25000,PayPal,4.9181,4.3402,-0.5779,change
2026-08-13T00:00:00+00:00,SGD->PHP,50000,OFX,2.828,2.9566,0.1287,change
2026-08-13T00:00:00+00:00,SGD->PHP,50000,Wise,0.3315,0.2605,-0.071,change
2026-08-14T00:00:00+00:00,SGD->PHP,200,HSBC Singapore,1.4202,1.2167,-0.2034,change
2026-08-14T00:00:00+00:00,SGD->PHP,200,PayPal,7.2368,7.5178,0.281,change
2026-08-14T00:00:00+00:00,SGD->PHP,1000,HSBC Singapore,1.4605,1.2167,-0.2438,change
2026-08-14T00:00:00+00:00,SGD->PHP,1000,PayPal,4.8046,5.0787,0.2741,change
2026-08-14T00:00:00+00:00,SGD->PHP,5000,HSBC Singapore,1.4597,1.2167,-0.243,change
2026-08-14T00:00:00+00:00,SGD->PHP,5000,PayPal,4.3157,4.5909,0.2751,change
2026-08-14T00:00:00+00:00,SGD->PHP,25000,HSBC Singapore,1.4592,1.2167,-0.2425,change
2026-08-14T00:00:00+00:00,SGD->PHP,25000,PayPal,4.218,4.4934,0.2754,change
2026-08-14T00:00:00+00:00,SGD->PHP,50000,HSBC Singapore,1.4194,1.2167,-0.2027,change
2026-08-14T00:00:00+00:00,SGD->PHP,50000,OFX,2.8168,2.895,0.0781,change
2026-08-15T00:00:00+00:00,SGD->PHP,200,PayPal,7.7801,7.5569,-0.2232,change
2026-08-15T00:00:00+00:00,SGD->PHP,1000,PayPal,5.3768,5.1189,-0.2579,change
2026-08-15T00:00:00+00:00,SGD->PHP,5000,PayPal,4.8897,4.6312,-0.2585,change
2026-08-15T00:00:00+00:00,SGD->PHP,25000,PayPal,4.7922,4.5337,-0.2585,change
2026-08-15T00:00:00+00:00,SGD->PHP,50000,HSBC Singapore,1.577,1.4426,-0.1344,change
2026-08-17T00:00:00+00:00,SGD->PHP,200,PayPal,7.3308,7.5831,0.2523,change
2026-08-17T00:00:00+00:00,SGD->PHP,1000,PayPal,4.8572,5.1513,0.2941,change
2026-08-17T00:00:00+00:00,SGD->PHP,5000,PayPal,4.3697,4.6651,0.2954,change
2026-08-17T00:00:00+00:00,SGD->PHP,25000,PayPal,4.2724,4.5678,0.2955,change
2026-08-18T00:00:00+00:00,SGD->PHP,200,PayPal,7.4778,7.6692,0.1914,change
2026-08-18T00:00:00+00:00,SGD->PHP,1000,OFX,5.1392,4.9332,-0.206,change
2026-08-18T00:00:00+00:00,SGD->PHP,1000,PayPal,5.0343,5.2361,0.2019,change
2026-08-18T00:00:00+00:00,SGD->PHP,5000,OFX,3.9841,3.7751,-0.209,change
2026-08-18T00:00:00+00:00,SGD->PHP,5000,PayPal,4.5475,4.7495,0.2021,change
2026-08-18T00:00:00+00:00,SGD->PHP,25000,OFX,2.9745,2.7612,-0.2133,change
2026-08-18T00:00:00+00:00,SGD->PHP,25000,PayPal,4.4499,4.6521,0.2022,change
2026-08-18T00:00:00+00:00,SGD->PHP,50000,OFX,2.9624,2.7612,-0.2012,change
2026-08-19T00:00:00+00:00,SGD->PHP,200,PayPal,7.8012,7.706,-0.0952,change
2026-08-19T00:00:00+00:00,SGD->PHP,1000,OFX,4.9167,4.8751,-0.0416,change
2026-08-20T00:00:00+00:00,SGD->PHP,200,PayPal,7.947,7.7025,-0.2445,change
2026-08-20T00:00:00+00:00,SGD->PHP,1000,OFX,5.1662,5.2515,0.0852,change
2026-08-20T00:00:00+00:00,SGD->PHP,1000,PayPal,5.5447,5.2831,-0.2617,change
2026-08-20T00:00:00+00:00,SGD->PHP,5000,OFX,4.0066,4.0972,0.0905,change
2026-08-20T00:00:00+00:00,SGD->PHP,5000,PayPal,5.0598,4.7992,-0.2606,change
2026-08-20T00:00:00+00:00,SGD->PHP,25000,OFX,2.9932,3.0868,0.0935,change
2026-08-20T00:00:00+00:00,SGD->PHP,25000,PayPal,4.9628,4.7024,-0.2604,change
2026-08-20T00:00:00+00:00,SGD->PHP,50000,OFX,2.9961,3.0868,0.0906,change
2026-08-20T00:00:00+00:00,USD->MXN,200,PayPal,6.3759,6.6052,0.2292,change
2026-08-20T00:00:00+00:00,USD->MXN,1000,PayPal,4.4681,4.6932,0.2252,change
2026-08-20T00:00:00+00:00,USD->MXN,5000,PayPal,4.0863,4.3109,0.2245,change
2026-08-20T00:00:00+00:00,USD->MXN,5000,Wise,0.7286,0.6954,-0.0332,change
2026-08-20T00:00:00+00:00,USD->MXN,25000,Wise,0.6157,0.582,-0.0337,change
2026-08-20T00:00:00+00:00,USD->MXN,50000,Wise,0.5546,0.5186,-0.0361,change
2026-08-21T00:00:00+00:00,SGD->PHP,1000,OFX,4.9909,5.1344,0.1435,change
2026-08-21T00:00:00+00:00,SGD->PHP,5000,OFX,3.8381,3.9787,0.1406,change
2026-08-21T00:00:00+00:00,SGD->PHP,25000,OFX,2.8274,2.967,0.1396,change
2026-08-21T00:00:00+00:00,SGD->PHP,50000,OFX,2.8185,2.967,0.1485,change
2026-08-21T00:00:00+00:00,USD->MXN,200,PayPal,6.7862,6.5668,-0.2195,change
2026-08-21T00:00:00+00:00,USD->MXN,1000,PayPal,4.8738,4.6541,-0.2197,change
2026-08-21T00:00:00+00:00,USD->MXN,5000,PayPal,4.4914,4.2716,-0.2198,change
2026-08-22T00:00:00+00:00,SGD->PHP,200,PayPal,7.6777,7.5019,-0.1758,change
2026-08-22T00:00:00+00:00,SGD->PHP,1000,PayPal,5.2973,5.0811,-0.2161,change
2026-08-22T00:00:00+00:00,SGD->PHP,5000,PayPal,4.8133,4.5969,-0.2164,change
2026-08-22T00:00:00+00:00,SGD->PHP,25000,PayPal,4.7165,4.5001,-0.2164,change
2026-08-24T00:00:00+00:00,USD->MXN,200,PayPal,6.5229,6.5926,0.0697,change
2026-08-24T00:00:00+00:00,USD->MXN,1000,PayPal,4.6018,4.6805,0.0787,change
2026-08-24T00:00:00+00:00,USD->MXN,5000,PayPal,4.2265,4.2981,0.0715,change
2026-08-25T00:00:00+00:00,SGD->PHP,200,HSBC Singapore,1.454,1.4921,0.0381,change
2026-08-25T00:00:00+00:00,SGD->PHP,200,PayPal,7.4852,7.3083,-0.1769,change
2026-08-25T00:00:00+00:00,SGD->PHP,1000,PayPal,5.0667,4.881,-0.1857,change
2026-08-25T00:00:00+00:00,SGD->PHP,5000,HSBC Singapore,1.4425,1.4921,0.0496,change
2026-08-25T00:00:00+00:00,SGD->PHP,5000,PayPal,4.5824,4.3955,-0.1869,change
2026-08-25T00:00:00+00:00,SGD->PHP,25000,HSBC Singapore,1.4419,1.4921,0.0502,change
2026-08-25T00:00:00+00:00,SGD->PHP,25000,PayPal,4.4858,4.2984,-0.1874,change
2026-08-25T00:00:00+00:00,SGD->PHP,50000,HSBC Singapore,1.4539,1.4921,0.0382,change
2026-08-25T00:00:00+00:00,USD->MXN,200,PayPal,6.6824,6.9014,0.219,change
2026-08-25T00:00:00+00:00,USD->MXN,1000,PayPal,4.7709,4.9956,0.2247,change
2026-08-25T00:00:00+00:00,USD->MXN,5000,PayPal,4.3887,4.6145,0.2257,change
2026-08-26T00:00:00+00:00,SGD->PHP,200,HSBC Singapore,1.6139,1.8884,0.2745,change
2026-08-26T00:00:00+00:00,SGD->PHP,1000,HSBC Singapore,1.6541,1.8884,0.2343,change
2026-08-26T00:00:00+00:00,SGD->PHP,5000,HSBC Singapore,1.6551,1.8884,0.2333,change
2026-08-26T00:00:00+00:00,SGD->PHP,25000,HSBC Singapore,1.6553,1.8884,0.2331,change
2026-08-26T00:00:00+00:00,SGD->PHP,50000,HSBC Singapore,1.6142,1.8884,0.2742,change
2026-08-26T00:00:00+00:00,USD->MXN,200,Chase (US),5.4204,5.4587,0.0383,change
2026-08-26T00:00:00+00:00,USD->MXN,200,PayPal,6.9098,6.6533,-0.2565,change
2026-08-26T00:00:00+00:00,USD->MXN,1000,Chase (US),3.4803,3.5193,0.039,change
2026-08-26T00:00:00+00:00,USD->MXN,1000,PayPal,5.0055,4.7426,-0.2629,change
2026-08-26T00:00:00+00:00,USD->MXN,5000,Chase (US),2.4797,2.5329,0.0532,change
2026-08-26T00:00:00+00:00,USD->MXN,5000,PayPal,4.6231,4.3604,-0.2627,change
2026-08-26T00:00:00+00:00,USD->MXN,25000,Chase (US),2.4825,2.5329,0.0503,change
2026-08-26T00:00:00+00:00,USD->MXN,50000,Chase (US),1.2435,1.2938,0.0503,change
2026-09-02T00:00:00+00:00,SGD->PHP,200,HSBC Singapore,1.276,1.3281,0.0521,change
2026-09-02T00:00:00+00:00,SGD->PHP,1000,OFX,5.219,4.9337,-0.2853,change
2026-09-02T00:00:00+00:00,SGD->PHP,5000,HSBC Singapore,1.2627,1.328,0.0653,change
2026-09-02T00:00:00+00:00,SGD->PHP,5000,OFX,4.0667,3.7756,-0.2911,change
2026-09-02T00:00:00+00:00,SGD->PHP,25000,HSBC Singapore,1.2626,1.328,0.0655,change
2026-09-02T00:00:00+00:00,SGD->PHP,25000,OFX,3.0589,2.7618,-0.2971,change
2026-09-02T00:00:00+00:00,SGD->PHP,50000,HSBC Singapore,1.2758,1.328,0.0522,change
2026-09-02T00:00:00+00:00,SGD->PHP,50000,OFX,3.0624,2.7618,-0.3006,change
2026-09-02T00:00:00+00:00,USD->MXN,200,PayPal,6.5342,6.6871,0.1529,change
2026-09-02T00:00:00+00:00,USD->MXN,200,WorldRemit,3.3906,3.2727,-0.1179,change
2026-09-02T00:00:00+00:00,USD->MXN,1000,PayPal,4.6204,4.7768,0.1564,change
2026-09-02T00:00:00+00:00,USD->MXN,1000,WorldRemit,2.6153,2.4949,-0.1204,change
2026-09-02T00:00:00+00:00,USD->MXN,5000,PayPal,4.2371,4.3948,0.1577,change
2026-09-02T00:00:00+00:00,USD->MXN,5000,WorldRemit,2.4729,2.3394,-0.1336,change
2026-09-03T00:00:00+00:00,SGD->PHP,200,PayPal,7.5065,7.5767,0.0702,change
2026-09-03T00:00:00+00:00,SGD->PHP,1000,OFX,4.8558,5.1021,0.2463,change
2026-09-03T00:00:00+00:00,SGD->PHP,5000,OFX,3.6975,3.946,0.2484,change
2026-09-03T00:00:00+00:00,SGD->PHP,25000,OFX,2.6862,2.9339,0.2477,change
2026-09-03T00:00:00+00:00,SGD->PHP,50000,OFX,2.6761,2.9339,0.2578,change
2026-09-03T00:00:00+00:00,USD->MXN,200,PayPal,6.7802,6.7202,-0.06,change
2026-09-03T00:00:00+00:00,USD->MXN,1000,PayPal,4.8719,4.8108,-0.0611,change
2026-09-03T00:00:00+00:00,USD->MXN,5000,PayPal,4.4902,4.4288,-0.0614,change
2026-09-04T00:00:00+00:00,SGD->PHP,200,PayPal,7.5875,7.6661,0.0787,change
2026-09-04T00:00:00+00:00,SGD->PHP,1000,OFX,5.1843,5.3159,0.1316,change
2026-09-04T00:00:00+00:00,SGD->PHP,5000,OFX,4.0282,4.1623,0.1342,change
2026-09-04T00:00:00+00:00,SGD->PHP,25000,OFX,3.0157,3.1526,0.1369,change
2026-09-04T00:00:00+00:00,SGD->PHP,50000,OFX,3.0115,3.1526,0.1411,change
2026-09-04T00:00:00+00:00,USD->MXN,200,PayPal,6.9012,6.6581,-0.2431,change
2026-09-04T00:00:00+00:00,USD->MXN,1000,PayPal,4.9897,4.7459,-0.2438,change
2026-09-04T00:00:00+00:00,USD->MXN,5000,PayPal,4.614,4.3652,-0.2489,change
2026-09-05T00:00:00+00:00,SGD->PHP,1000,OFX,5.5533,5.3855,-0.1678,change
2026-09-05T00:00:00+00:00,SGD->PHP,5000,OFX,4.4007,4.2329,-0.1678,change
2026-09-05T00:00:00+00:00,SGD->PHP,25000,OFX,3.3916,3.2238,-0.1678,change
2026-09-05T00:00:00+00:00,SGD->PHP,50000,OFX,3.382,3.2238,-0.1582,change
2026-09-05T00:00:00+00:00,USD->MXN,200,Instarem,0.858,0.7726,-0.0854,change
2026-09-07T00:00:00+00:00,SGD->PHP,200,PayPal,7.8757,7.9474,0.0718,change
2026-09-07T00:00:00+00:00,SGD->PHP,1000,OFX,5.3752,5.2444,-0.1308,change
2026-09-07T00:00:00+00:00,SGD->PHP,1000,PayPal,5.4505,5.5453,0.0948,change
2026-09-07T00:00:00+00:00,SGD->PHP,5000,OFX,4.2229,4.09,-0.1329,change
2026-09-07T00:00:00+00:00,SGD->PHP,5000,PayPal,4.9695,5.0648,0.0953,change
2026-09-07T00:00:00+00:00,SGD->PHP,25000,OFX,3.2141,3.0796,-0.1345,change
2026-09-07T00:00:00+00:00,SGD->PHP,25000,PayPal,4.8733,4.9688,0.0954,change
2026-09-07T00:00:00+00:00,SGD->PHP,50000,OFX,3.2105,3.0796,-0.1309,change
2026-09-07T00:00:00+00:00,USD->MXN,200,PayPal,6.4525,6.598,0.1455,change
2026-09-07T00:00:00+00:00,USD->MXN,1000,PayPal,4.5401,4.686,0.1459,change
2026-09-07T00:00:00+00:00,USD->MXN,5000,PayPal,4.1571,4.3037,0.1465,change
2026-09-08T00:00:00+00:00,SGD->PHP,200,PayPal,8.0843,7.5781,-0.5062,change
2026-09-08T00:00:00+00:00,SGD->PHP,1000,PayPal,5.6727,5.1688,-0.5039,change
2026-09-08T00:00:00+00:00,SGD->PHP,5000,PayPal,5.1911,4.6871,-0.5041,change
2026-09-08T00:00:00+00:00,SGD->PHP,25000,PayPal,5.095,4.5907,-0.5044,change
2026-09-08T00:00:00+00:00,SGD->PHP,50000,OFX,3.187,3.0652,-0.1217,change
2026-09-08T00:00:00+00:00,USD->MXN,200,PayPal,6.6205,6.7943,0.1738,change
2026-09-08T00:00:00+00:00,USD->MXN,1000,PayPal,4.7092,4.8865,0.1773,change
2026-09-08T00:00:00+00:00,USD->MXN,5000,PayPal,4.327,4.5048,0.1778,change
2026-09-09T00:00:00+00:00,SGD->PHP,200,Instarem,0.8841,0.7756,-0.1084,change
2026-09-09T00:00:00+00:00,SGD->PHP,1000,Instarem,0.836,0.7257,-0.1103,change
2026-09-09T00:00:00+00:00,SGD->PHP,1000,OFX,5.1501,5.2683,0.1182,change
2026-09-09T00:00:00+00:00,SGD->PHP,5000,Instarem,0.6865,0.5759,-0.1106,change
2026-09-09T00:00:00+00:00,SGD->PHP,5000,OFX,3.9951,4.1142,0.1191,change
2026-09-09T00:00:00+00:00,SGD->PHP,25000,Instarem,0.6864,0.5759,-0.1105,change
2026-09-09T00:00:00+00:00,SGD->PHP,25000,OFX,2.9842,3.1039,0.1197,change
2026-09-09T00:00:00+00:00,SGD->PHP,50000,Instarem,0.685,0.5759,-0.1091,change
2026-09-09T00:00:00+00:00,SGD->PHP,50000,OFX,2.9716,3.1039,0.1323,change
2026-09-09T00:00:00+00:00,USD->MXN,200,PayPal,7.0109,6.5801,-0.4308,change
2026-09-09T00:00:00+00:00,USD->MXN,1000,PayPal,5.1108,4.6678,-0.443,change
2026-09-09T00:00:00+00:00,USD->MXN,5000,PayPal,4.7301,4.2853,-0.4448,change
2026-09-09T00:00:00+00:00,USD->MXN,25000,Chase (US),2.7066,2.6418,-0.0647,change
2026-09-09T00:00:00+00:00,USD->MXN,50000,Chase (US),1.459,1.3902,-0.0688,change
2026-09-10T00:00:00+00:00,SGD->PHP,200,Instarem,0.7389,0.7897,0.0508,change
2026-09-10T00:00:00+00:00,SGD->PHP,200,PayPal,7.4949,7.4497,-0.0452,change
2026-09-10T00:00:00+00:00,SGD->PHP,1000,OFX,5.2933,5.4289,0.1356,change
2026-09-10T00:00:00+00:00,SGD->PHP,1000,PayPal,5.1013,5.0345,-0.0668,change
2026-09-10T00:00:00+00:00,SGD->PHP,5000,OFX,4.1389,4.2768,0.1379,change
2026-09-10T00:00:00+00:00,SGD->PHP,5000,PayPal,4.6172,4.5514,-0.0657,change
2026-09-10T00:00:00+00:00,SGD->PHP,25000,OFX,3.1291,3.2682,0.1391,change
2026-09-10T00:00:00+00:00,SGD->PHP,25000,PayPal,4.5208,4.4549,-0.0659,change
2026-09-10T00:00:00+00:00,SGD->PHP,50000,OFX,3.1356,3.2682,0.1326,change
2026-09-10T00:00:00+00:00,USD->MXN,200,PayPal,6.3655,6.5539,0.1884,change
2026-09-10T00:00:00+00:00,USD->MXN,1000,PayPal,4.4463,4.6411,0.1948,change
2026-09-10T00:00:00+00:00,USD->MXN,5000,PayPal,4.065,4.2585,0.1935,change
2026-09-11T00:00:00+00:00,AUD->PHP,200,Commonwealth Bank of Australia,4.7966,4.3988,-0.3978,change
2026-09-11T00:00:00+00:00,AUD->PHP,200,PayPal,6.8179,7.6064,0.7886,change
2026-09-11T00:00:00+00:00,AUD->PHP,1000,Commonwealth Bank of Australia,4.7533,4.3989,-0.3544,change
2026-09-11T00:00:00+00:00,AUD->PHP,1000,PayPal,4.5054,5.3243,0.819,change
2026-09-11T00:00:00+00:00,AUD->PHP,5000,Commonwealth Bank of Australia,4.753,4.3989,-0.3541,change
2026-09-11T00:00:00+00:00,AUD->PHP,5000,PayPal,4.0472,4.8679,0.8206,change
2026-09-11T00:00:00+00:00,AUD->PHP,25000,Commonwealth Bank of Australia,4.7107,4.3989,-0.3118,change
2026-09-11T00:00:00+00:00,AUD->PHP,25000,PayPal,3.9308,4.7765,0.8457,change
2026-09-11T00:00:00+00:00,AUD->PHP,50000,Commonwealth Bank of Australia,4.706,4.3989,-0.3071,change
2026-09-11T00:00:00+00:00,NZD->PHP,200,BNZ,1.8789,1.7057,-0.1732,change
2026-09-11T00:00:00+00:00,NZD->PHP,200,PayPal,7.3677,8.1708,0.8032,change
2026-09-11T00:00:00+00:00,NZD->PHP,1000,OFX,5.1678,4.8842,-0.2836,change
2026-09-11T00:00:00+00:00,NZD->PHP,1000,PayPal,4.6646,5.5103,0.8458,change
2026-09-11T00:00:00+00:00,NZD->PHP,5000,OFX,4.2503,3.9601,-0.2902,change
2026-09-11T00:00:00+00:00,NZD->PHP,5000,PayPal,4.1295,4.9783,0.8488,change
2026-09-11T00:00:00+00:00,NZD->PHP,25000,OFX,3.1866,2.8873,-0.2993,change
2026-09-11T00:00:00+00:00,NZD->PHP,25000,PayPal,4.0223,4.8717,0.8494,change
2026-09-11T00:00:00+00:00,NZD->PHP,50000,OFX,3.1602,2.8873,-0.2729,change
2026-09-11T00:00:00+00:00,SGD->PHP,200,PayPal,7.4954,7.6988,0.2035,change
2026-09-11T00:00:00+00:00,SGD->PHP,1000,OFX,5.4605,5.3203,-0.1402,change
2026-09-11T00:00:00+00:00,SGD->PHP,1000,PayPal,5.0753,5.2873,0.2121,change
2026-09-11T00:00:00+00:00,SGD->PHP,5000,OFX,4.3094,4.1668,-0.1426,change
2026-09-11T00:00:00+00:00,SGD->PHP,5000,PayPal,4.5921,4.805,0.2129,change
2026-09-11T00:00:00+00:00,SGD->PHP,25000,OFX,3.3009,3.1571,-0.1438,change
2026-09-11T00:00:00+00:00,SGD->PHP,25000,PayPal,4.4954,4.7085,0.2131,change
2026-09-11T00:00:00+00:00,SGD->PHP,50000,OFX,3.2965,3.1571,-0.1394,change
2026-09-11T00:00:00+00:00,SGD->PHP,50000,Wise,0.3958,0.4319,0.036,change
2026-09-11T00:00:00+00:00,USD->MXN,200,PayPal,6.6417,6.909,0.2673,change
2026-09-11T00:00:00+00:00,USD->MXN,1000,PayPal,4.7301,5.0034,0.2734,change
2026-09-11T00:00:00+00:00,USD->MXN,5000,PayPal,4.3498,4.6223,0.2726,change
2026-09-11T00:00:00+00:00,AUD->PHP,50000,Wise,0.3902,0.5175,0.1273,change
2026-09-12T00:00:00+00:00,AUD->PHP,200,National Australia Bank,2.8727,3.7105,0.8378,change
2026-09-12T00:00:00+00:00,AUD->PHP,200,PayPal,7.6805,7.5114,-0.1691,change
2026-09-12T00:00:00+00:00,AUD->PHP,1000,National Australia Bank,2.8777,3.7105,0.8328,change
2026-09-12T00:00:00+00:00,AUD->PHP,1000,PayPal,5.3981,5.2269,-0.1712,change
2026-09-12T00:00:00+00:00,AUD->PHP,5000,National Australia Bank,2.8777,3.7105,0.8328,change
2026-09-12T00:00:00+00:00,AUD->PHP,5000,PayPal,4.9415,4.77,-0.1716,change
2026-09-12T00:00:00+00:00,AUD->PHP,25000,OFX,2.9912,3.3305,0.3394,change
2026-09-12T00:00:00+00:00,AUD->PHP,25000,PayPal,4.8399,4.6787,-0.1612,change
2026-09-12T00:00:00+00:00,AUD->PHP,50000,OFX,2.9951,3.3305,0.3354,change
2026-09-12T00:00:00+00:00,NZD->PHP,200,BNZ,1.8307,2.5355,0.7048,change
2026-09-12T00:00:00+00:00,NZD->PHP,200,PayPal,8.4039,8.1453,-0.2586,change
2026-09-12T00:00:00+00:00,NZD->PHP,1000,BNZ,1.8821,2.5355,0.6535,change
2026-09-12T00:00:00+00:00,NZD->PHP,1000,PayPal,5.7634,5.484,-0.2794,change
2026-09-12T00:00:00+00:00,NZD->PHP,5000,BNZ,1.8818,2.5355,0.6537,change
2026-09-12T00:00:00+00:00,NZD->PHP,5000,PayPal,5.234,4.9518,-0.2822,change
2026-09-12T00:00:00+00:00,NZD->PHP,25000,BNZ,1.8818,2.5355,0.6538,change
2026-09-12T00:00:00+00:00,NZD->PHP,25000,PayPal,5.1281,4.8453,-0.2828,change
2026-09-12T00:00:00+00:00,NZD->PHP,50000,BNZ,1.9368,2.5355,0.5987,change
2026-09-12T00:00:00+00:00,NZD->PHP,50000,Westpac NZ,2.6523,2.3547,-0.2976,change
2026-09-12T00:00:00+00:00,SGD->PHP,200,PayPal,7.7481,7.5702,-0.1779,change
2026-09-12T00:00:00+00:00,SGD->PHP,1000,OFX,5.3022,5.5764,0.2742,change
2026-09-12T00:00:00+00:00,SGD->PHP,1000,PayPal,5.3419,5.1561,-0.1858,change
2026-09-12T00:00:00+00:00,SGD->PHP,5000,OFX,4.1487,4.426,0.2773,change
2026-09-12T00:00:00+00:00,SGD->PHP,5000,PayPal,4.8596,4.6733,-0.1863,change
2026-09-12T00:00:00+00:00,SGD->PHP,25000,OFX,3.1391,3.4191,0.2801,change
2026-09-12T00:00:00+00:00,SGD->PHP,25000,PayPal,4.7631,4.5767,-0.1864,change
2026-09-12T00:00:00+00:00,SGD->PHP,50000,HSBC Singapore,1.6628,1.602,-0.0609,change
2026-09-12T00:00:00+00:00,SGD->PHP,50000,OFX,3.1392,3.4191,0.28,change
2026-09-12T00:00:00+00:00,USD->MXN,200,OFX,4.6634,5.5632,0.8999,change
2026-09-12T00:00:00+00:00,USD->MXN,200,PayPal,6.9206,6.654,-0.2666,change
2026-09-12T00:00:00+00:00,USD->MXN,1000,OFX,2.7087,3.626,0.9173,change
2026-09-12T00:00:00+00:00,USD->MXN,1000,PayPal,5.0155,4.743,-0.2725,change
2026-09-12T00:00:00+00:00,USD->MXN,5000,OFX,1.2681,2.2005,0.9324,change
2026-09-12T00:00:00+00:00,USD->MXN,5000,PayPal,4.6344,4.3609,-0.2735,change
2026-09-12T00:00:00+00:00,USD->MXN,25000,Chase (US),2.5355,2.469,-0.0665,change
2026-09-12T00:00:00+00:00,USD->MXN,25000,OFX,1.2682,2.2005,0.9323,change
2026-09-12T00:00:00+00:00,USD->MXN,50000,Chase (US),1.2493,1.2189,-0.0304,change
2026-09-12T00:00:00+00:00,USD->MXN,50000,OFX,1.261,2.2005,0.9395,change
2026-09-13T00:00:00+00:00,NZD->PHP,200,BNZ,2.516,2.4363,-0.0797,change
2026-09-13T00:00:00+00:00,NZD->PHP,1000,BNZ,2.5159,2.4363,-0.0796,change
2026-09-13T00:00:00+00:00,NZD->PHP,5000,BNZ,2.5157,2.4363,-0.0794,change
2026-09-13T00:00:00+00:00,NZD->PHP,25000,BNZ,2.5157,2.4363,-0.0794,change
2026-09-13T00:00:00+00:00,NZD->PHP,50000,BNZ,2.5156,2.4363,-0.0793,change
2026-09-14T00:00:00+00:00,AUD->PHP,200,Commonwealth Bank of Australia,4.3137,4.4667,0.1531,change
2026-09-14T00:00:00+00:00,AUD->PHP,1000,Commonwealth Bank of Australia,4.3013,4.4667,0.1655,change
2026-09-14T00:00:00+00:00,AUD->PHP,5000,Commonwealth Bank of Australia,4.3015,4.4667,0.1653,change
2026-09-14T00:00:00+00:00,AUD->PHP,25000,Commonwealth Bank of Australia,4.2959,4.4667,0.1708,change
2026-09-14T00:00:00+00:00,AUD->PHP,50000,Commonwealth Bank of Australia,4.3018,4.4667,0.165,change
2026-09-14T00:00:00+00:00,NZD->PHP,200,Westpac NZ,2.3889,2.8117,0.4229,change
2026-09-14T00:00:00+00:00,NZD->PHP,1000,Westpac NZ,2.3278,2.8117,0.4839,change
2026-09-14T00:00:00+00:00,NZD->PHP,5000,Westpac NZ,2.3281,2.8117,0.4837,change
2026-09-14T00:00:00+00:00,NZD->PHP,25000,Westpac NZ,2.3281,2.8117,0.4836,change
2026-09-14T00:00:00+00:00,NZD->PHP,50000,Westpac NZ,2.3942,2.8117,0.4175,change
2026-09-14T00:00:00+00:00,SGD->PHP,200,PayPal,7.4162,7.5709,0.1547,change
2026-09-14T00:00:00+00:00,SGD->PHP,1000,PayPal,5.0007,5.1497,0.149,change
2026-09-14T00:00:00+00:00,SGD->PHP,5000,PayPal,4.5133,4.6655,0.1522,change
2026-09-14T00:00:00+00:00,SGD->PHP,25000,PayPal,4.4167,4.5686,0.152,change
2026-09-14T00:00:00+00:00,USD->MXN,200,PayPal,5.948,6.6807,0.7326,change
2026-09-14T00:00:00+00:00,USD->MXN,1000,PayPal,4.0349,4.7702,0.7353,change
2026-09-14T00:00:00+00:00,USD->MXN,5000,PayPal,3.6521,4.3882,0.7361,change
2026-09-15T00:00:00+00:00,AUD->PHP,200,ANZ,4.4424,3.9701,-0.4722,change
2026-09-15T00:00:00+00:00,AUD->PHP,200,PayPal,7.5549,7.7482,0.1933,change
2026-09-15T00:00:00+00:00,AUD->PHP,1000,ANZ,4.4405,3.9701,-0.4704,change
2026-09-15T00:00:00+00:00,AUD->PHP,1000,PayPal,5.2605,5.4714,0.2108,change
2026-09-15T00:00:00+00:00,AUD->PHP,5000,ANZ,4.4411,3.9701,-0.471,change
2026-09-15T00:00:00+00:00,AUD->PHP,5000,PayPal,4.8159,5.0139,0.198,change
2026-09-15T00:00:00+00:00,AUD->PHP,25000,ANZ,4.4458,3.9701,-0.4757,change
2026-09-15T00:00:00+00:00,AUD->PHP,25000,PayPal,4.7418,4.9228,0.181,change
2026-09-15T00:00:00+00:00,AUD->PHP,50000,ANZ,4.4446,3.9701,-0.4745,change
2026-09-15T00:00:00+00:00,AUD->PHP,50000,OFX,3.087,3.1344,0.0474,change
2026-09-15T00:00:00+00:00,NZD->PHP,200,ASB NZ,4.7602,4.7071,-0.0532,change
2026-09-15T00:00:00+00:00,NZD->PHP,200,Westpac NZ,2.9796,3.0466,0.067,change
2026-09-15T00:00:00+00:00,SGD->PHP,200,PayPal,7.8798,7.7211,-0.1587,change
2026-09-15T00:00:00+00:00,SGD->PHP,1000,PayPal,5.4723,5.3008,-0.1715,change
2026-09-15T00:00:00+00:00,SGD->PHP,5000,OFX,4.3488,4.3884,0.0396,change
2026-09-15T00:00:00+00:00,SGD->PHP,5000,PayPal,4.99,4.8167,-0.1733,change
2026-09-15T00:00:00+00:00,SGD->PHP,25000,OFX,3.3378,3.3811,0.0433,change
2026-09-15T00:00:00+00:00,SGD->PHP,25000,PayPal,4.8933,4.7199,-0.1734,change
2026-09-15T00:00:00+00:00,SGD->PHP,50000,HSBC Singapore,1.7939,1.7671,-0.0269,change
2026-09-15T00:00:00+00:00,SGD->PHP,50000,OFX,3.3439,3.3811,0.0372,change
2026-09-15T00:00:00+00:00,USD->MXN,200,OFX,4.5257,4.4933,-0.0325,change
2026-09-15T00:00:00+00:00,USD->MXN,200,PayPal,7.2456,7.4044,0.1588,change
2026-09-15T00:00:00+00:00,USD->MXN,1000,PayPal,5.3366,5.5091,0.1725,change
2026-09-15T00:00:00+00:00,USD->MXN,5000,PayPal,4.955,5.13,0.175,change
2026-09-16T00:00:00+00:00,AUD->PHP,200,ANZ,3.9299,4.2318,0.3019,change
2026-09-16T00:00:00+00:00,AUD->PHP,200,PayPal,7.7213,7.3537,-0.3676,change
2026-09-16T00:00:00+00:00,AUD->PHP,1000,ANZ,3.9367,4.2319,0.2952,change
2026-09-16T00:00:00+00:00,AUD->PHP,1000,PayPal,5.46,5.0654,-0.3946,change
2026-09-16T00:00:00+00:00,AUD->PHP,5000,ANZ,3.9366,4.2318,0.2952,change
2026-09-16T00:00:00+00:00,AUD->PHP,5000,PayPal,5.0036,4.6078,-0.3958,change
2026-09-16T00:00:00+00:00,AUD->PHP,25000,ANZ,3.9459,4.2318,0.2859,change
2026-09-16T00:00:00+00:00,AUD->PHP,25000,PayPal,4.9263,4.5162,-0.4101,change
2026-09-16T00:00:00+00:00,AUD->PHP,50000,ANZ,3.9543,4.2318,0.2775,change
2026-09-16T00:00:00+00:00,AUD->PHP,50000,Commonwealth Bank of Australia,4.6687,4.4703,-0.1984,change
2026-09-16T00:00:00+00:00,NZD->PHP,200,PayPal,8.0922,7.7622,-0.3301,change
2026-09-16T00:00:00+00:00,NZD->PHP,200,Westpac NZ,2.9125,3.0165,0.104,change
2026-09-16T00:00:00+00:00,NZD->PHP,1000,PayPal,5.4059,5.0898,-0.3162,change
2026-09-16T00:00:00+00:00,NZD->PHP,1000,Westpac NZ,2.9036,3.0166,0.113,change
2026-09-16T00:00:00+00:00,NZD->PHP,5000,PayPal,4.8728,4.5553,-0.3175,change
2026-09-16T00:00:00+00:00,NZD->PHP,5000,Westpac NZ,2.9061,3.0166,0.1104,change
2026-09-16T00:00:00+00:00,NZD->PHP,25000,PayPal,4.7722,4.4524,-0.3198,change
2026-09-16T00:00:00+00:00,NZD->PHP,25000,Westpac NZ,2.9186,3.0257,0.1071,change
2026-09-16T00:00:00+00:00,NZD->PHP,50000,Westpac NZ,2.9283,3.0257,0.0974,change
2026-09-16T00:00:00+00:00,SGD->PHP,200,PayPal,7.715,7.4322,-0.2828,change
2026-09-16T00:00:00+00:00,SGD->PHP,1000,OFX,5.5226,5.5992,0.0766,change
2026-09-16T00:00:00+00:00,SGD->PHP,1000,PayPal,5.299,5.0026,-0.2964,change
2026-09-16T00:00:00+00:00,SGD->PHP,5000,OFX,4.3632,4.4491,0.086,change
2026-09-16T00:00:00+00:00,SGD->PHP,5000,PayPal,4.8153,4.5169,-0.2984,change
2026-09-16T00:00:00+00:00,SGD->PHP,25000,OFX,3.3558,3.4424,0.0867,change
2026-09-16T00:00:00+00:00,SGD->PHP,25000,PayPal,4.7185,4.4197,-0.2988,change
2026-09-16T00:00:00+00:00,SGD->PHP,50000,OFX,3.3629,3.447,0.0841,change
2026-09-16T00:00:00+00:00,USD->MXN,200,PayPal,7.6617,6.7386,-0.9231,change
2026-09-16T00:00:00+00:00,USD->MXN,1000,PayPal,5.7701,4.8296,-0.9405,change
2026-09-16T00:00:00+00:00,USD->MXN,5000,PayPal,5.3856,4.4371,-0.9485,change
2026-09-16T00:00:00+00:00,USD->MXN,25000,Wells Fargo,3.3322,3.1478,-0.1844,change
2026-09-17T00:00:00+00:00,AUD->PHP,200,ANZ,4.107,4.5092,0.4023,change
2026-09-17T00:00:00+00:00,AUD->PHP,1000,ANZ,4.1069,4.5092,0.4023,change
2026-09-17T00:00:00+00:00,AUD->PHP,1000,OFX,5.265,5.0806,-0.1844,change
2026-09-17T00:00:00+00:00,AUD->PHP,5000,ANZ,4.1069,4.5092,0.4023,change
2026-09-17T00:00:00+00:00,AUD->PHP,5000,OFX,4.1201,3.9242,-0.1959,change
2026-09-17T00:00:00+00:00,AUD->PHP,25000,ANZ,4.1058,4.5092,0.4034,change
2026-09-17T00:00:00+00:00,AUD->PHP,25000,OFX,3.0712,2.8709,-0.2003,change
2026-09-17T00:00:00+00:00,AUD->PHP,50000,ANZ,4.1048,4.5092,0.4044,change
2026-09-17T00:00:00+00:00,AUD->PHP,50000,OFX,3.07,2.8709,-0.1991,change
2026-09-17T00:00:00+00:00,NZD->PHP,200,PayPal,7.7088,8.1998,0.491,change
2026-09-17T00:00:00+00:00,NZD->PHP,1000,PayPal,5.0351,5.5402,0.505,change
2026-09-17T00:00:00+00:00,NZD->PHP,5000,PayPal,4.4992,5.0082,0.5089,change
2026-09-17T00:00:00+00:00,NZD->PHP,25000,PayPal,4.3957,4.9018,0.5061,change
2026-09-17T00:00:00+00:00,NZD->PHP,50000,ASB NZ,1.9567,2.0515,0.0948,change
2026-09-17T00:00:00+00:00,SGD->PHP,200,PayPal,7.2738,7.5501,0.2763,change
2026-09-17T00:00:00+00:00,SGD->PHP,1000,OFX,5.4698,5.2984,-0.1714,change
2026-09-17T00:00:00+00:00,SGD->PHP,1000,PayPal,4.8265,5.1193,0.2927,change
2026-09-17T00:00:00+00:00,SGD->PHP,5000,OFX,4.3199,4.1446,-0.1753,change
2026-09-17T00:00:00+00:00,SGD->PHP,5000,PayPal,4.3465,4.633,0.2865,change
2026-09-17T00:00:00+00:00,SGD->PHP,25000,OFX,3.3134,3.1347,-0.1787,change
2026-09-17T00:00:00+00:00,SGD->PHP,25000,PayPal,4.2493,4.5358,0.2865,change
2026-09-17T00:00:00+00:00,SGD->PHP,50000,OFX,3.2866,3.1347,-0.1519,change
2026-09-17T00:00:00+00:00,USD->MXN,200,PayPal,6.5312,6.8891,0.3579,change
2026-09-17T00:00:00+00:00,USD->MXN,1000,PayPal,4.6199,4.983,0.3631,change
2026-09-17T00:00:00+00:00,USD->MXN,5000,PayPal,4.2349,4.6018,0.3669,change
2026-09-17T00:00:00+00:00,USD->MXN,25000,Wise,0.4091,0.434,0.0249,change
2026-09-17T00:00:00+00:00,USD->MXN,50000,Wise,0.3453,0.3705,0.0252,change
2026-09-18T00:00:00+00:00,AUD->PHP,200,ANZ,4.2786,3.8973,-0.3813,change
2026-09-18T00:00:00+00:00,AUD->PHP,1000,ANZ,4.2778,3.8973,-0.3805,change
2026-09-18T00:00:00+00:00,AUD->PHP,5000,ANZ,4.2778,3.8973,-0.3805,change
2026-09-18T00:00:00+00:00,AUD->PHP,25000,ANZ,4.3793,3.8973,-0.482,change
2026-09-18T00:00:00+00:00,AUD->PHP,50000,ANZ,4.2743,3.8973,-0.3769,change
2026-09-18T00:00:00+00:00,AUD->PHP,50000,Commonwealth Bank of Australia,4.0884,4.4318,0.3433,change
2026-09-18T00:00:00+00:00,NZD->PHP,200,BNZ,1.9812,2.0386,0.0574,change
2026-09-18T00:00:00+00:00,NZD->PHP,200,Westpac NZ,2.8555,2.7662,-0.0892,change
2026-09-18T00:00:00+00:00,NZD->PHP,1000,OFX,4.9649,5.1784,0.2135,change
2026-09-18T00:00:00+00:00,NZD->PHP,5000,OFX,4.0418,4.257,0.2153,change
2026-09-18T00:00:00+00:00,NZD->PHP,25000,OFX,2.9702,3.1876,0.2174,change
2026-09-18T00:00:00+00:00,NZD->PHP,50000,OFX,2.9474,3.1876,0.2402,change
2026-09-18T00:00:00+00:00,SGD->PHP,200,PayPal,7.4865,7.7439,0.2574,change
2026-09-18T00:00:00+00:00,SGD->PHP,1000,PayPal,5.0583,5.3155,0.2572,change
2026-09-18T00:00:00+00:00,SGD->PHP,5000,PayPal,4.5723,4.8301,0.2578,change
2026-09-18T00:00:00+00:00,SGD->PHP,25000,PayPal,4.4749,4.733,0.2581,change
2026-09-18T00:00:00+00:00,SGD->PHP,50000,OFX,2.9909,3.209,0.2181,change
2026-09-18T00:00:00+00:00,USD->MXN,200,PayPal,7.0699,6.6157,-0.4543,change
2026-09-18T00:00:00+00:00,USD->MXN,1000,PayPal,5.1657,4.7041,-0.4616,change
2026-09-18T00:00:00+00:00,USD->MXN,5000,PayPal,4.7854,4.3218,-0.4636,change
2026-09-19T00:00:00+00:00,AUD->PHP,200,National Australia Bank,2.7494,3.6446,0.8952,change
2026-09-19T00:00:00+00:00,AUD->PHP,200,PayPal,7.8018,7.598,-0.2038,change
2026-09-19T00:00:00+00:00,AUD->PHP,1000,National Australia Bank,2.7912,3.6446,0.8534,change
2026-09-19T00:00:00+00:00,AUD->PHP,1000,PayPal,5.5695,5.3157,-0.2538,change
2026-09-19T00:00:00+00:00,AUD->PHP,5000,National Australia Bank,2.7912,3.6446,0.8534,change
2026-09-19T00:00:00+00:00,AUD->PHP,5000,PayPal,5.113,4.8592,-0.2538,change
2026-09-19T00:00:00+00:00,AUD->PHP,25000,PayPal,5.0568,4.7679,-0.2888,change
2026-09-19T00:00:00+00:00,NZD->PHP,200,BNZ,1.8867,2.9694,1.0827,change
2026-09-19T00:00:00+00:00,NZD->PHP,200,Wise,1.1624,0.8834,-0.279,change
2026-09-19T00:00:00+00:00,NZD->PHP,1000,BNZ,1.9009,2.9694,1.0685,change
2026-09-19T00:00:00+00:00,NZD->PHP,1000,Wise,0.6647,0.4157,-0.249,change
2026-09-19T00:00:00+00:00,NZD->PHP,5000,BNZ,1.8992,2.9694,1.0702,change
2026-09-19T00:00:00+00:00,NZD->PHP,5000,Wise,0.5719,0.3237,-0.2482,change
2026-09-19T00:00:00+00:00,NZD->PHP,25000,BNZ,1.8988,2.9694,1.0706,change
2026-09-19T00:00:00+00:00,NZD->PHP,25000,Wise,0.5549,0.305,-0.2499,change
2026-09-19T00:00:00+00:00,NZD->PHP,50000,BNZ,1.8532,2.9694,1.1162,change
2026-09-19T00:00:00+00:00,NZD->PHP,50000,Wise,0.51,0.2906,-0.2194,change
2026-09-19T00:00:00+00:00,SGD->PHP,1000,OFX,5.2807,5.4802,0.1995,change
2026-09-19T00:00:00+00:00,SGD->PHP,5000,OFX,4.1325,4.3286,0.1961,change
2026-09-19T00:00:00+00:00,SGD->PHP,25000,OFX,3.1234,3.3207,0.1973,change
2026-09-19T00:00:00+00:00,SGD->PHP,50000,OFX,3.0861,3.3207,0.2345,change
2026-09-19T00:00:00+00:00,USD->MXN,200,OFX,4.5969,5.3931,0.7962,change
2026-09-19T00:00:00+00:00,USD->MXN,1000,OFX,2.6404,3.4524,0.812,change
2026-09-19T00:00:00+00:00,USD->MXN,5000,OFX,1.2028,2.0237,0.8209,change
2026-09-19T00:00:00+00:00,USD->MXN,25000,OFX,1.2028,2.0237,0.8209,change
2026-09-19T00:00:00+00:00,USD->MXN,50000,OFX,1.1954,2.0237,0.8283,change
2026-09-20T00:00:00+00:00,NZD->PHP,200,BNZ,2.9072,2.8278,-0.0794,change
2026-09-20T00:00:00+00:00,NZD->PHP,1000,BNZ,2.9068,2.8278,-0.079,change
2026-09-20T00:00:00+00:00,NZD->PHP,5000,BNZ,2.9063,2.8278,-0.0785,change
2026-09-20T00:00:00+00:00,NZD->PHP,25000,BNZ,2.9062,2.8278,-0.0784,change
2026-09-20T00:00:00+00:00,NZD->PHP,50000,BNZ,2.9059,2.8278,-0.0781,change
2026-09-21T00:00:00+00:00,AUD->PHP,200,ANZ,3.9684,4.4924,0.5239,change
2026-09-21T00:00:00+00:00,AUD->PHP,1000,ANZ,3.94,4.4924,0.5524,change
2026-09-21T00:00:00+00:00,AUD->PHP,5000,ANZ,3.9401,4.4924,0.5523,change
2026-09-21T00:00:00+00:00,AUD->PHP,25000,ANZ,3.9311,4.4924,0.5613,change
2026-09-21T00:00:00+00:00,AUD->PHP,25000,OFX,3.185,2.9263,-0.2587,change
2026-09-21T00:00:00+00:00,AUD->PHP,50000,ANZ,3.9221,4.4924,0.5703,change
2026-09-21T00:00:00+00:00,AUD->PHP,50000,OFX,3.1995,2.9263,-0.2733,change
2026-09-21T00:00:00+00:00,NZD->PHP,200,Wise,0.9367,1.1909,0.2543,change
2026-09-21T00:00:00+00:00,NZD->PHP,1000,Wise,0.4614,0.7247,0.2633,change
2026-09-21T00:00:00+00:00,NZD->PHP,5000,Wise,0.3699,0.6331,0.2631,change
2026-09-21T00:00:00+00:00,NZD->PHP,25000,Wise,0.3583,0.6248,0.2665,change
2026-09-21T00:00:00+00:00,NZD->PHP,50000,Wise,0.3432,0.6,0.2568,change
2026-09-21T00:00:00+00:00,SGD->PHP,1000,Wise,0.3394,0.5378,0.1984,change
2026-09-22T00:00:00+00:00,AUD->PHP,200,PayPal,8.0487,7.4308,-0.618,change
2026-09-22T00:00:00+00:00,AUD->PHP,1000,PayPal,5.7515,5.1372,-0.6144,change
2026-09-22T00:00:00+00:00,AUD->PHP,5000,PayPal,5.3024,4.687,-0.6153,change
2026-09-22T00:00:00+00:00,AUD->PHP,25000,PayPal,4.9671,4.5956,-0.3716,change
2026-09-22T00:00:00+00:00,AUD->PHP,50000,Commonwealth Bank of Australia,4.9632,4.8348,-0.1283,change
2026-09-22T00:00:00+00:00,NZD->PHP,200,KiwiBank,12.2691,12.3145,0.0454,change
2026-09-22T00:00:00+00:00,NZD->PHP,200,PayPal,8.1788,7.7011,-0.4777,change
2026-09-22T00:00:00+00:00,NZD->PHP,1000,KiwiBank,4.4446,4.5203,0.0758,change
2026-09-22T00:00:00+00:00,NZD->PHP,1000,PayPal,5.5051,5.0269,-0.4781,change
2026-09-22T00:00:00+00:00,NZD->PHP,5000,KiwiBank,2.8862,2.9615,0.0753,change
2026-09-22T00:00:00+00:00,NZD->PHP,5000,PayPal,4.9731,4.4921,-0.481,change
2026-09-22T00:00:00+00:00,NZD->PHP,25000,PayPal,4.8622,4.3851,-0.4771,change
2026-09-22T00:00:00+00:00,NZD->PHP,50000,KiwiBank,2.542,2.6107,0.0687,change
2026-09-22T00:00:00+00:00,NZD->PHP,50000,OFX,2.8927,2.7898,-0.1029,change
2026-09-22T00:00:00+00:00,SGD->PHP,200,PayPal,8.0087,7.412,-0.5967,change
2026-09-22T00:00:00+00:00,SGD->PHP,1000,PayPal,5.5719,4.976,-0.5959,change
2026-09-22T00:00:00+00:00,SGD->PHP,5000,PayPal,5.086,4.4889,-0.5972,change
2026-09-22T00:00:00+00:00,SGD->PHP,25000,PayPal,4.9889,4.3914,-0.5975,change
2026-09-22T00:00:00+00:00,SGD->PHP,50000,OFX,3.2226,3.125,-0.0976,change
2026-09-22T00:00:00+00:00,USD->MXN,200,PayPal,6.6864,6.731,0.0447,change
2026-09-22T00:00:00+00:00,USD->MXN,1000,PayPal,4.7797,4.8218,0.0421,change
2026-09-22T00:00:00+00:00,USD->MXN,5000,PayPal,4.4009,4.4399,0.0391,change
2026-09-22T00:00:00+00:00,USD->MXN,50000,OFX,1.0747,1.0413,-0.0334,change
2026-09-23T00:00:00+00:00,AUD->PHP,200,PayPal,7.2384,7.5779,0.3395,change
2026-09-23T00:00:00+00:00,AUD->PHP,200,Remitly,1.3859,0.9677,-0.4183,change
2026-09-23T00:00:00+00:00,AUD->PHP,1000,OFX,5.546,5.7276,0.1816,change
2026-09-23T00:00:00+00:00,AUD->PHP,1000,Remitly,1.3902,0.9677,-0.4225,change
2026-09-23T00:00:00+00:00,AUD->PHP,5000,OFX,4.3935,4.5791,0.1856,change
2026-09-23T00:00:00+00:00,AUD->PHP,5000,Remitly,1.3907,0.9677,-0.423,change
2026-09-23T00:00:00+00:00,AUD->PHP,25000,ANZ,4.8222,4.484,-0.3382,change
2026-09-23T00:00:00+00:00,AUD->PHP,25000,OFX,3.351,3.533,0.182,change
2026-09-23T00:00:00+00:00,AUD->PHP,50000,ANZ,4.8171,4.484,-0.3331,change
2026-09-23T00:00:00+00:00,AUD->PHP,50000,OFX,3.3645,3.533,0.1684,change
2026-09-23T00:00:00+00:00,NZD->PHP,200,KiwiBank,12.6106,12.5161,-0.0945,change
2026-09-23T00:00:00+00:00,NZD->PHP,200,PayPal,7.9707,8.3206,0.3499,change
2026-09-23T00:00:00+00:00,NZD->PHP,1000,KiwiBank,4.8346,4.7397,-0.0949,change
2026-09-23T00:00:00+00:00,NZD->PHP,5000,KiwiBank,3.2758,3.1845,-0.0913,change
2026-09-23T00:00:00+00:00,NZD->PHP,25000,KiwiBank,2.9639,2.8735,-0.0904,change
2026-09-23T00:00:00+00:00,NZD->PHP,25000,OFX,3.3421,3.4936,0.1515,change
2026-09-23T00:00:00+00:00,NZD->PHP,50000,KiwiBank,2.9188,2.8346,-0.0843,change
2026-09-23T00:00:00+00:00,NZD->PHP,50000,OFX,3.3272,3.4936,0.1664,change
2026-09-23T00:00:00+00:00,SGD->PHP,200,PayPal,7.1569,7.6881,0.5312,change
2026-09-23T00:00:00+00:00,SGD->PHP,200,Wise,0.7887,0.7619,-0.0267,change
2026-09-23T00:00:00+00:00,SGD->PHP,1000,PayPal,4.7489,5.2572,0.5083,change
2026-09-23T00:00:00+00:00,SGD->PHP,1000,Wise,0.614,0.5,-0.114,change
2026-09-23T00:00:00+00:00,SGD->PHP,5000,PayPal,4.2626,4.7713,0.5088,change
2026-09-23T00:00:00+00:00,SGD->PHP,5000,Wise,0.566,0.4485,-0.1175,change
2026-09-23T00:00:00+00:00,SGD->PHP,25000,PayPal,4.1653,4.6742,0.5089,change
2026-09-23T00:00:00+00:00,SGD->PHP,25000,Wise,0.5562,0.438,-0.1181,change
2026-09-23T00:00:00+00:00,SGD->PHP,50000,OFX,2.9718,3.1782,0.2064,change
2026-09-23T00:00:00+00:00,SGD->PHP,50000,Wise,0.4281,0.4011,-0.0271,change
2026-09-23T00:00:00+00:00,USD->MXN,200,PayPal,6.1855,6.8563,0.6709,change
2026-09-23T00:00:00+00:00,USD->MXN,1000,PayPal,4.2707,4.9497,0.6791,change
2026-09-23T00:00:00+00:00,USD->MXN,5000,PayPal,3.8856,4.5684,0.6828,change
2026-09-24T00:00:00+00:00,AUD->PHP,200,Commonwealth Bank of Australia,4.643,4.8958,0.2527,change
2026-09-24T00:00:00+00:00,AUD->PHP,200,Remitly,0.7648,0.4853,-0.2796,change
2026-09-24T00:00:00+00:00,AUD->PHP,1000,Commonwealth Bank of Australia,4.6434,4.8958,0.2524,change
2026-09-24T00:00:00+00:00,AUD->PHP,1000,Remitly,0.7356,0.4853,-0.2504,change
2026-09-24T00:00:00+00:00,AUD->PHP,5000,Commonwealth Bank of Australia,4.6464,4.8958,0.2494,change
2026-09-24T00:00:00+00:00,AUD->PHP,5000,Remitly,0.7369,0.4853,-0.2516,change
2026-09-24T00:00:00+00:00,AUD->PHP,25000,Commonwealth Bank of Australia,4.6745,4.8958,0.2213,change
2026-09-24T00:00:00+00:00,AUD->PHP,50000,Commonwealth Bank of Australia,4.6482,4.8958,0.2476,change
2026-09-24T00:00:00+00:00,NZD->PHP,200,PayPal,7.9962,8.1363,0.1401,change
2026-09-24T00:00:00+00:00,NZD->PHP,1000,PayPal,5.3304,5.4748,0.1444,change
2026-09-24T00:00:00+00:00,NZD->PHP,5000,PayPal,4.7982,4.9425,0.1443,change
2026-09-24T00:00:00+00:00,NZD->PHP,25000,PayPal,4.6917,4.836,0.1443,change
2026-09-24T00:00:00+00:00,NZD->PHP,50000,OFX,3.0429,3.1503,0.1074,change
2026-09-24T00:00:00+00:00,SGD->PHP,200,PayPal,7.5674,7.6846,0.1172,change
2026-09-24T00:00:00+00:00,SGD->PHP,1000,PayPal,5.1397,5.2483,0.1086,change
2026-09-24T00:00:00+00:00,SGD->PHP,5000,PayPal,4.6524,4.7611,0.1087,change
2026-09-24T00:00:00+00:00,SGD->PHP,25000,PayPal,4.5545,4.6636,0.1091,change
2026-09-24T00:00:00+00:00,SGD->PHP,50000,OFX,3.0107,3.0997,0.0891,change
2026-09-24T00:00:00+00:00,USD->MXN,200,PayPal,7.0479,7.4404,0.3925,change
2026-09-24T00:00:00+00:00,USD->MXN,1000,PayPal,5.1421,5.5457,0.4036,change
2026-09-24T00:00:00+00:00,USD->MXN,5000,PayPal,4.7619,5.1667,0.4048,change
2026-09-25T00:00:00+00:00,AUD->PHP,200,ANZ,4.3651,4.6704,0.3052,change
2026-09-25T00:00:00+00:00,AUD->PHP,200,PayPal,7.8061,7.3479,-0.4582,change
2026-09-25T00:00:00+00:00,AUD->PHP,1000,ANZ,4.3585,4.6704,0.3118,change
2026-09-25T00:00:00+00:00,AUD->PHP,1000,PayPal,5.5168,5.0595,-0.4573,change
2026-09-25T00:00:00+00:00,AUD->PHP,5000,ANZ,4.3602,4.6704,0.3102,change
2026-09-25T00:00:00+00:00,AUD->PHP,5000,PayPal,5.061,4.6018,-0.4592,change
2026-09-25T00:00:00+00:00,AUD->PHP,25000,ANZ,4.3544,4.6704,0.3159,change
2026-09-25T00:00:00+00:00,AUD->PHP,25000,PayPal,4.9707,4.5103,-0.4605,change
2026-09-25T00:00:00+00:00,AUD->PHP,50000,ANZ,4.3582,4.6704,0.3122,change
2026-09-25T00:00:00+00:00,AUD->PHP,50000,Commonwealth Bank of Australia,5.0338,4.6334,-0.4004,change
2026-09-25T00:00:00+00:00,NZD->PHP,200,PayPal,8.4679,7.8948,-0.5731,change
2026-09-25T00:00:00+00:00,NZD->PHP,1000,PayPal,5.8013,5.2263,-0.5751,change
2026-09-25T00:00:00+00:00,NZD->PHP,5000,PayPal,5.2714,4.6925,-0.5789,change
2026-09-25T00:00:00+00:00,NZD->PHP,25000,PayPal,5.1656,4.5857,-0.5799,change
2026-09-25T00:00:00+00:00,NZD->PHP,50000,OFX,3.5181,3.4005,-0.1176,change
2026-09-25T00:00:00+00:00,SGD->PHP,200,PayPal,8.0669,7.5792,-0.4877,change
2026-09-25T00:00:00+00:00,SGD->PHP,1000,PayPal,5.6283,5.145,-0.4833,change
2026-09-25T00:00:00+00:00,SGD->PHP,5000,PayPal,5.1426,4.659,-0.4836,change
2026-09-25T00:00:00+00:00,SGD->PHP,25000,PayPal,5.0452,4.5616,-0.4836,change
2026-09-25T00:00:00+00:00,SGD->PHP,50000,OFX,3.5607,3.5004,-0.0603,change
2026-09-25T00:00:00+00:00,USD->MXN,200,PayPal,7.7734,7.4404,-0.333,change
2026-09-25T00:00:00+00:00,USD->MXN,1000,PayPal,5.8885,5.5457,-0.3428,change
2026-09-25T00:00:00+00:00,USD->MXN,5000,PayPal,5.5023,5.1667,-0.3356,change
2026-09-26T00:00:00+00:00,AUD->PHP,200,Commonwealth Bank of Australia,4.4962,4.3059,-0.1903,change
2026-09-26T00:00:00+00:00,AUD->PHP,200,National Australia Bank,2.9468,3.5868,0.6401,change
2026-09-26T00:00:00+00:00,AUD->PHP,1000,Commonwealth Bank of Australia,4.4953,4.3059,-0.1894,change
2026-09-26T00:00:00+00:00,AUD->PHP,1000,National Australia Bank,2.9383,3.5868,0.6485,change
2026-09-26T00:00:00+00:00,AUD->PHP,5000,Commonwealth Bank of Australia,4.4953,4.3059,-0.1894,change
2026-09-26T00:00:00+00:00,AUD->PHP,5000,National Australia Bank,2.9371,3.5868,0.6497,change
2026-09-26T00:00:00+00:00,AUD->PHP,25000,Commonwealth Bank of Australia,4.4633,4.3059,-0.1574,change
2026-09-26T00:00:00+00:00,AUD->PHP,25000,PayPal,4.3121,4.7474,0.4353,change
2026-09-26T00:00:00+00:00,AUD->PHP,50000,Commonwealth Bank of Australia,4.4316,4.3059,-0.1258,change
2026-09-26T00:00:00+00:00,NZD->PHP,200,BNZ,2.0177,3.2992,1.2815,change
2026-09-26T00:00:00+00:00,NZD->PHP,200,Westpac NZ,2.9416,2.7049,-0.2367,change
2026-09-26T00:00:00+00:00,NZD->PHP,1000,BNZ,2.0111,3.2992,1.2881,change
2026-09-26T00:00:00+00:00,NZD->PHP,1000,Westpac NZ,2.8761,2.7049,-0.1712,change
2026-09-26T00:00:00+00:00,NZD->PHP,5000,BNZ,2.0125,3.2992,1.2867,change
2026-09-26T00:00:00+00:00,NZD->PHP,5000,Westpac NZ,2.8744,2.7049,-0.1695,change
2026-09-26T00:00:00+00:00,NZD->PHP,25000,BNZ,2.0123,3.2992,1.2869,change
2026-09-26T00:00:00+00:00,NZD->PHP,25000,Westpac NZ,2.874,2.7049,-0.1691,change
2026-09-26T00:00:00+00:00,NZD->PHP,50000,BNZ,2.0111,3.2992,1.2881,change
2026-09-26T00:00:00+00:00,NZD->PHP,50000,Westpac NZ,2.8183,2.7049,-0.1134,change
2026-09-26T00:00:00+00:00,SGD->PHP,200,PayPal,7.3856,7.807,0.4214,change
2026-09-26T00:00:00+00:00,SGD->PHP,1000,PayPal,4.9544,5.3786,0.4242,change
2026-09-26T00:00:00+00:00,SGD->PHP,5000,OFX,4.2377,4.1718,-0.0659,change
2026-09-26T00:00:00+00:00,SGD->PHP,5000,PayPal,4.4648,4.893,0.4282,change
2026-09-26T00:00:00+00:00,SGD->PHP,25000,OFX,3.232,3.162,-0.07,change
2026-09-26T00:00:00+00:00,SGD->PHP,25000,PayPal,4.3675,4.7958,0.4283,change
2026-09-26T00:00:00+00:00,SGD->PHP,50000,OFX,3.2307,3.162,-0.0687,change
2026-09-26T00:00:00+00:00,USD->MXN,200,OFX,4.6343,5.4342,0.7999,change
2026-09-26T00:00:00+00:00,USD->MXN,200,PayPal,7.614,6.5535,-1.0605,change
2026-09-26T00:00:00+00:00,USD->MXN,1000,OFX,2.6762,3.4943,0.8181,change
2026-09-26T00:00:00+00:00,USD->MXN,1000,PayPal,5.7237,4.6405,-1.0832,change
2026-09-26T00:00:00+00:00,USD->MXN,5000,OFX,1.2328,2.0665,0.8337,change
2026-09-26T00:00:00+00:00,USD->MXN,5000,PayPal,5.3449,4.2579,-1.087,change
2026-09-26T00:00:00+00:00,USD->MXN,25000,Chase (US),2.5973,2.48,-0.1173,change
2026-09-26T00:00:00+00:00,USD->MXN,25000,OFX,1.2672,2.0665,0.7993,change
2026-09-26T00:00:00+00:00,USD->MXN,50000,Chase (US),1.2785,1.2376,-0.0409,change
2026-09-26T00:00:00+00:00,USD->MXN,50000,OFX,1.2413,2.0665,0.8252,change
2026-09-27T00:00:00+00:00,AUD->PHP,200,Remitly,0.6667,1.0081,0.3414,change
2026-09-27T00:00:00+00:00,AUD->PHP,1000,Remitly,0.6667,1.0081,0.3414,change
2026-09-27T00:00:00+00:00,AUD->PHP,5000,Remitly,0.6666,1.0081,0.3415,change
2026-09-27T00:00:00+00:00,NZD->PHP,200,BNZ,3.3027,3.2237,-0.079,change
2026-09-27T00:00:00+00:00,NZD->PHP,1000,BNZ,3.3027,3.2237,-0.079,change
2026-09-27T00:00:00+00:00,NZD->PHP,5000,BNZ,3.3027,3.2237,-0.079,change
2026-09-27T00:00:00+00:00,NZD->PHP,25000,BNZ,3.3027,3.2237,-0.079,change
2026-09-27T00:00:00+00:00,NZD->PHP,50000,BNZ,3.3028,3.2237,-0.0791,change
2026-09-11T00:00:00+00:00,NZD->PHP,50000,Westpac NZ,2.078,2.2831,0.2051,change
2026-09-15T00:00:00+00:00,NZD->PHP,50000,Wise,0.9349,0.8921,-0.0428,change
2026-09-29T00:00:00+00:00,AUD->PHP,200,Commonwealth Bank of Australia,4.3637,4.8507,0.487,change
2026-09-29T00:00:00+00:00,AUD->PHP,1000,Commonwealth Bank of Australia,4.3244,4.8506,0.5262,change
2026-09-29T00:00:00+00:00,AUD->PHP,5000,Commonwealth Bank of Australia,4.3237,4.8507,0.527,change
2026-09-29T00:00:00+00:00,AUD->PHP,25000,Commonwealth Bank of Australia,4.3257,4.8507,0.525,change
2026-09-29T00:00:00+00:00,AUD->PHP,50000,Commonwealth Bank of Australia,4.3658,4.8507,0.4849,change
2026-09-29T00:00:00+00:00,NZD->PHP,200,Wise,1.1266,1.1831,0.0565,change
2026-09-29T00:00:00+00:00,NZD->PHP,1000,Wise,0.6762,0.7168,0.0406,change
2026-09-29T00:00:00+00:00,NZD->PHP,5000,Wise,0.5876,0.6251,0.0375,change
2026-09-29T00:00:00+00:00,NZD->PHP,25000,Wise,0.5729,0.6064,0.0335,change
2026-09-29T00:00:00+00:00,NZD->PHP,50000,Wise,0.5593,0.5929,0.0336,change
2026-09-29T00:00:00+00:00,SGD->PHP,200,HSBC Singapore,1.4321,1.5444,0.1123,change
2026-09-29T00:00:00+00:00,SGD->PHP,1000,HSBC Singapore,1.442,1.5444,0.1024,change
2026-09-29T00:00:00+00:00,SGD->PHP,5000,HSBC Singapore,1.4422,1.5444,0.1022,change
2026-09-29T00:00:00+00:00,SGD->PHP,25000,HSBC Singapore,1.4421,1.5444,0.1023,change
2026-09-29T00:00:00+00:00,SGD->PHP,50000,HSBC Singapore,1.4544,1.5444,0.09,change
2026-09-29T00:00:00+00:00,USD->MXN,200,PayPal,6.1474,7.4337,1.2863,change
2026-09-29T00:00:00+00:00,USD->MXN,1000,PayPal,4.2242,5.5389,1.3147,change
2026-09-29T00:00:00+00:00,USD->MXN,5000,PayPal,3.8401,5.1599,1.3198,change
2026-09-30T00:00:00+00:00,AUD->PHP,200,National Australia Bank,3.0956,2.9749,-0.1207,change
2026-09-30T00:00:00+00:00,AUD->PHP,1000,National Australia Bank,3.1158,2.975,-0.1409,change
2026-09-30T00:00:00+00:00,AUD->PHP,5000,National Australia Bank,3.1159,2.975,-0.1409,change
2026-09-30T00:00:00+00:00,AUD->PHP,50000,Commonwealth Bank of Australia,4.8238,4.8987,0.0749,change
2026-09-30T00:00:00+00:00,NZD->PHP,200,BNZ,1.919,1.6638,-0.2552,change
2026-09-30T00:00:00+00:00,NZD->PHP,200,PayPal,7.5684,7.9921,0.4237,change
2026-09-30T00:00:00+00:00,NZD->PHP,1000,BNZ,1.814,1.6638,-0.1501,change
2026-09-30T00:00:00+00:00,NZD->PHP,1000,PayPal,4.9198,5.3264,0.4066,change
2026-09-30T00:00:00+00:00,NZD->PHP,5000,BNZ,1.8105,1.6638,-0.1466,change
2026-09-30T00:00:00+00:00,NZD->PHP,5000,PayPal,4.3834,4.7932,0.4099,change
2026-09-30T00:00:00+00:00,NZD->PHP,25000,BNZ,1.8064,1.6638,-0.1426,change
2026-09-30T00:00:00+00:00,NZD->PHP,25000,PayPal,4.2738,4.6866,0.4128,change
2026-09-30T00:00:00+00:00,NZD->PHP,50000,BNZ,1.7898,1.6526,-0.1372,change
2026-09-30T00:00:00+00:00,NZD->PHP,50000,Westpac NZ,2.2232,2.4974,0.2743,change
2026-09-30T00:00:00+00:00,SGD->PHP,200,PayPal,7.3931,7.7142,0.3211,change
2026-09-30T00:00:00+00:00,SGD->PHP,200,Wise,0.5265,0.4882,-0.0383,change
2026-09-30T00:00:00+00:00,SGD->PHP,1000,PayPal,4.9647,5.2838,0.3191,change
2026-09-30T00:00:00+00:00,SGD->PHP,5000,PayPal,4.4763,4.7977,0.3215,change
2026-09-30T00:00:00+00:00,SGD->PHP,25000,PayPal,4.3775,4.7005,0.3231,change
2026-09-30T00:00:00+00:00,USD->INR,200,Chase (US),5.6412,5.911,0.2698,change
2026-09-30T00:00:00+00:00,USD->INR,1000,Chase (US),3.7056,3.981,0.2753,change
2026-09-30T00:00:00+00:00,USD->INR,5000,Chase (US),2.7226,3.0011,0.2784,change
2026-09-30T00:00:00+00:00,USD->INR,25000,Chase (US),2.718,3.0011,0.2831,change
2026-09-30T00:00:00+00:00,USD->INR,50000,Chase (US),1.478,1.7574,0.2794,change
2026-09-30T00:00:00+00:00,USD->INR,50000,Wise,0.6205,0.5025,-0.118,change
2026-09-30T00:00:00+00:00,USD->MXN,200,PayPal,7.6306,7.1746,-0.456,change
2026-09-30T00:00:00+00:00,USD->MXN,1000,PayPal,5.7408,5.2743,-0.4665,change
2026-09-30T00:00:00+00:00,USD->MXN,5000,PayPal,5.3619,4.8944,-0.4675,change
2026-09-30T00:00:00+00:00,USD->MXN,25000,OFX,1.2021,1.0171,-0.185,change
2026-09-30T00:00:00+00:00,USD->MXN,50000,OFX,1.2071,1.0171,-0.1899,change
2026-09-30T00:00:00+00:00,USD->NGN,200,Instarem,0.9288,0.7066,-0.2222,change
2026-09-30T00:00:00+00:00,USD->NGN,200,Wise,0.9136,1.2891,0.3754,change
2026-09-30T00:00:00+00:00,USD->NGN,1000,Instarem,0.9796,0.7066,-0.273,change
2026-09-30T00:00:00+00:00,USD->NGN,1000,Wise,-2.1121,-1.635,0.477,change
2026-09-30T00:00:00+00:00,USD->NGN,5000,Instarem,0.9314,0.7066,-0.2248,change
2026-09-30T00:00:00+00:00,USD->NGN,5000,Wise,-2.6022,-2.2199,0.3823,change
2026-09-30T00:00:00+00:00,USD->NGN,25000,Instarem,0.9314,0.7066,-0.2248,change
2026-09-30T00:00:00+00:00,USD->NGN,25000,Wise,-2.7194,-2.3369,0.3825,change
2026-09-30T00:00:00+00:00,USD->NGN,50000,Instarem,0.9315,0.7066,-0.2249,change
2026-09-30T00:00:00+00:00,USD->NGN,50000,Wise,-2.7848,-2.4022,0.3826,change
2026-10-01T00:00:00+00:00,AUD->PHP,200,Remitly,1.054,0.9689,-0.0851,change
2026-10-01T00:00:00+00:00,AUD->PHP,200,Western Union,1.9644,2.0944,0.13,change
2026-10-01T00:00:00+00:00,AUD->PHP,1000,Remitly,1.0554,0.9689,-0.0865,change
2026-10-01T00:00:00+00:00,AUD->PHP,1000,Western Union,1.4767,1.6051,0.1284,change
2026-10-01T00:00:00+00:00,AUD->PHP,5000,Remitly,1.0553,0.9689,-0.0863,change
2026-10-01T00:00:00+00:00,AUD->PHP,5000,Western Union,1.3175,1.4471,0.1297,change
2026-10-01T00:00:00+00:00,AUD->PHP,25000,Western Union,0.9682,1.0906,0.1224,change
2026-10-01T00:00:00+00:00,AUD->PHP,50000,Western Union,0.9698,1.0847,0.1148,change
2026-10-01T00:00:00+00:00,NZD->PHP,200,PayPal,8.4242,8.0049,-0.4193,change
2026-10-01T00:00:00+00:00,NZD->PHP,200,Wise,1.2977,1.4019,0.1042,change
2026-10-01T00:00:00+00:00,NZD->PHP,1000,PayPal,5.7864,5.3396,-0.4467,change
2026-10-01T00:00:00+00:00,NZD->PHP,5000,PayPal,5.2624,4.8065,-0.4559,change
2026-10-01T00:00:00+00:00,NZD->PHP,25000,OFX,3.1482,3.184,0.0358,change
2026-10-01T00:00:00+00:00,NZD->PHP,25000,PayPal,5.1577,4.7,-0.4577,change
2026-10-01T00:00:00+00:00,NZD->PHP,50000,Westpac NZ,2.9535,2.8299,-0.1236,change
2026-10-01T00:00:00+00:00,SGD->PHP,200,PayPal,8.0885,7.8726,-0.2159,change
2026-10-01T00:00:00+00:00,SGD->PHP,1000,PayPal,5.6567,5.4396,-0.217,change
2026-10-01T00:00:00+00:00,SGD->PHP,5000,PayPal,5.1679,4.9533,-0.2146,change
2026-10-01T00:00:00+00:00,SGD->PHP,25000,PayPal,5.0707,4.8561,-0.2146,change
2026-10-01T00:00:00+00:00,USD->MXN,200,PayPal,6.8426,7.1356,0.293,change
2026-10-01T00:00:00+00:00,USD->MXN,1000,PayPal,4.9398,5.2345,0.2947,change
2026-10-01T00:00:00+00:00,USD->MXN,5000,PayPal,4.5578,4.8543,0.2965,change
2026-10-01T00:00:00+00:00,USD->MXN,25000,OFX,0.5466,0.6085,0.0619,change
2026-10-01T00:00:00+00:00,USD->MXN,50000,OFX,0.5345,0.6085,0.074,change
2026-10-01T00:00:00+00:00,USD->NGN,200,Instarem,1.23,0.7447,-0.4853,change
2026-10-01T00:00:00+00:00,USD->NGN,200,Wise,1.3951,1.9909,0.5958,change
2026-10-01T00:00:00+00:00,USD->NGN,1000,Instarem,1.1951,0.7447,-0.4504,change
2026-10-01T00:00:00+00:00,USD->NGN,1000,Wise,-1.4372,-0.9124,0.5248,change
2026-10-01T00:00:00+00:00,USD->NGN,5000,Instarem,1.2458,0.7447,-0.5011,change
2026-10-01T00:00:00+00:00,USD->NGN,5000,Wise,-2.1178,-1.493,0.6248,change
2026-10-01T00:00:00+00:00,USD->NGN,25000,Instarem,1.2463,0.7447,-0.5016,change
2026-10-01T00:00:00+00:00,USD->NGN,25000,Wise,-2.2351,-1.6093,0.6258,change
2026-10-01T00:00:00+00:00,USD->NGN,50000,Instarem,1.2466,0.7447,-0.5019,change
2026-10-01T00:00:00+00:00,USD->NGN,50000,Wise,-2.3005,-1.6741,0.6264,change
2026-10-02T00:00:00+00:00,AUD->PHP,200,ANZ,4.4251,4.7154,0.2903,change
2026-10-02T00:00:00+00:00,AUD->PHP,200,Commonwealth Bank of Australia,4.8354,4.6525,-0.183,change
2026-10-02T00:00:00+00:00,AUD->PHP,1000,ANZ,4.4308,4.7154,0.2845,change
2026-10-02T00:00:00+00:00,AUD->PHP,1000,Commonwealth Bank of Australia,4.8467,4.6525,-0.1942,change
2026-10-02T00:00:00+00:00,AUD->PHP,5000,ANZ,4.4308,4.7154,0.2846,change
2026-10-02T00:00:00+00:00,AUD->PHP,5000,Commonwealth Bank of Australia,4.8464,4.6525,-0.1939,change
2026-10-02T00:00:00+00:00,AUD->PHP,25000,ANZ,4.4211,4.7154,0.2943,change
2026-10-02T00:00:00+00:00,AUD->PHP,25000,Commonwealth Bank of Australia,4.8465,4.6525,-0.1939,change
2026-10-02T00:00:00+00:00,AUD->PHP,50000,ANZ,4.4365,4.7154,0.2789,change
2026-10-02T00:00:00+00:00,AUD->PHP,50000,Commonwealth Bank of Australia,4.8552,4.6525,-0.2027,change
2026-10-02T00:00:00+00:00,NZD->PHP,200,PayPal,7.9619,7.9027,-0.0592,change
2026-10-02T00:00:00+00:00,NZD->PHP,1000,OFX,5.1286,5.2427,0.1141,change
2026-10-02T00:00:00+00:00,NZD->PHP,1000,PayPal,5.2938,5.2344,-0.0594,change
2026-10-02T00:00:00+00:00,NZD->PHP,5000,OFX,4.206,4.322,0.1159,change
2026-10-02T00:00:00+00:00,NZD->PHP,5000,PayPal,4.7588,4.7008,-0.0581,change
2026-10-02T00:00:00+00:00,NZD->PHP,25000,PayPal,4.6519,4.5941,-0.0578,change
2026-10-02T00:00:00+00:00,NZD->PHP,50000,Wise,0.7702,0.708,-0.0622,change
2026-10-02T00:00:00+00:00,SGD->INR,200,Instarem,0.6576,0.5488,-0.1088,change
2026-10-02T00:00:00+00:00,SGD->INR,200,Wise,0.712,0.8328,0.1208,change
2026-10-02T00:00:00+00:00,SGD->INR,1000,Instarem,0.7111,0.5488,-0.1623,change
2026-10-02T00:00:00+00:00,SGD->INR,1000,OFX,4.6452,4.8919,0.2467,change
2026-10-02T00:00:00+00:00,SGD->INR,5000,Instarem,0.7159,0.5488,-0.1671,change
2026-10-02T00:00:00+00:00,SGD->INR,5000,OFX,3.4821,3.7332,0.2511,change
2026-10-02T00:00:00+00:00,SGD->INR,25000,Instarem,0.5658,0.3988,-0.167,change
2026-10-02T00:00:00+00:00,SGD->INR,25000,OFX,2.4676,2.7225,0.255,change
2026-10-02T00:00:00+00:00,SGD->INR,50000,Instarem,0.5659,0.3988,-0.1671,change
2026-10-02T00:00:00+00:00,SGD->INR,50000,OFX,2.4676,2.7225,0.255,change
2026-10-02T00:00:00+00:00,SGD->PHP,200,PayPal,7.9817,7.5522,-0.4295,change
2026-10-02T00:00:00+00:00,SGD->PHP,1000,OFX,5.3773,5.6429,0.2656,change
2026-10-02T00:00:00+00:00,SGD->PHP,1000,PayPal,5.5807,5.1145,-0.4662,change
2026-10-02T00:00:00+00:00,SGD->PHP,5000,OFX,4.2241,4.4934,0.2694,change
2026-10-02T00:00:00+00:00,SGD->PHP,5000,PayPal,5.0989,4.6269,-0.472,change
2026-10-02T00:00:00+00:00,SGD->PHP,25000,OFX,3.2145,3.4873,0.2728,change
2026-10-02T00:00:00+00:00,SGD->PHP,25000,PayPal,5.0018,4.5294,-0.4724,change
2026-10-02T00:00:00+00:00,SGD->PHP,50000,HSBC Singapore,1.8689,1.7707,-0.0982,change
2026-10-02T00:00:00+00:00,SGD->PHP,50000,OFX,3.3026,3.4873,0.1847,change
2026-10-02T00:00:00+00:00,USD->INR,200,OFX,5.9456,6.1113,0.1657,change
2026-10-02T00:00:00+00:00,USD->INR,200,Western Union,1.8947,1.5849,-0.3099,change
2026-10-02T00:00:00+00:00,USD->INR,1000,OFX,4.0136,4.1855,0.1719,change
2026-10-02T00:00:00+00:00,USD->INR,1000,Western Union,0.9117,0.5958,-0.3159,change
2026-10-02T00:00:00+00:00,USD->INR,5000,OFX,2.5821,2.7599,0.1778,change
2026-10-02T00:00:00+00:00,USD->INR,5000,Western Union,0.8145,0.4959,-0.3186,change
2026-10-02T00:00:00+00:00,USD->INR,25000,OFX,2.5988,2.7599,0.1612,change
2026-10-02T00:00:00+00:00,USD->INR,25000,Western Union,0.6208,0.2961,-0.3247,change
2026-10-02T00:00:00+00:00,USD->INR,50000,OFX,2.5416,2.7599,0.2183,change
2026-10-02T00:00:00+00:00,USD->INR,50000,Western Union,0.634,0.2961,-0.3379,change
2026-10-02T00:00:00+00:00,USD->MXN,200,Instarem,0.9856,1.0588,0.0732,change
2026-10-02T00:00:00+00:00,USD->MXN,200,PayPal,7.9353,7.7216,-0.2137,change
2026-10-02T00:00:00+00:00,USD->MXN,1000,Instarem,1.0042,1.0587,0.0545,change
2026-10-02T00:00:00+00:00,USD->MXN,1000,PayPal,6.041,5.8326,-0.2084,change
2026-10-02T00:00:00+00:00,USD->MXN,5000,Instarem,0.9561,0.9988,0.0427,change
2026-10-02T00:00:00+00:00,USD->MXN,5000,PayPal,5.6636,5.4548,-0.2088,change
2026-10-02T00:00:00+00:00,USD->MXN,25000,Instarem,0.9363,0.9788,0.0425,change
2026-10-02T00:00:00+00:00,USD->MXN,50000,Instarem,0.9306,0.9591,0.0285,change
2026-10-02T00:00:00+00:00,USD->NGN,200,Instarem,1.0581,0.5566,-0.5015,change
2026-10-02T00:00:00+00:00,USD->NGN,200,Wise,2.056,2.8989,0.8429,change
2026-10-02T00:00:00+00:00,USD->NGN,1000,Instarem,1.0698,0.5566,-0.5132,change
2026-10-02T00:00:00+00:00,USD->NGN,1000,Wise,-0.8425,0.0225,0.865,change
2026-10-02T00:00:00+00:00,USD->NGN,5000,Instarem,1.0729,0.5566,-0.5163,change
2026-10-02T00:00:00+00:00,USD->NGN,5000,Wise,-1.423,-0.5528,0.8703,change
2026-10-02T00:00:00+00:00,USD->NGN,25000,Instarem,1.0734,0.5566,-0.5168,change
2026-10-02T00:00:00+00:00,USD->NGN,25000,Wise,-1.5391,-0.6679,0.8711,change
2026-10-02T00:00:00+00:00,USD->NGN,50000,Instarem,1.0737,0.5566,-0.5171,change
2026-10-02T00:00:00+00:00,USD->NGN,50000,Wise,-1.6038,-0.7321,0.8717,change
2026-10-03T00:00:00+00:00,AUD->PHP,200,National Australia Bank,2.8382,3.7363,0.8981,change
2026-10-03T00:00:00+00:00,AUD->PHP,1000,National Australia Bank,2.8389,3.7363,0.8974,change
2026-10-03T00:00:00+00:00,AUD->PHP,5000,National Australia Bank,2.8389,3.7363,0.8974,change
2026-10-03T00:00:00+00:00,AUD->PHP,25000,OFX,3.0474,3.3564,0.309,change
2026-10-03T00:00:00+00:00,AUD->PHP,50000,OFX,3.0253,3.3564,0.3311,change
2026-10-03T00:00:00+00:00,NZD->PHP,200,BNZ,1.9607,2.7042,0.7435,change
2026-10-03T00:00:00+00:00,NZD->PHP,200,Westpac NZ,2.922,2.6615,-0.2605,change
2026-10-03T00:00:00+00:00,NZD->PHP,1000,BNZ,1.9878,2.7042,0.7164,change
2026-10-03T00:00:00+00:00,NZD->PHP,1000,Westpac NZ,2.8948,2.6615,-0.2334,change
2026-10-03T00:00:00+00:00,NZD->PHP,5000,BNZ,1.9888,2.7042,0.7154,change
2026-10-03T00:00:00+00:00,NZD->PHP,5000,Westpac NZ,2.8954,2.6615,-0.2339,change
2026-10-03T00:00:00+00:00,NZD->PHP,25000,BNZ,1.989,2.7042,0.7152,change
2026-10-03T00:00:00+00:00,NZD->PHP,25000,Westpac NZ,2.8963,2.6615,-0.2348,change
2026-10-03T00:00:00+00:00,NZD->PHP,50000,BNZ,1.9613,2.7042,0.7429,change
2026-10-03T00:00:00+00:00,NZD->PHP,50000,Westpac NZ,2.8208,2.6615,-0.1593,change
2026-10-03T00:00:00+00:00,SGD->INR,200,HSBC Singapore,1.1692,1.0936,-0.0756,change
2026-10-03T00:00:00+00:00,SGD->INR,200,Instarem,0.6107,0.701,0.0903,change
2026-10-03T00:00:00+00:00,SGD->INR,1000,HSBC Singapore,1.1894,1.0936,-0.0958,change
2026-10-03T00:00:00+00:00,SGD->INR,1000,OFX,4.9726,5.1217,0.1491,change
2026-10-03T00:00:00+00:00,SGD->INR,5000,HSBC Singapore,1.1894,1.0936,-0.0958,change
2026-10-03T00:00:00+00:00,SGD->INR,5000,OFX,3.8099,3.9658,0.1559,change
2026-10-03T00:00:00+00:00,SGD->INR,25000,HSBC Singapore,1.1896,1.0936,-0.096,change
2026-10-03T00:00:00+00:00,SGD->INR,25000,OFX,2.7994,2.9576,0.1582,change
2026-10-03T00:00:00+00:00,SGD->INR,50000,HSBC Singapore,1.1896,1.0936,-0.096,change
2026-10-03T00:00:00+00:00,SGD->INR,50000,OFX,2.7994,2.9576,0.1582,change
2026-10-03T00:00:00+00:00,SGD->PHP,200,HSBC Singapore,1.6826,1.4948,-0.1878,change
2026-10-03T00:00:00+00:00,SGD->PHP,200,PayPal,7.3615,7.8821,0.5206,change
2026-10-03T00:00:00+00:00,SGD->PHP,1000,HSBC Singapore,1.6713,1.4948,-0.1765,change
2026-10-03T00:00:00+00:00,SGD->PHP,1000,PayPal,4.9709,5.4522,0.4813,change
2026-10-03T00:00:00+00:00,SGD->PHP,5000,HSBC Singapore,1.6706,1.4948,-0.1758,change
2026-10-03T00:00:00+00:00,SGD->PHP,5000,PayPal,4.4818,4.9662,0.4844,change
2026-10-03T00:00:00+00:00,SGD->PHP,25000,HSBC Singapore,1.6701,1.4948,-0.1753,change
2026-10-03T00:00:00+00:00,SGD->PHP,25000,PayPal,4.3842,4.8691,0.4849,change
2026-10-03T00:00:00+00:00,SGD->PHP,50000,HSBC Singapore,1.6577,1.4948,-0.1629,change
2026-10-03T00:00:00+00:00,SGD->PHP,50000,OFX,3.2747,3.416,0.1413,change
2026-10-03T00:00:00+00:00,USD->INR,200,Chase (US),5.9985,5.7739,-0.2246,change
2026-10-03T00:00:00+00:00,USD->INR,200,OFX,6.1101,6.3905,0.2804,change
2026-10-03T00:00:00+00:00,USD->INR,1000,Chase (US),4.0705,3.8411,-0.2294,change
2026-10-03T00:00:00+00:00,USD->INR,1000,OFX,4.1839,4.4703,0.2864,change
2026-10-03T00:00:00+00:00,USD->INR,5000,Chase (US),3.0914,2.8597,-0.2317,change
2026-10-03T00:00:00+00:00,USD->INR,5000,OFX,2.7583,3.049,0.2907,change
2026-10-03T00:00:00+00:00,USD->INR,25000,Chase (US),3.0922,2.8597,-0.2325,change
2026-10-03T00:00:00+00:00,USD->INR,25000,OFX,2.7586,3.049,0.2903,change
2026-10-03T00:00:00+00:00,USD->INR,50000,Chase (US),1.8487,1.6143,-0.2344,change
2026-10-03T00:00:00+00:00,USD->INR,50000,OFX,2.7568,3.049,0.2922,change
2026-10-03T00:00:00+00:00,USD->MXN,200,OFX,4.9771,5.7307,0.7537,change
2026-10-03T00:00:00+00:00,USD->MXN,200,PayPal,7.7775,6.9515,-0.826,change
2026-10-03T00:00:00+00:00,USD->MXN,1000,OFX,3.0238,3.7971,0.7733,change
2026-10-03T00:00:00+00:00,USD->MXN,1000,PayPal,5.8898,5.0466,-0.8432,change
2026-10-03T00:00:00+00:00,USD->MXN,5000,OFX,1.5972,2.3742,0.777,change
2026-10-03T00:00:00+00:00,USD->MXN,5000,PayPal,5.5163,4.6657,-0.8506,change
2026-10-03T00:00:00+00:00,USD->MXN,25000,OFX,1.5973,2.3742,0.7769,change
2026-10-03T00:00:00+00:00,USD->MXN,25000,Wells Fargo,3.4639,3.339,-0.1249,change
2026-10-03T00:00:00+00:00,USD->MXN,50000,OFX,1.6182,2.3742,0.756,change
2026-10-03T00:00:00+00:00,USD->MXN,50000,Wise,0.7738,0.7244,-0.0495,change
2026-10-03T00:00:00+00:00,USD->NGN,200,Western Union,-0.4473,-0.6623,-0.215,change
2026-10-03T00:00:00+00:00,USD->NGN,200,Wise,2.9638,3.2983,0.3345,change
2026-10-03T00:00:00+00:00,USD->NGN,1000,Western Union,-0.9402,-1.1631,-0.2229,change
2026-10-03T00:00:00+00:00,USD->NGN,1000,Wise,0.0846,0.4337,0.3491,change
2026-10-03T00:00:00+00:00,USD->NGN,5000,Western Union,-0.9383,-1.1631,-0.2248,change
2026-10-03T00:00:00+00:00,USD->NGN,5000,Wise,-0.4913,-0.1392,0.3521,change
2026-10-03T00:00:00+00:00,USD->NGN,25000,Western Union,-0.9379,-1.1631,-0.2252,change
2026-10-03T00:00:00+00:00,USD->NGN,25000,Wise,-0.6066,-0.2538,0.3528,change
2026-10-03T00:00:00+00:00,USD->NGN,50000,Western Union,-0.9377,-1.1631,-0.2254,change
2026-10-03T00:00:00+00:00,USD->NGN,50000,Wise,-0.6709,-0.3178,0.3531,change
2026-10-04T00:00:00+00:00,NZD->PHP,200,BNZ,2.6952,2.6155,-0.0797,change
2026-10-04T00:00:00+00:00,NZD->PHP,1000,BNZ,2.6951,2.6155,-0.0796,change
2026-10-04T00:00:00+00:00,NZD->PHP,5000,BNZ,2.6949,2.6155,-0.0794,change
2026-10-04T00:00:00+00:00,NZD->PHP,25000,BNZ,2.6949,2.6155,-0.0794,change
2026-10-04T00:00:00+00:00,NZD->PHP,50000,BNZ,2.6949,2.6155,-0.0794,change
2026-10-04T00:00:00+00:00,USD->NGN,200,Western Union,-0.6988,0.6252,1.324,change
2026-10-04T00:00:00+00:00,USD->NGN,1000,Western Union,-1.2002,0.1308,1.331,change
2026-10-04T00:00:00+00:00,USD->NGN,5000,Western Union,-1.2003,0.1308,1.3311,change
2026-10-04T00:00:00+00:00,USD->NGN,25000,Western Union,-1.2003,0.1308,1.3311,change
2026-10-04T00:00:00+00:00,USD->NGN,50000,Western Union,-1.2003,0.1308,1.3311,change
2026-10-05T00:00:00+00:00,AUD->PHP,200,Commonwealth Bank of Australia,4.183,4.6266,0.4436,change
2026-10-05T00:00:00+00:00,AUD->PHP,1000,Commonwealth Bank of Australia,4.1456,4.6266,0.4811,change
2026-10-05T00:00:00+00:00,AUD->PHP,5000,Commonwealth Bank of Australia,4.1455,4.6266,0.4811,change
2026-10-05T00:00:00+00:00,AUD->PHP,25000,Commonwealth Bank of Australia,4.1453,4.6266,0.4813,change
2026-10-05T00:00:00+00:00,AUD->PHP,50000,Commonwealth Bank of Australia,4.1081,4.6266,0.5185,change
2026-10-05T00:00:00+00:00,NZD->PHP,200,Wise,1.1965,1.3143,0.1178,change
2026-10-05T00:00:00+00:00,NZD->PHP,1000,Wise,0.6776,0.8486,0.171,change
2026-10-05T00:00:00+00:00,NZD->PHP,5000,Wise,0.5858,0.7571,0.1713,change
2026-10-05T00:00:00+00:00,NZD->PHP,25000,Wise,0.5671,0.7384,0.1713,change
2026-10-05T00:00:00+00:00,NZD->PHP,50000,Wise,0.6004,0.7261,0.1257,change
2026-10-05T00:00:00+00:00,SGD->INR,200,Instarem,0.6312,0.7099,0.0787,change
2026-10-05T00:00:00+00:00,SGD->INR,1000,Instarem,0.6335,0.7099,0.0764,change
2026-10-05T00:00:00+00:00,SGD->INR,5000,Instarem,0.6263,0.7099,0.0836,change
2026-10-05T00:00:00+00:00,SGD->INR,25000,Instarem,0.4767,0.5602,0.0835,change
2026-10-05T00:00:00+00:00,SGD->INR,50000,Instarem,0.4768,0.5602,0.0834,change
2026-10-05T00:00:00+00:00,SGD->PHP,200,Instarem,0.839,0.7718,-0.0672,change
2026-10-05T00:00:00+00:00,SGD->PHP,200,PayPal,7.8033,7.9208,0.1175,change
2026-10-05T00:00:00+00:00,SGD->PHP,1000,PayPal,5.338,5.4903,0.1523,change
2026-10-05T00:00:00+00:00,SGD->PHP,5000,PayPal,4.8524,5.0042,0.1518,change
2026-10-05T00:00:00+00:00,SGD->PHP,25000,PayPal,4.7553,4.907,0.1518,change
2026-10-05T00:00:00+00:00,USD->INR,200,Western Union,1.4274,1.6287,0.2013,change
2026-10-05T00:00:00+00:00,USD->INR,1000,Western Union,0.4383,0.6401,0.2018,change
2026-10-05T00:00:00+00:00,USD->INR,5000,Western Union,0.3375,0.5402,0.2027,change
2026-10-05T00:00:00+00:00,USD->INR,25000,Western Union,0.1372,0.3404,0.2032,change
2026-10-05T00:00:00+00:00,USD->INR,50000,Western Union,0.1376,0.3404,0.2028,change
2026-10-05T00:00:00+00:00,USD->NGN,200,Instarem,0.4321,1.3876,0.9555,change
2026-10-05T00:00:00+00:00,USD->NGN,1000,Instarem,0.4179,1.3876,0.9697,change
2026-10-05T00:00:00+00:00,USD->NGN,5000,Instarem,0.4168,1.3876,0.9708,change
2026-10-05T00:00:00+00:00,USD->NGN,25000,Instarem,0.4163,1.3876,0.9713,change
2026-10-05T00:00:00+00:00,USD->NGN,50000,Instarem,0.416,1.3876,0.9716,change
