ts,corridor,notional_src,cost_bps_taker,cost_bps_maker,baseline_cost_bps
2026-08-10T09:03:20.939896+00:00,SGD->PHP,5000,79.74,74.77,62.56
2026-08-10T10:37:54.097539+00:00,SGD->PHP,5000,81.7,76.73,63.56
2026-08-10T12:00:40.868465+00:00,SGD->PHP,5000,81.37,76.4,64.05
2026-08-10T13:29:36.045483+00:00,SGD->PHP,5000,82.5,77.53,70.45
2026-08-10T13:38:26.784263+00:00,SGD->PHP,5000,82.09,77.12,65.51
2026-08-10T13:47:11.287372+00:00,SGD->PHP,5000,80.45,75.49,68.13
2026-08-10T15:18:36.585371+00:00,SGD->PHP,5000,81.21,76.25,57.73
2026-08-10T17:11:09.650930+00:00,SGD->PHP,5000,87.16,82.2,64.28
2026-08-10T18:05:24.038121+00:00,SGD->PHP,5000,86.38,81.41,65.91
2026-08-10T19:19:00.270543+00:00,SGD->PHP,5000,87.04,82.08,71.03
2026-08-10T21:04:04.457270+00:00,SGD->PHP,5000,82.76,77.79,63.21
2026-08-10T22:00:12.461324+00:00,SGD->PHP,5000,83.69,78.73,66.4
2026-08-10T22:58:11.205723+00:00,SGD->PHP,5000,86.16,81.19,68.34
2026-08-10T23:51:59.521421+00:00,SGD->PHP,5000,86.23,81.26,69.07
2026-08-11T01:58:39.209662+00:00,SGD->PHP,5000,45.81,40.83,-0.68
2026-08-11T02:01:38.400492+00:00,SGD->PHP,5000,42.85,37.86,-0.68
2026-08-11T02:29:41.160579+00:00,SGD->PHP,5000,39.85,34.87,-5.98
2026-08-11T03:29:29.100511+00:00,SGD->PHP,5000,23.15,18.15,4.84
2026-08-11T03:35:00.659810+00:00,SGD->PHP,5000,24.0,19.0,2.45
2026-08-11T04:41:36.534064+00:00,SGD->PHP,5000,35.0,30.01,11.68
2026-08-11T06:06:04.609365+00:00,SGD->PHP,5000,29.17,24.18,3.16
2026-08-11T07:39:36.368694+00:00,SGD->PHP,5000,14.42,9.42,-9.49
2026-08-11T09:15:48.755710+00:00,SGD->PHP,5000,6.44,1.44,-16.4
2026-08-11T10:14:56.089377+00:00,SGD->PHP,5000,6.51,1.51,-15.69
2026-08-11T11:08:24.488162+00:00,SGD->PHP,5000,17.12,12.12,-15.33
2026-08-11T11:59:33.063339+00:00,SGD->PHP,5000,18.1,13.1,-7.17
2026-08-11T13:39:06.249288+00:00,SGD->PHP,5000,16.91,11.91,-7.12
2026-08-11T13:45:10.648513+00:00,SGD->PHP,5000,15.95,10.95,-7.77
2026-08-11T15:17:20.297521+00:00,SGD->PHP,5000,11.49,6.48,-13.03
2026-08-11T17:14:20.623877+00:00,SGD->PHP,5000,9.14,4.14,-20.74
2026-08-11T18:09:12.176458+00:00,SGD->PHP,5000,9.14,4.14,-17.7
2026-08-11T19:27:32.326387+00:00,SGD->PHP,5000,7.58,2.58,-19.98
2026-08-11T21:05:57.192497+00:00,SGD->PHP,5000,12.97,7.97,-21.99
2026-08-11T22:06:38.112858+00:00,SGD->PHP,5000,9.92,4.92,-20.67
2026-08-11T23:04:56.853327+00:00,SGD->PHP,5000,8.5,3.5,-21.59
2026-08-12T00:01:46.777508+00:00,SGD->PHP,5000,7.58,2.58,-23.25
2026-08-12T02:46:48.910593+00:00,SGD->PHP,5000,52.94,47.96,34.2
2026-08-12T05:04:52.938531+00:00,SGD->PHP,5000,71.29,66.32,46.55
2026-08-12T06:44:40.789301+00:00,SGD->PHP,5000,74.9,69.93,49.23
2026-08-12T08:40:54.138444+00:00,SGD->PHP,5000,83.66,78.7,60.46
2026-08-12T10:28:04.776579+00:00,SGD->PHP,5000,74.45,69.48,46.84
2026-08-12T12:01:15.477721+00:00,SGD->PHP,5000,74.53,69.56,41.24
2026-08-12T13:50:33.746352+00:00,SGD->PHP,5000,77.05,72.08,44.72
2026-08-12T15:16:37.298855+00:00,SGD->PHP,5000,75.16,70.19,45.57
2026-08-12T16:13:48.875505+00:00,SGD->PHP,5000,76.57,71.6,49.42
2026-08-12T17:16:15.413870+00:00,SGD->PHP,5000,79.05,74.08,51.1
2026-08-12T18:11:08.895416+00:00,SGD->PHP,5000,80.67,75.71,53.66
2026-08-12T19:28:49.957002+00:00,SGD->PHP,5000,82.3,77.33,51.91
2026-08-12T21:04:51.477330+00:00,SGD->PHP,5000,80.67,75.71,55.7
2026-08-12T22:04:49.902046+00:00,SGD->PHP,5000,82.3,77.33,52.18
2026-08-12T23:03:59.004324+00:00,SGD->PHP,5000,83.92,78.95,52.56
2026-08-13T00:00:29.272708+00:00,SGD->PHP,5000,83.76,78.8,56.39
2026-08-13T02:49:29.583203+00:00,SGD->PHP,5000,80.79,75.83,52.47
2026-08-13T05:08:21.984237+00:00,SGD->PHP,5000,82.14,77.18,52.16
2026-08-13T06:48:04.079407+00:00,SGD->PHP,5000,55.7,50.72,25.98
2026-08-13T08:44:57.885703+00:00,SGD->PHP,5000,68.74,63.77,40.25
2026-08-13T10:29:31.656957+00:00,SGD->PHP,5000,68.95,63.98,28.91
2026-08-13T12:01:25.748216+00:00,SGD->PHP,5000,72.13,67.15,30.78
2026-08-13T13:50:23.060367+00:00,SGD->PHP,5000,68.8,63.83,27.05
2026-08-13T15:17:18.297167+00:00,SGD->PHP,5000,75.18,70.21,30.9
2026-08-13T17:15:12.182743+00:00,SGD->PHP,5000,62.6,57.62,29.57
2026-08-13T18:10:51.374543+00:00,SGD->PHP,5000,61.75,56.78,31.74
2026-08-13T19:27:52.716888+00:00,SGD->PHP,5000,60.2,55.22,30.9
2026-08-13T21:05:27.703566+00:00,SGD->PHP,5000,66.64,61.67,29.26
2026-08-13T22:04:51.083893+00:00,SGD->PHP,5000,65.0,60.02,29.38
2026-08-13T23:04:42.872404+00:00,SGD->PHP,5000,62.65,57.68,26.58
2026-08-14T00:01:00.301164+00:00,SGD->PHP,5000,69.39,64.42,28.28
2026-08-14T02:48:25.668714+00:00,SGD->PHP,5000,72.68,67.71,37.24
2026-08-14T05:04:53.573963+00:00,SGD->PHP,5000,63.17,58.2,34.27
2026-08-14T06:44:17.367807+00:00,SGD->PHP,5000,59.31,54.33,28.41
2026-08-14T08:38:58.534733+00:00,SGD->PHP,5000,65.6,60.63,16.17
2026-08-14T10:18:44.387339+00:00,SGD->PHP,5000,55.33,50.35,20.05
2026-08-14T11:59:06.618136+00:00,SGD->PHP,5000,58.57,53.59,23.15
2026-08-14T13:46:13.442875+00:00,SGD->PHP,5000,61.72,56.74,20.81
2026-08-14T15:08:26.950211+00:00,SGD->PHP,5000,61.27,56.29,14.59
2026-08-14T16:07:16.029639+00:00,SGD->PHP,5000,52.54,47.56,14.53
2026-08-14T17:13:20.332012+00:00,SGD->PHP,5000,53.06,48.08,12.26
2026-08-14T18:08:31.897543+00:00,SGD->PHP,5000,54.68,49.7,17.81
2026-08-14T19:16:17.008936+00:00,SGD->PHP,5000,53.12,48.14,9.98
2026-08-14T19:59:27.984825+00:00,SGD->PHP,5000,53.9,48.92,12.8
2026-08-14T20:47:29.608944+00:00,SGD->PHP,5000,59.42,54.44,13.78
2026-08-14T21:42:43.540806+00:00,SGD->PHP,5000,61.05,56.07,13.4
2026-08-14T22:42:20.452455+00:00,SGD->PHP,5000,62.68,57.7,13.4
2026-08-14T23:39:42.587787+00:00,SGD->PHP,5000,65.71,60.73,13.4
2026-08-15T01:51:37.704949+00:00,SGD->PHP,5000,100.05,95.09,44.67
2026-08-15T03:06:31.632303+00:00,SGD->PHP,5000,98.05,93.09,44.67
2026-08-15T03:56:30.758272+00:00,SGD->PHP,5000,98.05,93.09,44.67
2026-08-15T04:48:53.970447+00:00,SGD->PHP,5000,96.44,91.48,44.67
2026-08-15T05:43:37.881483+00:00,SGD->PHP,5000,99.69,94.73,44.67
2026-08-15T06:59:26.532811+00:00,SGD->PHP,5000,100.3,95.35,44.67
2026-08-15T07:46:06.410671+00:00,SGD->PHP,5000,100.68,95.72,44.67
2026-08-15T08:47:29.196692+00:00,SGD->PHP,5000,94.97,90.01,44.67
2026-08-15T09:43:03.085997+00:00,SGD->PHP,5000,91.17,86.21,44.67
2026-08-15T10:41:43.976272+00:00,SGD->PHP,5000,91.08,86.12,44.67
2026-08-15T11:35:28.978966+00:00,SGD->PHP,5000,91.78,86.81,44.67
2026-08-15T13:00:41.113010+00:00,SGD->PHP,5000,91.78,86.81,44.67
2026-08-15T13:45:22.174718+00:00,SGD->PHP,5000,92.16,87.2,44.67
2026-08-15T14:41:29.940026+00:00,SGD->PHP,5000,91.16,86.19,44.67
2026-08-15T15:36:28.276295+00:00,SGD->PHP,5000,91.0,86.04,44.67
2026-08-15T16:43:15.536229+00:00,SGD->PHP,5000,90.92,85.96,44.67
2026-08-15T17:36:53.762315+00:00,SGD->PHP,5000,89.76,84.8,44.67
2026-08-15T18:49:17.838335+00:00,SGD->PHP,5000,89.45,84.49,44.67
2026-08-15T19:37:02.723587+00:00,SGD->PHP,5000,89.14,84.18,44.67
2026-08-15T20:40:53.269868+00:00,SGD->PHP,5000,89.14,84.18,44.67
2026-08-15T21:37:19.688917+00:00,SGD->PHP,5000,88.68,83.71,44.67
2026-08-15T22:40:23.994484+00:00,SGD->PHP,5000,88.68,83.71,44.67
2026-08-15T23:35:59.029025+00:00,SGD->PHP,5000,88.68,83.71,44.67
2026-08-16T01:58:58.089235+00:00,SGD->PHP,5000,85.25,80.28,41.22
2026-08-16T03:14:38.059682+00:00,SGD->PHP,5000,85.17,80.2,41.22
2026-08-16T08:48:26.599434+00:00,SGD->PHP,5000,83.55,78.59,41.22
2026-08-16T09:43:59.977217+00:00,SGD->PHP,5000,83.55,78.59,41.22
2026-08-16T10:42:16.857845+00:00,SGD->PHP,5000,83.55,78.59,41.22
2026-08-16T11:36:37.197237+00:00,SGD->PHP,5000,83.55,78.59,41.22
2026-08-16T13:02:24.754045+00:00,SGD->PHP,5000,83.55,78.59,41.22
2026-08-16T13:46:26.181334+00:00,SGD->PHP,5000,83.55,78.59,41.22
2026-08-16T14:41:26.484347+00:00,SGD->PHP,5000,83.72,78.76,41.22
2026-08-16T15:38:45.378820+00:00,SGD->PHP,5000,83.49,78.52,41.22
2026-08-16T16:44:16.412885+00:00,SGD->PHP,5000,83.49,78.52,41.22
2026-08-16T17:35:38.339855+00:00,SGD->PHP,5000,83.49,78.52,41.22
2026-08-16T18:48:16.162451+00:00,SGD->PHP,5000,85.03,80.06,41.22
2026-08-16T19:36:04.338056+00:00,SGD->PHP,5000,78.3,73.33,41.22
2026-08-16T20:39:58.342422+00:00,SGD->PHP,5000,76.2,71.23,47.23
2026-08-16T21:35:32.196825+00:00,SGD->PHP,5000,74.65,69.68,45.07
2026-08-16T22:38:35.705448+00:00,SGD->PHP,5000,74.65,69.68,41.34
2026-08-16T23:35:27.042145+00:00,SGD->PHP,5000,76.42,71.45,44.18
2026-08-17T01:56:31.990493+00:00,SGD->PHP,5000,63.74,58.76,12.61
2026-08-17T03:14:38.883707+00:00,SGD->PHP,5000,63.35,58.37,24.38
2026-08-17T04:06:43.993642+00:00,SGD->PHP,5000,63.64,58.67,23.55
2026-08-17T04:59:53.366341+00:00,SGD->PHP,5000,68.62,63.64,24.05
2026-08-17T05:52:11.623530+00:00,SGD->PHP,5000,66.36,61.39,22.02
2026-08-17T07:17:40.950065+00:00,SGD->PHP,5000,60.31,55.33,19.77
2026-08-17T09:02:52.991458+00:00,SGD->PHP,5000,60.17,55.2,19.93
2026-08-17T09:59:27.653880+00:00,SGD->PHP,5000,61.73,56.75,21.4
2026-08-17T10:49:25.603067+00:00,SGD->PHP,5000,57.71,52.74,23.27
2026-08-17T11:43:15.807863+00:00,SGD->PHP,5000,54.48,49.5,22.11
2026-08-17T13:07:50.972839+00:00,SGD->PHP,5000,61.93,56.95,20.2
2026-08-17T13:54:40.061770+00:00,SGD->PHP,5000,57.59,52.62,21.24
2026-08-17T14:46:47.272286+00:00,SGD->PHP,5000,56.81,51.84,23.12
2026-08-17T15:42:52.776136+00:00,SGD->PHP,5000,53.58,48.6,23.82
2026-08-17T16:47:28.582144+00:00,SGD->PHP,5000,55.08,50.1,21.63
2026-08-17T17:47:07.078580+00:00,SGD->PHP,5000,51.06,46.08,23.8
2026-08-17T18:59:33.232243+00:00,SGD->PHP,5000,63.92,58.95,27.53
2026-08-17T19:43:47.792880+00:00,SGD->PHP,5000,63.92,58.95,24.86
2026-08-17T20:46:16.112916+00:00,SGD->PHP,5000,63.92,58.95,26.56
2026-08-17T21:42:58.116846+00:00,SGD->PHP,5000,63.92,58.95,16.72
2026-08-17T22:43:27.995254+00:00,SGD->PHP,5000,63.76,58.79,11.79
2026-08-17T23:39:34.161686+00:00,SGD->PHP,5000,63.28,58.3,22.87
2026-08-18T01:52:14.593074+00:00,SGD->PHP,5000,63.77,58.79,37.41
2026-08-18T03:10:16.539677+00:00,SGD->PHP,5000,65.85,60.87,38.84
2026-08-18T03:59:37.149658+00:00,SGD->PHP,5000,60.0,55.02,33.24
2026-08-18T04:54:12.007094+00:00,SGD->PHP,5000,55.99,51.01,28.74
2026-08-18T05:46:57.257480+00:00,SGD->PHP,5000,55.21,50.23,28.76
2026-08-18T07:01:30.921452+00:00,SGD->PHP,5000,49.67,44.69,21.98
2026-08-18T07:06:13.321150+00:00,SGD->PHP,5000,51.8,46.81,22.52
2026-08-18T08:16:17.344082+00:00,SGD->PHP,5000,41.58,36.6,11.83
2026-08-18T09:49:56.696682+00:00,SGD->PHP,5000,41.46,36.47,8.51
2026-08-18T10:47:55.037427+00:00,SGD->PHP,5000,43.02,38.04,10.12
2026-08-18T11:42:52.371084+00:00,SGD->PHP,5000,44.58,39.6,11.75
2026-08-18T12:03:20.951768+00:00,SGD->PHP,5000,43.02,38.04,12.66
2026-08-18T13:09:24.198468+00:00,SGD->PHP,5000,47.03,42.05,13.22
2026-08-18T14:54:00.316256+00:00,SGD->PHP,5000,40.77,35.78,2.23
2026-08-18T15:47:57.195193+00:00,SGD->PHP,5000,43.54,38.56,8.16
2026-08-18T16:49:32.655772+00:00,SGD->PHP,5000,45.31,40.33,7.45
2026-08-18T17:45:23.517864+00:00,SGD->PHP,5000,51.15,46.17,11.13
2026-08-18T18:14:06.445445+00:00,SGD->PHP,5000,51.02,46.04,9.77
2026-08-18T19:41:48.938403+00:00,SGD->PHP,5000,52.54,47.56,12.23
2026-08-18T20:04:29.480791+00:00,SGD->PHP,5000,53.04,48.06,15.78
2026-08-18T21:01:51.609738+00:00,SGD->PHP,5000,56.08,51.1,11.11
2026-08-18T22:43:14.100973+00:00,SGD->PHP,5000,51.49,46.51,13.18
2026-08-18T23:02:29.726229+00:00,SGD->PHP,5000,50.71,45.73,12.31
2026-08-19T01:54:55.349988+00:00,SGD->PHP,5000,72.68,67.71,38.11
2026-08-19T03:12:28.224055+00:00,SGD->PHP,5000,68.59,63.62,29.27
2026-08-19T04:01:00.464793+00:00,SGD->PHP,5000,73.61,68.64,37.0
2026-08-19T05:47:18.965332+00:00,SGD->PHP,5000,74.96,69.99,31.97
2026-08-19T07:06:55.592832+00:00,SGD->PHP,5000,75.18,70.21,36.46
2026-08-19T08:55:33.578377+00:00,SGD->PHP,5000,64.96,59.98,28.68
2026-08-19T09:50:43.333018+00:00,SGD->PHP,5000,60.18,55.2,26.19
2026-08-19T10:47:40.931767+00:00,SGD->PHP,5000,72.61,67.64,25.06
2026-08-19T11:42:18.183647+00:00,SGD->PHP,5000,82.53,77.56,29.36
2026-08-19T12:01:37.298293+00:00,SGD->PHP,5000,82.5,77.53,27.57
2026-08-19T13:10:48.180083+00:00,SGD->PHP,5000,53.23,48.25,4.49
2026-08-19T14:54:10.898464+00:00,SGD->PHP,5000,54.42,49.44,4.92
2026-08-19T15:47:35.162350+00:00,SGD->PHP,5000,35.89,30.9,-2.7
2026-08-19T16:47:49.929984+00:00,SGD->PHP,5000,39.13,34.15,-3.68
2026-08-19T17:42:19.770505+00:00,SGD->PHP,5000,47.65,42.67,-0.62
2026-08-19T18:00:27.496868+00:00,SGD->PHP,5000,49.84,44.86,2.8
2026-08-19T19:41:56.042884+00:00,SGD->PHP,5000,45.83,40.85,-9.84
2026-08-19T20:00:32.937091+00:00,SGD->PHP,5000,44.96,39.97,-6.03
2026-08-19T21:42:52.633562+00:00,SGD->PHP,5000,39.81,34.83,-4.38
2026-08-19T22:02:03.881801+00:00,SGD->PHP,5000,36.67,31.69,-6.3
2026-08-19T23:03:28.755832+00:00,SGD->PHP,5000,39.51,34.52,-3.62
2026-08-20T00:00:31.880257+00:00,SGD->PHP,5000,42.26,37.27,-5.99
2026-08-20T01:53:14.998838+00:00,SGD->PHP,5000,100.2,95.24,61.66
2026-08-20T03:11:28.153402+00:00,SGD->PHP,5000,102.17,97.22,64.31
2026-08-20T04:00:08.480994+00:00,SGD->PHP,5000,107.1,102.14,65.48
2026-08-20T05:47:54.183586+00:00,SGD->PHP,5000,101.59,96.64,64.51
2026-08-20T07:07:46.043219+00:00,SGD->PHP,5000,88.12,83.16,60.95
2026-08-20T08:57:31.259498+00:00,SGD->PHP,5000,78.33,73.36,45.89
2026-08-20T09:51:17.018842+00:00,SGD->PHP,5000,75.33,70.36,40.35
2026-08-20T10:48:49.828088+00:00,SGD->PHP,5000,80.24,75.27,41.32
2026-08-20T11:44:25.550585+00:00,SGD->PHP,5000,73.53,68.56,42.96
2026-08-20T12:15:35.122332+00:00,SGD->PHP,5000,73.32,68.35,42.69
2026-08-20T13:15:22.130906+00:00,SGD->PHP,5000,78.02,73.05,42.69
2026-08-20T14:03:25.368004+00:00,SGD->PHP,5000,78.74,73.77,46.77
2026-08-20T15:49:48.439947+00:00,SGD->PHP,5000,111.96,107.01,53.64
2026-08-20T16:52:02.202064+00:00,SGD->PHP,5000,87.76,82.8,50.71
2026-08-20T17:47:08.697137+00:00,SGD->PHP,5000,88.93,83.97,52.08
2026-08-20T18:16:47.125780+00:00,SGD->PHP,5000,91.27,86.31,54.12
2026-08-20T19:05:56.816091+00:00,SGD->PHP,5000,88.93,83.97,46.92
2026-08-20T20:48:02.628856+00:00,SGD->PHP,5000,93.15,88.19,51.76
2026-08-20T21:44:43.702657+00:00,SGD->PHP,5000,90.41,85.45,41.56
2026-08-20T22:05:03.677990+00:00,SGD->PHP,5000,84.25,79.29,42.81
2026-08-20T23:11:27.297669+00:00,SGD->PHP,5000,80.4,75.43,47.94
2026-08-21T00:00:50.461609+00:00,SGD->PHP,5000,94.32,89.36,42.46
2026-08-21T01:58:45.436127+00:00,SGD->PHP,5000,64.63,59.66,33.77
2026-08-21T03:17:21.535570+00:00,SGD->PHP,5000,70.71,65.74,33.25
2026-08-21T04:23:47.057653+00:00,SGD->PHP,5000,61.47,56.49,33.13
2026-08-21T05:17:09.445659+00:00,SGD->PHP,5000,65.85,60.87,31.65
2026-08-21T06:17:32.449622+00:00,SGD->PHP,5000,64.36,59.39,32.31
2026-08-21T07:29:47.273259+00:00,SGD->PHP,5000,61.97,56.99,29.35
2026-08-21T08:20:07.473900+00:00,SGD->PHP,5000,64.45,59.47,26.79
2026-08-21T09:19:50.336896+00:00,SGD->PHP,5000,63.54,58.57,16.26
2026-08-21T10:12:51.352573+00:00,SGD->PHP,5000,69.24,64.27,23.34
2026-08-21T11:43:56.124881+00:00,SGD->PHP,5000,75.56,70.59,25.68
2026-08-21T12:04:29.591651+00:00,SGD->PHP,5000,73.6,68.63,24.16
2026-08-21T13:12:10.695653+00:00,SGD->PHP,5000,68.78,63.81,27.38
2026-08-21T14:54:52.996820+00:00,SGD->PHP,5000,66.68,61.7,29.44
2026-08-21T15:49:47.634013+00:00,SGD->PHP,5000,65.64,60.66,24.45
2026-08-21T16:52:42.999433+00:00,SGD->PHP,5000,55.3,50.32,23.28
2026-08-21T17:47:18.634714+00:00,SGD->PHP,5000,62.79,57.82,27.43
2026-08-21T18:57:57.765139+00:00,SGD->PHP,5000,63.67,58.69,22.05
2026-08-21T19:38:51.661611+00:00,SGD->PHP,5000,66.02,61.04,26.32
2026-08-21T20:42:36.626692+00:00,SGD->PHP,5000,61.88,56.9,21.99
2026-08-21T21:02:59.896931+00:00,SGD->PHP,5000,66.67,61.69,26.01
2026-08-21T22:01:08.169039+00:00,SGD->PHP,5000,65.76,60.79,26.01
2026-08-21T23:02:30.674350+00:00,SGD->PHP,5000,65.76,60.79,26.01
2026-08-22T00:01:06.263345+00:00,SGD->PHP,5000,65.84,60.86,26.01
2026-08-22T01:51:36.596701+00:00,SGD->PHP,5000,91.46,86.5,46.98
2026-08-22T03:08:42.429653+00:00,SGD->PHP,5000,83.85,78.88,46.98
2026-08-22T04:51:23.871186+00:00,SGD->PHP,5000,93.5,88.54,46.98
2026-08-22T05:44:04.986659+00:00,SGD->PHP,5000,94.36,89.4,46.98
2026-08-22T06:02:36.774300+00:00,SGD->PHP,5000,90.77,85.81,46.98
2026-08-22T07:00:52.138367+00:00,SGD->PHP,5000,89.16,84.2,46.98
2026-08-22T08:49:16.143039+00:00,SGD->PHP,5000,93.87,88.9,46.98
2026-08-22T09:43:42.768723+00:00,SGD->PHP,5000,93.07,88.11,46.98
2026-08-22T10:01:19.260027+00:00,SGD->PHP,5000,93.07,88.11,46.98
2026-08-22T11:00:35.450876+00:00,SGD->PHP,5000,96.36,91.4,46.98
2026-08-22T13:02:16.171108+00:00,SGD->PHP,5000,94.75,89.79,46.98
2026-08-22T14:01:58.022146+00:00,SGD->PHP,5000,101.53,96.57,46.98
2026-08-22T15:36:16.376097+00:00,SGD->PHP,5000,99.07,94.11,46.98
2026-08-22T16:42:21.832965+00:00,SGD->PHP,5000,95.38,90.42,46.98
2026-08-22T17:00:49.248070+00:00,SGD->PHP,5000,95.38,90.42,46.98
2026-08-22T18:49:59.140915+00:00,SGD->PHP,5000,94.07,89.11,46.98
2026-08-22T19:37:24.247747+00:00,SGD->PHP,5000,94.84,89.88,46.98
2026-08-22T20:41:26.426781+00:00,SGD->PHP,5000,94.73,89.77,46.98
2026-08-22T21:01:18.773439+00:00,SGD->PHP,5000,93.81,88.85,46.98
2026-08-22T22:40:25.136772+00:00,SGD->PHP,5000,82.55,77.59,46.98
2026-08-22T23:00:15.302987+00:00,SGD->PHP,5000,94.72,89.76,46.98
2026-08-23T02:00:59.411063+00:00,SGD->PHP,5000,92.17,87.21,43.82
2026-08-23T03:16:46.735449+00:00,SGD->PHP,5000,91.54,86.58,43.82
2026-08-23T04:05:20.215387+00:00,SGD->PHP,5000,91.54,86.58,43.82
2026-08-23T05:46:41.635745+00:00,SGD->PHP,5000,77.89,72.92,43.82
2026-08-23T06:16:27.889001+00:00,SGD->PHP,5000,78.68,73.71,43.82
2026-08-23T07:06:25.107989+00:00,SGD->PHP,5000,78.36,73.39,43.82
2026-08-23T08:49:54.319171+00:00,SGD->PHP,5000,78.36,73.39,43.82
2026-08-23T09:44:19.835387+00:00,SGD->PHP,5000,84.54,79.58,43.82
2026-08-23T10:02:21.484396+00:00,SGD->PHP,5000,84.54,79.58,43.82
2026-08-23T11:01:49.070168+00:00,SGD->PHP,5000,79.72,74.75,43.82
2026-08-23T13:03:50.606161+00:00,SGD->PHP,5000,73.46,68.49,43.82
2026-08-23T14:08:09.047275+00:00,SGD->PHP,5000,84.56,79.6,43.82
2026-08-23T15:01:15.617360+00:00,SGD->PHP,5000,77.68,72.72,43.82
2026-08-23T16:44:12.709730+00:00,SGD->PHP,5000,86.36,81.39,43.82
2026-08-23T17:03:28.574735+00:00,SGD->PHP,5000,87.37,82.4,43.82
2026-08-23T18:49:22.824235+00:00,SGD->PHP,5000,80.66,75.69,43.82
2026-08-23T19:37:16.050674+00:00,SGD->PHP,5000,80.66,75.69,43.82
2026-08-23T20:41:12.172536+00:00,SGD->PHP,5000,80.66,75.69,42.23
2026-08-23T21:00:07.593032+00:00,SGD->PHP,5000,80.66,75.69,42.7
2026-08-23T22:39:54.628698+00:00,SGD->PHP,5000,85.19,80.22,41.96
2026-08-23T23:36:37.061288+00:00,SGD->PHP,5000,86.32,81.36,44.34
2026-08-24T01:59:12.067029+00:00,SGD->PHP,5000,79.11,74.14,32.19
2026-08-24T03:17:41.452169+00:00,SGD->PHP,5000,70.27,65.29,33.99
2026-08-24T04:29:59.907324+00:00,SGD->PHP,5000,66.49,61.51,35.4
2026-08-24T05:25:14.181221+00:00,SGD->PHP,5000,70.89,65.92,37.88
2026-08-24T06:25:10.792140+00:00,SGD->PHP,5000,88.13,83.17,39.5
2026-08-24T07:44:50.311235+00:00,SGD->PHP,5000,82.19,77.22,46.55
2026-08-24T08:30:06.830548+00:00,SGD->PHP,5000,83.7,78.74,46.41
2026-08-24T09:30:19.194381+00:00,SGD->PHP,5000,84.53,79.56,48.44
2026-08-24T10:22:41.989191+00:00,SGD->PHP,5000,89.38,84.42,49.38
2026-08-24T11:12:34.485639+00:00,SGD->PHP,5000,92.47,87.51,50.55
2026-08-24T12:16:16.412883+00:00,SGD->PHP,5000,91.84,86.87,45.42
2026-08-24T13:18:34.087300+00:00,SGD->PHP,5000,83.79,78.83,41.24
2026-08-24T14:26:47.339158+00:00,SGD->PHP,5000,85.38,80.41,45.08
2026-08-24T15:23:21.469849+00:00,SGD->PHP,5000,90.89,85.93,46.12
2026-08-24T16:16:47.660842+00:00,SGD->PHP,5000,92.79,87.83,44.6
2026-08-24T17:47:55.049673+00:00,SGD->PHP,5000,97.88,92.92,48.29
2026-08-24T19:01:36.793741+00:00,SGD->PHP,5000,91.8,86.84,45.77
2026-08-24T20:12:25.426581+00:00,SGD->PHP,5000,92.43,87.46,46.26
2026-08-24T21:45:08.844039+00:00,SGD->PHP,5000,94.58,89.62,45.08
2026-08-24T22:05:08.878191+00:00,SGD->PHP,5000,90.91,85.95,48.35
2026-08-24T23:09:52.748001+00:00,SGD->PHP,5000,90.91,85.95,42.92
2026-08-25T01:53:52.630607+00:00,SGD->PHP,5000,91.45,86.49,45.95
2026-08-25T03:13:44.063557+00:00,SGD->PHP,5000,91.24,86.27,45.69
2026-08-25T04:02:52.382411+00:00,SGD->PHP,5000,94.06,89.1,53.0
2026-08-25T05:49:10.014430+00:00,SGD->PHP,5000,87.47,82.5,57.49
2026-08-25T07:09:55.821777+00:00,SGD->PHP,5000,83.43,78.46,50.99
2026-08-25T08:00:12.839327+00:00,SGD->PHP,5000,91.97,87.01,50.27
2026-08-25T09:01:13.185537+00:00,SGD->PHP,5000,91.28,86.32,46.96
2026-08-25T10:50:50.778763+00:00,SGD->PHP,5000,96.14,91.18,51.44
2026-08-25T11:45:29.268989+00:00,SGD->PHP,5000,91.49,86.53,47.96
2026-08-25T12:16:48.905247+00:00,SGD->PHP,5000,89.55,84.59,46.12
2026-08-25T13:16:23.468267+00:00,SGD->PHP,5000,91.85,86.89,42.43
2026-08-25T14:09:26.894574+00:00,SGD->PHP,5000,87.38,82.41,47.3
2026-08-25T15:07:15.367167+00:00,SGD->PHP,5000,82.6,77.63,44.54
2026-08-25T16:01:57.816787+00:00,SGD->PHP,5000,90.86,85.9,42.45
2026-08-25T17:46:54.339897+00:00,SGD->PHP,5000,91.25,86.29,41.3
2026-08-25T18:17:42.058202+00:00,SGD->PHP,5000,78.9,73.93,41.32
2026-08-25T19:18:25.209124+00:00,SGD->PHP,5000,80.34,75.37,39.87
2026-08-25T20:02:55.601860+00:00,SGD->PHP,5000,80.34,75.37,39.68
2026-08-25T21:45:26.705257+00:00,SGD->PHP,5000,78.67,73.71,49.84
2026-08-25T22:03:08.057296+00:00,SGD->PHP,5000,89.86,84.89,50.03
2026-08-25T23:12:03.590884+00:00,SGD->PHP,5000,97.64,92.68,43.58
2026-08-26T00:00:29.968687+00:00,SGD->PHP,5000,99.7,94.74,40.89
2026-08-26T01:59:34.927970+00:00,SGD->PHP,5000,99.88,94.92,56.18
2026-08-26T03:19:37.684307+00:00,SGD->PHP,5000,105.44,100.48,66.73
2026-08-26T04:24:56.964651+00:00,SGD->PHP,5000,100.57,95.61,62.28
2026-08-26T05:17:25.075613+00:00,SGD->PHP,5000,102.13,97.17,62.2
2026-08-26T06:19:02.004795+00:00,SGD->PHP,5000,98.91,93.95,60.85
2026-08-26T07:33:36.336438+00:00,SGD->PHP,5000,88.39,83.43,49.02
2026-08-26T08:24:32.939807+00:00,SGD->PHP,5000,91.02,86.06,49.29
2026-08-26T09:25:02.491437+00:00,SGD->PHP,5000,89.26,84.3,51.38
2026-08-26T10:18:45.381772+00:00,SGD->PHP,5000,98.77,93.81,50.44
2026-08-26T11:13:07.111591+00:00,SGD->PHP,5000,99.73,94.77,50.68
2026-08-26T13:17:58.652128+00:00,SGD->PHP,5000,90.51,85.55,59.74
2026-08-26T14:28:13.894956+00:00,SGD->PHP,5000,97.65,92.69,63.29
2026-08-26T16:05:40.941856+00:00,SGD->PHP,5000,97.72,92.77,62.47
2026-08-26T17:44:10.988427+00:00,SGD->PHP,5000,85.37,80.41,61.16
2026-08-26T19:19:41.949240+00:00,SGD->PHP,5000,89.9,84.94,61.83
2026-08-26T22:31:00.418331+00:00,SGD->PHP,5000,89.9,84.94,61.4
2026-08-27T04:02:12.078192+00:00,SGD->PHP,5000,67.69,62.72,24.95
2026-08-27T15:16:30.527147+00:00,SGD->PHP,5000,41.0,36.01,7.81
2026-08-28T00:27:03.958308+00:00,SGD->PHP,5000,90.42,85.46,44.01
2026-08-28T12:15:19.941205+00:00,SGD->PHP,5000,39.85,34.87,-5.79
2026-08-28T22:27:12.076240+00:00,SGD->PHP,5000,67.59,62.62,12.46
2026-08-29T03:53:54.390196+00:00,SGD->PHP,5000,120.44,115.49,64.04
2026-08-29T11:07:29.227123+00:00,SGD->PHP,5000,107.58,102.63,64.04
2026-08-29T15:39:08.383743+00:00,SGD->PHP,5000,92.4,87.44,64.04
2026-08-29T18:53:43.051699+00:00,SGD->PHP,5000,89.86,84.9,64.04
2026-08-29T21:45:23.300156+00:00,SGD->PHP,5000,89.88,84.92,64.04
2026-08-29T23:38:31.872190+00:00,SGD->PHP,5000,89.88,84.92,64.04
2026-08-30T01:42:44.454344+00:00,SGD->PHP,5000,97.32,92.36,66.72
2026-08-30T07:28:36.256328+00:00,SGD->PHP,5000,103.96,99.01,66.72
2026-08-30T13:18:32.722290+00:00,SGD->PHP,5000,95.74,90.78,66.72
2026-08-30T17:46:48.452507+00:00,SGD->PHP,5000,103.52,98.56,66.72
2026-08-30T20:06:35.362136+00:00,SGD->PHP,5000,104.75,99.79,60.6
2026-08-30T22:46:10.650967+00:00,SGD->PHP,5000,101.26,96.3,64.4
2026-08-31T00:55:05.852939+00:00,SGD->PHP,5000,83.01,78.04,58.55
2026-08-31T07:02:57.223531+00:00,SGD->PHP,5000,51.12,46.14,19.93
2026-08-31T15:08:00.248955+00:00,SGD->PHP,5000,54.45,49.47,26.72
2026-08-31T20:51:03.359511+00:00,SGD->PHP,5000,56.83,51.85,17.26
2026-09-01T00:38:08.876254+00:00,SGD->PHP,5000,77.11,72.14,47.12
2026-09-01T05:42:12.631231+00:00,SGD->PHP,5000,81.43,76.47,43.79
2026-09-01T10:29:13.839331+00:00,SGD->PHP,5000,98.16,93.2,50.67
2026-09-01T15:12:12.363907+00:00,SGD->PHP,5000,92.18,87.21,47.64
2026-09-01T18:33:29.116231+00:00,SGD->PHP,5000,113.82,108.87,45.68
2026-09-01T21:22:37.558920+00:00,SGD->PHP,5000,103.19,98.24,42.68
2026-09-01T23:34:31.302874+00:00,SGD->PHP,5000,104.98,100.03,50.38
2026-09-02T01:26:00.787976+00:00,SGD->PHP,5000,79.19,74.22,32.76
2026-09-02T06:26:49.278154+00:00,SGD->PHP,5000,68.16,63.19,27.87
2026-09-02T09:18:21.093094+00:00,SGD->PHP,5000,60.95,55.97,28.75
2026-09-02T10:00:13.338719+00:00,SGD->PHP,5000,59.34,54.36,32.5
2026-09-02T11:44:32.324818+00:00,SGD->PHP,5000,60.19,55.21,35.58
2026-09-02T14:17:07.536860+00:00,SGD->PHP,5000,54.96,49.98,27.19
2026-09-02T15:05:12.726525+00:00,SGD->PHP,5000,60.01,55.03,19.01
2026-09-02T16:05:11.846023+00:00,SGD->PHP,5000,58.01,53.04,23.43
2026-09-02T17:05:11.924946+00:00,SGD->PHP,5000,66.74,61.76,26.09
2026-09-02T18:05:16.633377+00:00,SGD->PHP,5000,61.2,56.22,23.64
2026-09-02T19:05:14.448840+00:00,SGD->PHP,5000,61.1,56.12,26.68
2026-09-02T20:05:11.267643+00:00,SGD->PHP,5000,59.61,54.63,20.82
2026-09-02T21:05:12.618285+00:00,SGD->PHP,5000,48.24,43.26,15.73
2026-09-02T22:05:10.540960+00:00,SGD->PHP,5000,52.44,47.46,14.02
2026-09-02T23:05:15.485996+00:00,SGD->PHP,5000,52.47,47.49,16.43
2026-09-03T00:05:24.312027+00:00,SGD->PHP,5000,55.35,50.37,16.74
2026-09-03T01:05:17.311069+00:00,SGD->PHP,5000,79.81,74.84,41.23
2026-09-03T02:05:11.981064+00:00,SGD->PHP,5000,80.53,75.57,42.53
2026-09-03T03:05:13.134089+00:00,SGD->PHP,5000,77.53,72.56,37.53
2026-09-03T04:06:19.527337+00:00,SGD->PHP,5000,76.75,71.78,36.29
2026-09-03T05:05:12.702073+00:00,SGD->PHP,5000,88.45,83.49,40.8
2026-09-03T06:05:10.512231+00:00,SGD->PHP,5000,75.23,70.26,39.04
2026-09-03T07:05:17.177667+00:00,SGD->PHP,5000,93.81,88.85,42.81
2026-09-03T08:05:50.807184+00:00,SGD->PHP,5000,78.53,73.56,26.22
2026-09-03T09:05:18.852630+00:00,SGD->PHP,5000,65.79,60.81,25.22
2026-09-03T10:05:10.665751+00:00,SGD->PHP,5000,71.14,66.17,23.18
2026-09-03T11:05:12.528212+00:00,SGD->PHP,5000,71.29,66.32,21.09
2026-09-03T12:05:18.976580+00:00,SGD->PHP,5000,65.85,60.88,18.5
2026-09-03T13:05:19.318099+00:00,SGD->PHP,5000,61.21,56.23,13.95
2026-09-03T14:05:15.668726+00:00,SGD->PHP,5000,59.55,54.57,13.12
2026-09-03T15:05:32.306777+00:00,SGD->PHP,5000,77.16,72.19,14.58
2026-09-03T16:05:14.911855+00:00,SGD->PHP,5000,68.49,63.51,15.18
2026-09-03T17:05:14.444186+00:00,SGD->PHP,5000,73.27,68.3,10.93
2026-09-03T18:05:16.739227+00:00,SGD->PHP,5000,70.21,65.24,15.47
2026-09-03T19:05:19.731745+00:00,SGD->PHP,5000,64.0,59.03,11.89
2026-09-03T20:05:10.730580+00:00,SGD->PHP,5000,67.19,62.21,17.59
2026-09-03T21:05:11.399160+00:00,SGD->PHP,5000,70.75,65.77,22.39
2026-09-03T22:05:12.011386+00:00,SGD->PHP,5000,64.63,59.66,19.19
2026-09-03T23:05:10.554353+00:00,SGD->PHP,5000,62.59,57.62,18.32
2026-09-04T00:05:10.767970+00:00,SGD->PHP,5000,58.79,53.81,13.38
2026-09-04T01:05:13.412873+00:00,SGD->PHP,5000,94.9,89.94,48.88
2026-09-04T02:05:12.075987+00:00,SGD->PHP,5000,104.78,99.83,59.32
2026-09-04T03:05:12.345346+00:00,SGD->PHP,5000,101.48,96.53,61.03
2026-09-04T04:05:13.176677+00:00,SGD->PHP,5000,101.41,96.46,58.59
2026-09-04T05:05:12.088687+00:00,SGD->PHP,5000,95.74,90.78,59.68
2026-09-04T06:05:18.724146+00:00,SGD->PHP,5000,90.95,85.99,54.58
2026-09-04T07:05:12.302127+00:00,SGD->PHP,5000,63.31,58.33,29.25
2026-09-04T08:05:13.098149+00:00,SGD->PHP,5000,56.87,51.89,10.75
2026-09-04T09:05:15.397434+00:00,SGD->PHP,5000,61.7,56.73,23.21
2026-09-04T10:05:10.192367+00:00,SGD->PHP,5000,56.46,51.48,18.61
2026-09-04T11:05:09.934066+00:00,SGD->PHP,5000,53.86,48.88,17.36
2026-09-04T12:05:12.373940+00:00,SGD->PHP,5000,57.04,52.06,20.02
2026-09-04T13:05:09.875361+00:00,SGD->PHP,5000,60.99,56.02,21.2
2026-09-04T14:05:10.239433+00:00,SGD->PHP,5000,75.28,70.31,27.17
2026-09-04T15:05:09.532158+00:00,SGD->PHP,5000,66.59,61.61,27.86
2026-09-04T16:05:09.429121+00:00,SGD->PHP,5000,69.78,64.8,20.31
2026-09-04T17:05:09.622621+00:00,SGD->PHP,5000,72.82,67.85,24.34
2026-09-04T18:05:15.937400+00:00,SGD->PHP,5000,71.77,66.79,25.59
2026-09-04T19:05:15.667372+00:00,SGD->PHP,5000,71.14,66.17,24.16
2026-09-04T20:05:16.105901+00:00,SGD->PHP,5000,68.69,63.72,20.41
2026-09-04T21:05:16.342045+00:00,SGD->PHP,5000,65.62,60.64,20.05
2026-09-04T22:05:16.870074+00:00,SGD->PHP,5000,84.71,79.74,20.05
2026-09-04T23:05:16.203851+00:00,SGD->PHP,5000,84.0,79.04,20.05
2026-09-05T00:05:16.188086+00:00,SGD->PHP,5000,81.89,76.93,20.05
2026-09-05T01:05:16.232750+00:00,SGD->PHP,5000,107.77,102.81,49.37
2026-09-05T02:05:16.974810+00:00,SGD->PHP,5000,109.56,104.61,49.37
2026-09-05T03:05:16.452403+00:00,SGD->PHP,5000,107.79,102.83,49.37
2026-09-05T04:05:14.414107+00:00,SGD->PHP,5000,119.76,114.81,49.37
2026-09-05T05:05:11.721982+00:00,SGD->PHP,5000,106.42,101.47,49.37
2026-09-05T06:05:10.127716+00:00,SGD->PHP,5000,106.19,101.24,49.37
2026-09-05T07:05:11.069467+00:00,SGD->PHP,5000,99.73,94.78,49.37
2026-09-05T08:05:09.954989+00:00,SGD->PHP,5000,98.39,93.43,49.37
2026-09-05T09:05:11.655337+00:00,SGD->PHP,5000,100.28,95.32,49.37
2026-09-05T10:05:12.866978+00:00,SGD->PHP,5000,98.95,93.99,49.37
2026-09-05T11:05:10.633273+00:00,SGD->PHP,5000,98.87,93.92,49.37
2026-09-05T12:05:10.454068+00:00,SGD->PHP,5000,97.94,92.98,49.37
2026-09-05T13:05:12.773316+00:00,SGD->PHP,5000,96.12,91.16,49.37
2026-09-05T14:05:11.889655+00:00,SGD->PHP,5000,93.14,88.18,49.37
2026-09-05T15:05:12.333370+00:00,SGD->PHP,5000,94.56,89.6,49.37
2026-09-05T16:05:12.114266+00:00,SGD->PHP,5000,94.56,89.6,49.37
2026-09-05T17:05:09.475609+00:00,SGD->PHP,5000,95.42,90.46,49.37
2026-09-05T18:05:11.371374+00:00,SGD->PHP,5000,105.04,100.08,49.37
2026-09-05T19:05:11.569675+00:00,SGD->PHP,5000,105.04,100.08,49.37
2026-09-05T20:05:12.105185+00:00,SGD->PHP,5000,105.12,100.16,49.37
2026-09-05T21:05:11.283502+00:00,SGD->PHP,5000,105.04,100.08,49.37
2026-09-05T22:05:12.292828+00:00,SGD->PHP,5000,102.86,97.9,49.37
2026-09-05T23:05:11.736816+00:00,SGD->PHP,5000,102.39,97.43,49.37
2026-09-06T00:05:11.378977+00:00,SGD->PHP,5000,95.75,90.79,49.37
2026-09-06T01:05:11.776538+00:00,SGD->PHP,5000,88.52,83.56,46.6
2026-09-06T02:05:11.107795+00:00,SGD->PHP,5000,108.99,104.04,46.6
2026-09-06T03:05:09.304882+00:00,SGD->PHP,5000,109.85,104.89,46.6
2026-09-06T04:05:10.636242+00:00,SGD->PHP,5000,110.63,105.67,46.6
2026-09-06T05:05:08.915106+00:00,SGD->PHP,5000,107.04,102.09,46.6
2026-09-06T06:05:16.816751+00:00,SGD->PHP,5000,105.46,100.51,46.6
2026-09-06T07:05:09.175201+00:00,SGD->PHP,5000,103.75,98.79,46.6
2026-09-06T08:05:12.909013+00:00,SGD->PHP,5000,102.05,97.1,46.6
2026-09-06T09:05:13.105747+00:00,SGD->PHP,5000,100.8,95.85,46.6
2026-09-06T10:05:11.895379+00:00,SGD->PHP,5000,98.23,93.27,46.6
2026-09-06T11:05:13.252496+00:00,SGD->PHP,5000,98.23,93.27,46.6
2026-09-06T12:05:12.053817+00:00,SGD->PHP,5000,98.23,93.27,46.6
2026-09-06T13:05:09.835015+00:00,SGD->PHP,5000,91.35,86.39,46.6
2026-09-06T14:05:09.617152+00:00,SGD->PHP,5000,91.68,86.72,46.6
2026-09-06T15:05:08.915929+00:00,SGD->PHP,5000,95.96,91.0,46.6
2026-09-06T16:05:13.572065+00:00,SGD->PHP,5000,99.01,94.05,46.6
2026-09-06T17:05:09.881330+00:00,SGD->PHP,5000,94.48,89.52,46.6
2026-09-06T18:05:11.606051+00:00,SGD->PHP,5000,95.59,90.63,46.6
2026-09-06T19:05:11.608042+00:00,SGD->PHP,5000,94.58,89.62,46.6
2026-09-06T20:05:08.685416+00:00,SGD->PHP,5000,94.58,89.62,41.25
2026-09-06T21:05:11.080448+00:00,SGD->PHP,5000,93.48,88.52,41.37
2026-09-06T22:05:09.334132+00:00,SGD->PHP,5000,93.29,88.33,48.9
2026-09-06T23:05:08.696971+00:00,SGD->PHP,5000,94.53,89.57,47.11
2026-09-07T00:05:09.941467+00:00,SGD->PHP,5000,93.23,88.26,46.65
2026-09-07T01:05:10.261535+00:00,SGD->PHP,5000,104.22,99.27,50.49
2026-09-07T02:05:13.857578+00:00,SGD->PHP,5000,93.1,88.13,34.88
2026-09-07T03:05:10.271522+00:00,SGD->PHP,5000,88.07,83.11,39.81
2026-09-07T04:05:15.777283+00:00,SGD->PHP,5000,93.1,88.13,40.6
2026-09-07T05:05:09.033259+00:00,SGD->PHP,5000,91.5,86.54,38.31
2026-09-07T06:05:13.382144+00:00,SGD->PHP,5000,86.32,81.36,33.02
2026-09-07T07:05:11.227970+00:00,SGD->PHP,5000,91.65,86.69,46.73
2026-09-07T08:05:16.763024+00:00,SGD->PHP,5000,89.36,84.4,55.04
2026-09-07T09:05:13.811991+00:00,SGD->PHP,5000,79.91,74.94,50.27
2026-09-07T10:05:48.422306+00:00,SGD->PHP,5000,86.21,81.25,57.76
2026-09-07T11:05:14.538927+00:00,SGD->PHP,5000,81.45,76.48,47.98
2026-09-07T12:05:10.984727+00:00,SGD->PHP,5000,83.15,78.18,50.17
2026-09-07T13:05:10.030002+00:00,SGD->PHP,5000,93.43,88.46,49.37
2026-09-07T14:05:11.467676+00:00,SGD->PHP,5000,80.67,75.7,46.31
2026-09-07T15:05:13.810253+00:00,SGD->PHP,5000,79.11,74.14,45.04
2026-09-07T16:05:10.347980+00:00,SGD->PHP,5000,72.84,67.87,42.77
2026-09-07T17:05:13.091567+00:00,SGD->PHP,5000,83.02,78.05,47.14
2026-09-07T18:05:13.334444+00:00,SGD->PHP,5000,88.55,83.59,50.05
2026-09-07T19:05:12.321693+00:00,SGD->PHP,5000,90.9,85.94,43.19
2026-09-07T20:05:08.701677+00:00,SGD->PHP,5000,90.9,85.94,47.48
2026-09-07T21:05:11.410123+00:00,SGD->PHP,5000,95.42,90.46,45.06
2026-09-07T22:05:12.265077+00:00,SGD->PHP,5000,94.57,89.61,42.23
2026-09-07T23:05:14.056380+00:00,SGD->PHP,5000,90.11,85.15,45.51
2026-09-08T00:05:10.116949+00:00,SGD->PHP,5000,96.4,91.44,47.12
2026-09-08T01:05:10.769070+00:00,SGD->PHP,5000,90.96,86.0,52.64
2026-09-08T02:05:09.075894+00:00,SGD->PHP,5000,99.72,94.76,55.65
2026-09-08T03:05:12.896039+00:00,SGD->PHP,5000,101.23,96.27,55.33
2026-09-08T04:05:11.185194+00:00,SGD->PHP,5000,107.58,102.63,60.78
2026-09-08T05:05:11.678459+00:00,SGD->PHP,5000,108.03,103.08,59.41
2026-09-08T06:05:13.477702+00:00,SGD->PHP,5000,98.88,93.92,50.81
2026-09-08T07:05:11.742010+00:00,SGD->PHP,5000,102.93,97.98,44.9
2026-09-08T08:05:23.378386+00:00,SGD->PHP,5000,102.79,97.83,49.68
2026-09-08T09:05:11.167005+00:00,SGD->PHP,5000,92.45,87.49,47.31
2026-09-08T10:05:11.769580+00:00,SGD->PHP,5000,93.99,89.03,53.04
2026-09-08T11:05:09.118769+00:00,SGD->PHP,5000,98.03,93.07,53.28
2026-09-08T12:05:14.578138+00:00,SGD->PHP,5000,115.76,110.81,66.25
2026-09-08T13:05:13.642697+00:00,SGD->PHP,5000,106.07,101.12,65.21
2026-09-08T14:05:11.332960+00:00,SGD->PHP,5000,121.16,116.21,69.13
2026-09-08T15:05:15.493762+00:00,SGD->PHP,5000,118.12,113.17,76.44
2026-09-08T16:05:12.289339+00:00,SGD->PHP,5000,116.54,111.59,75.35
2026-09-08T17:05:17.398220+00:00,SGD->PHP,5000,120.27,115.32,71.16
2026-09-08T18:05:11.572237+00:00,SGD->PHP,5000,121.85,116.9,67.13
2026-09-08T19:05:10.766391+00:00,SGD->PHP,5000,129.17,124.22,66.25
2026-09-08T20:05:18.395620+00:00,SGD->PHP,5000,123.34,118.39,58.17
2026-09-08T21:05:09.805149+00:00,SGD->PHP,5000,129.66,124.72,69.26
2026-09-08T22:05:11.399997+00:00,SGD->PHP,5000,124.12,119.17,70.17
2026-09-08T23:05:10.199769+00:00,SGD->PHP,5000,122.21,117.27,65.23
2026-09-09T00:05:13.351794+00:00,SGD->PHP,5000,113.95,109.0,63.57
2026-09-09T01:05:11.687645+00:00,SGD->PHP,5000,86.86,81.9,46.19
2026-09-09T02:05:13.052556+00:00,SGD->PHP,5000,88.08,83.12,38.81
2026-09-09T03:05:09.902085+00:00,SGD->PHP,5000,95.4,90.44,53.14
2026-09-09T04:05:11.505145+00:00,SGD->PHP,5000,92.13,87.17,50.78
2026-09-09T05:05:10.925488+00:00,SGD->PHP,5000,90.57,85.6,47.32
2026-09-09T06:05:16.258625+00:00,SGD->PHP,5000,93.14,88.18,44.56
2026-09-09T07:05:12.981278+00:00,SGD->PHP,5000,88.19,83.23,43.86
2026-09-09T08:05:17.769577+00:00,SGD->PHP,5000,84.28,79.31,38.78
2026-09-09T09:05:11.384208+00:00,SGD->PHP,5000,88.96,84.0,44.06
2026-09-09T10:05:10.723384+00:00,SGD->PHP,5000,88.93,83.97,44.48
2026-09-09T11:05:12.095446+00:00,SGD->PHP,5000,92.56,87.6,41.86
2026-09-09T12:05:11.024253+00:00,SGD->PHP,5000,83.7,78.74,37.99
2026-09-09T13:05:13.380903+00:00,SGD->PHP,5000,74.04,69.07,36.87
2026-09-09T14:05:13.665068+00:00,SGD->PHP,5000,78.05,73.08,35.66
2026-09-09T15:05:12.309555+00:00,SGD->PHP,5000,95.4,90.44,52.21
2026-09-09T16:05:18.262506+00:00,SGD->PHP,5000,88.49,83.53,42.73
2026-09-09T17:05:14.301478+00:00,SGD->PHP,5000,93.11,88.15,45.45
2026-09-09T18:05:45.773422+00:00,SGD->PHP,5000,96.99,92.03,49.19
2026-09-09T19:05:10.443589+00:00,SGD->PHP,5000,102.78,97.82,52.76
2026-09-09T20:05:17.360117+00:00,SGD->PHP,5000,91.39,86.43,47.06
2026-09-09T21:05:11.518682+00:00,SGD->PHP,5000,100.63,95.67,47.3
2026-09-09T22:05:09.695293+00:00,SGD->PHP,5000,92.94,87.98,47.24
2026-09-09T23:05:10.955893+00:00,SGD->PHP,5000,81.91,76.94,35.98
2026-09-10T00:05:09.325287+00:00,SGD->PHP,5000,83.46,78.49,36.6
2026-09-10T01:05:10.019028+00:00,SGD->PHP,5000,85.48,80.52,41.6
2026-09-10T02:05:13.455317+00:00,SGD->PHP,5000,85.17,80.2,35.78
2026-09-10T03:05:12.039841+00:00,SGD->PHP,5000,81.46,76.49,37.92
2026-09-10T04:05:15.735713+00:00,SGD->PHP,5000,80.74,75.77,39.87
2026-09-10T05:05:11.366925+00:00,SGD->PHP,5000,88.91,83.94,39.95
2026-09-10T06:05:15.562945+00:00,SGD->PHP,5000,87.36,82.39,38.9
2026-09-10T07:05:11.366788+00:00,SGD->PHP,5000,86.25,81.28,40.43
2026-09-10T08:05:14.201355+00:00,SGD->PHP,5000,86.37,81.4,37.59
2026-09-10T09:05:15.029653+00:00,SGD->PHP,5000,84.59,79.63,33.49
2026-09-10T10:05:12.327513+00:00,SGD->PHP,5000,86.93,81.96,38.42
2026-09-10T11:05:10.141047+00:00,SGD->PHP,5000,95.74,90.79,40.25
2026-09-10T12:05:15.279116+00:00,SGD->PHP,5000,107.83,102.87,50.88
2026-09-10T13:05:11.217600+00:00,SGD->PHP,5000,108.52,103.57,48.11
2026-09-10T14:05:11.600964+00:00,SGD->PHP,5000,104.29,99.33,45.67
2026-09-10T15:05:13.507466+00:00,SGD->PHP,5000,99.41,94.45,45.25
2026-09-10T16:05:10.320659+00:00,SGD->PHP,5000,96.73,91.77,40.33
2026-09-10T17:05:11.495634+00:00,SGD->PHP,5000,98.18,93.22,41.6
2026-09-10T18:05:10.037571+00:00,SGD->PHP,5000,96.3,91.34,39.55
2026-09-10T19:05:11.078760+00:00,SGD->PHP,5000,107.76,102.81,43.47
2026-09-10T20:05:14.279426+00:00,SGD->PHP,5000,109.55,104.6,39.91
2026-09-10T21:05:14.281518+00:00,SGD->PHP,5000,110.9,105.95,48.51
2026-09-10T22:05:13.173170+00:00,SGD->PHP,5000,108.01,103.06,47.84
2026-09-10T23:05:12.638631+00:00,SGD->PHP,5000,110.35,105.4,41.64
2026-09-11T00:05:10.851980+00:00,SGD->PHP,5000,94.74,89.78,41.9
2026-09-11T01:05:14.816827+00:00,SGD->PHP,5000,73.38,68.4,37.59
2026-09-11T02:05:09.480445+00:00,SGD->PHP,5000,77.78,72.81,36.6
2026-09-11T03:05:12.238136+00:00,SGD->PHP,5000,78.06,73.09,41.7
2026-09-11T04:05:09.196629+00:00,SGD->PHP,5000,90.44,85.48,41.03
2026-09-11T05:05:11.702002+00:00,SGD->PHP,5000,72.4,67.43,39.5
2026-09-11T06:05:13.445998+00:00,SGD->PHP,5000,68.57,63.6,41.3
2026-09-11T07:05:13.087247+00:00,SGD->PHP,5000,75.16,70.19,39.04
2026-09-11T08:05:15.886379+00:00,SGD->PHP,5000,71.78,66.8,38.98
2026-09-11T09:05:12.692714+00:00,SGD->PHP,5000,78.43,73.47,46.37
2026-09-11T10:05:10.561511+00:00,SGD->PHP,5000,77.37,72.4,44.34
2026-09-11T11:05:13.068624+00:00,SGD->PHP,5000,83.53,78.56,50.36
2026-09-11T12:05:11.078790+00:00,SGD->PHP,5000,91.53,86.57,50.76
2026-09-11T13:05:12.321772+00:00,SGD->PHP,5000,83.59,78.63,45.99
2026-09-11T14:05:14.844229+00:00,SGD->PHP,5000,78.96,73.99,54.95
2026-09-11T15:05:09.239493+00:00,SGD->PHP,5000,85.91,80.94,53.82
2026-09-11T16:05:11.081941+00:00,SGD->PHP,5000,88.41,83.45,52.63
2026-09-11T17:05:11.739743+00:00,SGD->PHP,5000,92.33,87.37,53.7
2026-09-11T18:05:18.296331+00:00,SGD->PHP,5000,88.4,83.43,49.57
2026-09-11T19:05:09.191508+00:00,SGD->PHP,5000,90.74,85.78,54.08
2026-09-11T20:05:12.754816+00:00,SGD->PHP,5000,90.74,85.78,50.48
2026-09-11T21:05:15.845104+00:00,SGD->PHP,5000,104.03,99.07,50.06
2026-09-11T22:05:10.422981+00:00,SGD->PHP,5000,103.28,98.32,50.06
2026-09-11T23:05:11.215593+00:00,SGD->PHP,5000,104.03,99.07,50.06
2026-09-12T00:05:10.718698+00:00,SGD->PHP,5000,93.1,88.13,50.06
2026-09-12T01:05:11.417899+00:00,SGD->PHP,5000,93.41,88.45,53.77
2026-09-12T02:05:09.683241+00:00,SGD->PHP,5000,123.93,118.99,53.77
2026-09-12T03:05:10.996865+00:00,SGD->PHP,5000,123.93,118.99,53.77
2026-09-12T04:05:09.158228+00:00,SGD->PHP,5000,120.78,115.83,53.77
2026-09-12T05:05:14.360758+00:00,SGD->PHP,5000,117.62,112.68,53.77
2026-09-12T06:05:11.033419+00:00,SGD->PHP,5000,109.99,105.04,53.77
2026-09-12T07:05:11.730558+00:00,SGD->PHP,5000,116.05,111.1,53.77
2026-09-12T08:05:11.043905+00:00,SGD->PHP,5000,119.2,114.25,53.77
2026-09-12T09:05:24.934559+00:00,SGD->PHP,5000,119.2,114.25,53.77
2026-09-12T10:05:08.596093+00:00,SGD->PHP,5000,98.86,93.91,53.77
2026-09-12T11:05:11.726734+00:00,SGD->PHP,5000,97.15,92.19,53.77
2026-09-12T12:05:09.236981+00:00,SGD->PHP,5000,95.57,90.61,53.77
2026-09-12T13:05:10.288846+00:00,SGD->PHP,5000,95.57,90.61,53.77
2026-09-12T14:05:09.304898+00:00,SGD->PHP,5000,95.24,90.28,53.77
2026-09-12T15:05:10.814337+00:00,SGD->PHP,5000,97.6,92.64,53.77
2026-09-12T16:05:08.374640+00:00,SGD->PHP,5000,97.52,92.56,53.77
2026-09-12T17:05:41.048006+00:00,SGD->PHP,5000,98.77,93.81,53.77
2026-09-12T18:05:15.738141+00:00,SGD->PHP,5000,98.77,93.81,53.77
2026-09-12T19:05:09.984364+00:00,SGD->PHP,5000,98.77,93.81,53.77
2026-09-12T20:05:10.498524+00:00,SGD->PHP,5000,98.77,93.81,53.77
2026-09-12T21:05:16.060015+00:00,SGD->PHP,5000,100.09,95.14,53.77
2026-09-12T22:05:08.163260+00:00,SGD->PHP,5000,100.02,95.06,53.77
2026-09-12T23:22:53.870204+00:00,SGD->PHP,5000,100.02,95.06,53.77
2026-09-13T00:05:11.498440+00:00,SGD->PHP,5000,101.6,96.64,53.77
2026-09-13T01:05:13.738455+00:00,SGD->PHP,5000,98.81,93.85,50.97
2026-09-13T02:05:10.525229+00:00,SGD->PHP,5000,98.81,93.85,50.97
2026-09-13T03:05:09.481459+00:00,SGD->PHP,5000,95.96,91.0,50.97
2026-09-13T04:05:11.311841+00:00,SGD->PHP,5000,102.76,97.8,50.97
2026-09-13T05:05:09.595083+00:00,SGD->PHP,5000,104.34,99.38,50.97
2026-09-14T02:30:38.385138+00:00,SGD->PHP,5000,66.61,61.64,19.68
2026-09-14T03:05:13.137289+00:00,SGD->PHP,5000,67.43,62.45,30.72
2026-09-14T04:05:12.711495+00:00,SGD->PHP,5000,62.62,57.65,27.77
2026-09-14T07:06:27.995428+00:00,SGD->PHP,5000,81.52,76.55,35.76
2026-09-14T08:05:15.432443+00:00,SGD->PHP,5000,84.35,79.39,41.55
2026-09-14T09:05:15.029166+00:00,SGD->PHP,5000,73.1,68.13,32.94
2026-09-14T10:05:16.609192+00:00,SGD->PHP,5000,79.06,74.1,40.97
2026-09-14T11:05:17.510585+00:00,SGD->PHP,5000,79.69,74.72,36.68
2026-09-14T12:05:16.028179+00:00,SGD->PHP,5000,82.77,77.8,40.21
2026-09-14T13:05:16.181661+00:00,SGD->PHP,5000,96.2,91.24,51.52
2026-09-14T14:05:12.800356+00:00,SGD->PHP,5000,95.72,90.76,50.63
2026-09-14T15:05:13.699725+00:00,SGD->PHP,5000,89.52,84.55,45.34
2026-09-14T16:05:13.931226+00:00,SGD->PHP,5000,83.04,78.07,45.86
2026-09-14T17:05:14.279136+00:00,SGD->PHP,5000,77.56,72.59,46.55
2026-09-14T18:05:12.201216+00:00,SGD->PHP,5000,79.11,74.14,44.57
2026-09-14T19:05:13.225485+00:00,SGD->PHP,5000,76.76,71.8,42.72
2026-09-14T20:05:14.156030+00:00,SGD->PHP,5000,83.8,78.84,45.6
2026-09-14T21:05:13.402746+00:00,SGD->PHP,5000,95.51,90.55,29.7
2026-09-14T22:05:13.566518+00:00,SGD->PHP,5000,96.3,91.34,38.09
2026-09-14T23:05:13.648182+00:00,SGD->PHP,5000,82.24,77.27,36.78
2026-09-15T00:05:13.236057+00:00,SGD->PHP,5000,86.94,81.98,53.72
2026-09-15T01:05:21.472365+00:00,SGD->PHP,5000,88.21,83.25,45.94
2026-09-15T02:05:12.685881+00:00,SGD->PHP,5000,105.47,100.51,62.19
2026-09-15T03:05:21.516339+00:00,SGD->PHP,5000,101.54,96.58,58.13
2026-09-15T04:05:16.818827+00:00,SGD->PHP,5000,99.16,94.21,55.57
2026-09-15T05:05:13.331216+00:00,SGD->PHP,5000,99.13,94.17,55.39
2026-09-15T06:05:12.307306+00:00,SGD->PHP,5000,102.42,97.46,59.28
2026-09-15T07:05:15.776221+00:00,SGD->PHP,5000,108.43,103.48,60.3
2026-09-15T08:05:11.961015+00:00,SGD->PHP,5000,108.23,103.27,67.48
2026-09-15T09:05:13.260433+00:00,SGD->PHP,5000,100.85,95.89,65.63
2026-09-15T10:05:13.380349+00:00,SGD->PHP,5000,108.0,103.05,68.06
2026-09-15T11:05:14.455501+00:00,SGD->PHP,5000,97.61,92.65,67.76
2026-09-15T12:05:15.433216+00:00,SGD->PHP,5000,102.33,97.38,73.54
2026-09-15T13:05:13.267748+00:00,SGD->PHP,5000,99.22,94.26,75.71
2026-09-15T14:05:27.984839+00:00,SGD->PHP,5000,104.67,99.71,74.86
2026-09-15T15:05:22.521091+00:00,SGD->PHP,5000,114.82,109.87,79.17
2026-09-15T16:05:11.493500+00:00,SGD->PHP,5000,110.91,105.96,76.91
2026-09-15T17:05:14.250112+00:00,SGD->PHP,5000,112.51,107.56,73.15
2026-09-15T18:05:13.579938+00:00,SGD->PHP,5000,115.64,110.69,77.36
2026-09-15T19:05:13.237158+00:00,SGD->PHP,5000,111.8,106.85,74.64
2026-09-15T20:05:15.407528+00:00,SGD->PHP,5000,114.06,109.11,75.63
2026-09-15T21:05:12.356562+00:00,SGD->PHP,5000,114.06,109.11,75.41
2026-09-15T22:05:12.132779+00:00,SGD->PHP,5000,114.06,109.11,73.01
2026-09-15T23:05:12.983627+00:00,SGD->PHP,5000,111.81,106.86,75.77
2026-09-16T00:05:13.426899+00:00,SGD->PHP,5000,111.73,106.78,75.39
2026-09-16T01:05:12.626444+00:00,SGD->PHP,5000,92.18,87.22,59.27
2026-09-16T02:05:15.583861+00:00,SGD->PHP,5000,100.47,95.51,66.04
2026-09-16T03:05:15.551216+00:00,SGD->PHP,5000,98.4,93.44,63.32
2026-09-16T04:05:15.675006+00:00,SGD->PHP,5000,100.83,95.87,62.25
2026-09-16T05:05:15.699562+00:00,SGD->PHP,5000,107.8,102.84,60.62
2026-09-16T06:05:15.825951+00:00,SGD->PHP,5000,103.37,98.41,65.42
2026-09-16T07:05:12.031053+00:00,SGD->PHP,5000,106.98,102.02,69.55
2026-09-16T08:05:11.855596+00:00,SGD->PHP,5000,109.72,104.77,66.29
2026-09-16T09:05:14.874277+00:00,SGD->PHP,5000,99.25,94.29,70.26
2026-09-16T10:05:10.887786+00:00,SGD->PHP,5000,104.11,99.15,64.75
2026-09-16T11:05:11.490515+00:00,SGD->PHP,5000,107.89,102.94,67.11
2026-09-16T12:05:12.995235+00:00,SGD->PHP,5000,101.75,96.79,67.19
2026-09-16T13:05:14.481343+00:00,SGD->PHP,5000,117.99,113.04,72.25
2026-09-16T14:05:13.977755+00:00,SGD->PHP,5000,117.99,113.04,72.39
2026-09-16T15:05:11.915092+00:00,SGD->PHP,5000,111.76,106.81,64.87
2026-09-16T16:05:14.739402+00:00,SGD->PHP,5000,110.03,105.07,73.2
2026-09-16T17:05:15.514143+00:00,SGD->PHP,5000,112.3,107.35,
2026-09-16T18:05:15.382042+00:00,SGD->PHP,5000,115.74,110.79,73.68
2026-09-16T19:05:19.121391+00:00,SGD->PHP,5000,135.83,130.89,83.89
2026-09-16T20:05:13.041885+00:00,SGD->PHP,5000,143.56,138.63,95.05
2026-09-16T21:05:12.870204+00:00,SGD->PHP,5000,136.58,131.64,82.25
2026-09-16T22:05:14.684988+00:00,SGD->PHP,5000,145.05,140.11,91.1
2026-09-16T23:05:12.462469+00:00,SGD->PHP,5000,144.28,139.34,92.82
2026-09-17T00:05:12.492908+00:00,SGD->PHP,5000,135.73,130.79,91.71
2026-09-17T01:05:13.436439+00:00,SGD->PHP,5000,103.98,99.03,51.23
2026-09-17T02:05:31.540802+00:00,SGD->PHP,5000,95.7,90.74,48.83
2026-09-17T03:05:13.721293+00:00,SGD->PHP,5000,93.92,88.96,55.36
2026-09-17T04:05:12.746952+00:00,SGD->PHP,5000,86.33,81.37,50.26
2026-09-17T05:05:13.930848+00:00,SGD->PHP,5000,77.09,72.12,49.92
2026-09-17T06:05:11.849106+00:00,SGD->PHP,5000,76.78,71.81,52.57
2026-09-17T07:05:13.673289+00:00,SGD->PHP,5000,71.32,66.35,52.1
2026-09-17T08:05:20.908692+00:00,SGD->PHP,5000,78.39,73.42,50.95
2026-09-17T09:05:13.354711+00:00,SGD->PHP,5000,77.58,72.62,53.15
2026-09-17T10:05:12.540962+00:00,SGD->PHP,5000,83.08,78.12,56.33
2026-09-17T11:05:14.338074+00:00,SGD->PHP,5000,83.11,78.14,54.25
2026-09-17T12:05:16.084032+00:00,SGD->PHP,5000,75.25,70.28,54.43
2026-09-17T13:05:14.682256+00:00,SGD->PHP,5000,76.87,71.9,56.07
2026-09-17T14:05:12.888999+00:00,SGD->PHP,5000,82.33,77.36,50.12
2026-09-17T15:05:18.765646+00:00,SGD->PHP,5000,95.87,90.91,53.03
2026-09-17T16:05:13.051793+00:00,SGD->PHP,5000,93.23,88.27,48.87
2026-09-17T17:05:14.385685+00:00,SGD->PHP,5000,96.83,91.87,49.59
2026-09-17T18:05:13.923573+00:00,SGD->PHP,5000,94.48,89.52,50.52
2026-09-17T19:05:12.326192+00:00,SGD->PHP,5000,93.87,88.91,50.16
2026-09-17T20:05:21.649307+00:00,SGD->PHP,5000,94.44,89.48,51.31
2026-09-17T21:05:18.486948+00:00,SGD->PHP,5000,88.56,83.59,52.67
2026-09-17T22:05:26.876913+00:00,SGD->PHP,5000,97.81,92.85,53.22
2026-09-17T23:05:14.054942+00:00,SGD->PHP,5000,89.26,84.29,53.07
2026-09-18T00:05:12.048904+00:00,SGD->PHP,5000,83.03,78.06,54.93
2026-09-18T01:05:11.833814+00:00,SGD->PHP,5000,93.93,88.97,65.03
2026-09-18T02:05:16.624775+00:00,SGD->PHP,5000,89.11,84.14,66.95
2026-09-18T03:05:13.819540+00:00,SGD->PHP,5000,90.82,85.86,59.42
2026-09-18T04:05:14.326242+00:00,SGD->PHP,5000,82.18,77.21,49.59
2026-09-18T05:05:15.086275+00:00,SGD->PHP,5000,86.07,81.11,57.66
2026-09-18T06:05:14.369195+00:00,SGD->PHP,5000,98.23,93.27,58.29
2026-09-18T07:05:14.261004+00:00,SGD->PHP,5000,85.35,80.38,54.55
2026-09-18T08:05:12.454660+00:00,SGD->PHP,5000,76.57,71.6,46.13
2026-09-18T09:05:13.024053+00:00,SGD->PHP,5000,78.31,73.34,48.96
2026-09-18T10:05:16.475568+00:00,SGD->PHP,5000,76.18,71.21,49.37
2026-09-18T11:05:14.817572+00:00,SGD->PHP,5000,80.99,76.02,45.34
2026-09-18T12:05:12.823984+00:00,SGD->PHP,5000,89.19,84.23,57.32
2026-09-18T13:05:12.037077+00:00,SGD->PHP,5000,88.21,83.24,54.08
2026-09-18T14:05:13.170281+00:00,SGD->PHP,5000,81.82,76.85,39.55
2026-09-18T15:05:12.351176+00:00,SGD->PHP,5000,73.97,69.0,39.43
2026-09-18T16:05:11.999910+00:00,SGD->PHP,5000,80.05,75.08,34.86
2026-09-18T17:05:17.948043+00:00,SGD->PHP,5000,82.29,77.32,22.21
2026-09-18T18:05:14.205527+00:00,SGD->PHP,5000,74.09,69.12,23.32
2026-09-18T19:05:13.452975+00:00,SGD->PHP,5000,74.09,69.12,16.14
2026-09-18T20:05:18.216518+00:00,SGD->PHP,5000,64.04,59.07,19.46
2026-09-18T21:05:13.535886+00:00,SGD->PHP,5000,80.47,75.5,18.1
2026-09-18T22:05:14.296235+00:00,SGD->PHP,5000,83.55,78.59,18.1
2026-09-18T23:05:12.645204+00:00,SGD->PHP,5000,84.64,79.67,18.1
2026-09-19T00:05:14.846773+00:00,SGD->PHP,5000,84.64,79.67,18.1
2026-09-19T01:05:15.535582+00:00,SGD->PHP,5000,89.12,84.16,27.3
2026-09-19T02:05:13.271303+00:00,SGD->PHP,5000,95.1,90.14,27.3
2026-09-19T03:05:12.127496+00:00,SGD->PHP,5000,95.51,90.55,27.3
2026-09-19T04:05:14.235766+00:00,SGD->PHP,5000,93.11,88.15,27.3
2026-09-19T05:05:15.057329+00:00,SGD->PHP,5000,93.11,88.15,27.3
2026-09-19T06:05:12.238392+00:00,SGD->PHP,5000,83.53,78.56,27.3
2026-09-19T07:05:16.775191+00:00,SGD->PHP,5000,83.06,78.1,27.3
2026-09-19T08:05:11.109292+00:00,SGD->PHP,5000,85.53,80.56,27.3
2026-09-19T09:05:13.773054+00:00,SGD->PHP,5000,85.37,80.41,27.3
2026-09-19T10:05:12.753363+00:00,SGD->PHP,5000,86.79,81.83,27.3
2026-09-19T11:05:14.142865+00:00,SGD->PHP,5000,85.27,80.3,27.3
2026-09-19T12:05:14.314606+00:00,SGD->PHP,5000,83.85,78.88,27.3
2026-09-19T13:05:11.366631+00:00,SGD->PHP,5000,69.1,64.13,27.3
2026-09-19T14:05:12.681577+00:00,SGD->PHP,5000,65.94,60.97,27.3
2026-09-19T15:05:17.016956+00:00,SGD->PHP,5000,64.36,59.39,27.3
2026-09-19T16:05:13.588333+00:00,SGD->PHP,5000,64.36,59.39,27.3
2026-09-19T17:05:12.079468+00:00,SGD->PHP,5000,64.36,59.39,27.3
2026-09-19T18:05:13.813807+00:00,SGD->PHP,5000,64.36,59.39,27.3
2026-09-19T19:05:14.358235+00:00,SGD->PHP,5000,64.36,59.39,27.3
2026-09-19T20:05:18.822108+00:00,SGD->PHP,5000,64.36,59.39,27.3
2026-09-19T21:05:15.987989+00:00,SGD->PHP,5000,81.56,76.59,27.3
2026-09-19T22:05:14.036904+00:00,SGD->PHP,5000,76.51,71.54,27.3
2026-09-19T23:05:11.883061+00:00,SGD->PHP,5000,69.38,64.41,27.3
2026-09-20T00:05:11.014887+00:00,SGD->PHP,5000,68.45,63.48,27.3
2026-09-20T01:05:11.439142+00:00,SGD->PHP,5000,65.89,60.91,20.43
2026-09-20T02:05:12.160322+00:00,SGD->PHP,5000,72.99,68.02,20.43
2026-09-20T03:05:12.734147+00:00,SGD->PHP,5000,76.62,71.65,20.43
2026-09-20T04:05:11.344810+00:00,SGD->PHP,5000,52.58,47.6,20.43
2026-09-20T05:05:11.870408+00:00,SGD->PHP,5000,59.76,54.78,20.43
2026-09-20T06:05:12.470572+00:00,SGD->PHP,5000,59.83,54.86,20.43
2026-09-20T07:05:13.315645+00:00,SGD->PHP,5000,59.83,54.86,20.43
2026-09-20T08:05:14.718252+00:00,SGD->PHP,5000,56.67,51.69,20.43
2026-09-20T09:05:13.029923+00:00,SGD->PHP,5000,58.18,53.2,20.43
2026-09-20T10:05:12.200843+00:00,SGD->PHP,5000,56.69,51.72,20.43
2026-09-20T11:05:14.370238+00:00,SGD->PHP,5000,56.69,51.72,20.43
2026-09-20T12:05:12.909143+00:00,SGD->PHP,5000,58.18,53.2,20.43
2026-09-20T13:05:14.226253+00:00,SGD->PHP,5000,58.1,53.12,20.43
2026-09-20T14:05:13.858837+00:00,SGD->PHP,5000,58.1,53.12,20.43
2026-09-20T15:05:15.077133+00:00,SGD->PHP,5000,56.44,51.46,20.43
2026-09-20T16:05:20.145211+00:00,SGD->PHP,5000,57.79,52.81,20.43
2026-09-20T17:05:12.718575+00:00,SGD->PHP,5000,43.03,38.04,20.43
2026-09-20T18:05:12.916435+00:00,SGD->PHP,5000,57.34,52.36,20.43
2026-09-20T19:05:15.620702+00:00,SGD->PHP,5000,59.76,54.78,20.43
2026-09-20T20:05:13.417720+00:00,SGD->PHP,5000,57.42,52.44,17.72
2026-09-20T21:05:16.357871+00:00,SGD->PHP,5000,57.42,52.44,17.25
2026-09-20T22:05:12.264142+00:00,SGD->PHP,5000,55.93,50.95,20.47
2026-09-20T23:05:14.843287+00:00,SGD->PHP,5000,47.35,42.36,20.71
2026-09-21T00:05:13.418246+00:00,SGD->PHP,5000,59.43,54.45,27.65
2026-09-21T01:05:15.617356+00:00,SGD->PHP,5000,74.82,69.85,44.87
2026-09-21T02:05:15.492646+00:00,SGD->PHP,5000,92.04,87.08,48.16
2026-09-21T03:05:13.469442+00:00,SGD->PHP,5000,84.17,79.2,47.71
2026-09-21T04:05:12.683129+00:00,SGD->PHP,5000,81.11,76.14,44.36
2026-09-21T06:05:49.030526+00:00,SGD->PHP,5000,80.95,75.99,44.68
2026-09-21T07:05:14.728643+00:00,SGD->PHP,5000,77.08,72.11,45.79
2026-09-21T08:05:20.136332+00:00,SGD->PHP,5000,76.41,71.44,45.75
2026-09-21T09:05:17.309037+00:00,SGD->PHP,5000,71.91,66.93,49.86
2026-09-21T10:05:30.402889+00:00,SGD->PHP,5000,79.38,74.41,40.88
2026-09-21T11:05:17.381617+00:00,SGD->PHP,5000,74.95,69.98,45.05
2026-09-21T12:05:15.074359+00:00,SGD->PHP,5000,67.17,62.19,40.17
2026-09-21T13:05:13.647161+00:00,SGD->PHP,5000,71.07,66.1,45.15
2026-09-21T14:05:17.339629+00:00,SGD->PHP,5000,79.67,74.7,51.33
2026-09-21T15:05:12.797555+00:00,SGD->PHP,5000,81.15,76.18,54.26
2026-09-21T16:05:18.762322+00:00,SGD->PHP,5000,90.32,85.36,60.31
2026-09-21T17:05:15.241489+00:00,SGD->PHP,5000,100.73,95.77,59.82
2026-09-21T18:05:16.511557+00:00,SGD->PHP,5000,99.85,94.89,60.03
2026-09-21T19:05:15.468030+00:00,SGD->PHP,5000,94.03,89.07,60.63
2026-09-21T20:05:14.065378+00:00,SGD->PHP,5000,91.93,86.97,59.86
2026-09-21T21:05:13.659467+00:00,SGD->PHP,5000,99.93,94.97,57.03
2026-09-21T22:05:17.073521+00:00,SGD->PHP,5000,94.11,89.15,62.45
2026-09-21T23:05:18.175512+00:00,SGD->PHP,5000,93.64,88.68,59.68
2026-09-22T00:05:16.879491+00:00,SGD->PHP,5000,87.5,82.53,58.47
2026-09-22T01:05:12.655410+00:00,SGD->PHP,5000,94.93,89.97,66.73
2026-09-22T02:05:17.769425+00:00,SGD->PHP,5000,85.4,80.43,60.07
2026-09-22T03:05:15.228147+00:00,SGD->PHP,5000,91.69,86.73,61.63
2026-09-22T04:05:22.333210+00:00,SGD->PHP,5000,95.71,90.75,59.97
2026-09-22T05:05:12.425038+00:00,SGD->PHP,5000,91.82,86.86,57.71
2026-09-22T06:05:14.950177+00:00,SGD->PHP,5000,94.93,89.97,59.95
2026-09-22T07:05:23.834902+00:00,SGD->PHP,5000,98.04,93.08,61.27
2026-09-22T08:05:14.724633+00:00,SGD->PHP,5000,106.06,101.1,61.75
2026-09-22T09:05:15.705393+00:00,SGD->PHP,5000,105.06,100.1,69.01
2026-09-22T10:05:13.167328+00:00,SGD->PHP,5000,116.44,111.49,85.5
2026-09-22T11:05:13.588176+00:00,SGD->PHP,5000,120.94,116.0,71.21
2026-09-22T12:05:15.689968+00:00,SGD->PHP,5000,102.22,97.26,64.08
2026-09-22T13:05:17.229667+00:00,SGD->PHP,5000,111.92,106.97,76.15
2026-09-22T14:05:18.906435+00:00,SGD->PHP,5000,124.57,119.63,87.16
2026-09-22T15:05:17.691157+00:00,SGD->PHP,5000,109.61,104.65,58.95
2026-09-22T16:05:15.298257+00:00,SGD->PHP,5000,123.31,118.36,67.64
2026-09-22T17:05:14.345895+00:00,SGD->PHP,5000,109.91,104.96,56.38
2026-09-22T18:05:16.687338+00:00,SGD->PHP,5000,107.58,102.63,78.94
2026-09-22T19:05:22.997686+00:00,SGD->PHP,5000,106.8,101.85,77.87
2026-09-22T20:05:22.921947+00:00,SGD->PHP,5000,102.99,98.04,75.12
2026-09-22T21:05:13.283954+00:00,SGD->PHP,5000,106.49,101.54,75.97
2026-09-22T22:05:14.192281+00:00,SGD->PHP,5000,110.69,105.74,71.36
2026-09-22T23:05:15.943023+00:00,SGD->PHP,5000,109.99,105.04,72.45
2026-09-23T00:05:12.886087+00:00,SGD->PHP,5000,107.46,102.51,93.41
2026-09-23T01:05:18.561120+00:00,SGD->PHP,5000,71.77,66.8,45.01
2026-09-23T02:05:14.229903+00:00,SGD->PHP,5000,69.66,64.69,32.94
2026-09-23T03:05:14.796177+00:00,SGD->PHP,5000,73.28,68.31,44.68
2026-09-23T04:05:13.042994+00:00,SGD->PHP,5000,71.15,66.17,40.83
2026-09-23T05:05:17.303422+00:00,SGD->PHP,5000,75.52,70.55,39.73
2026-09-23T06:05:12.809517+00:00,SGD->PHP,5000,71.09,66.11,40.72
2026-09-23T07:05:14.892907+00:00,SGD->PHP,5000,68.59,63.61,35.1
2026-09-23T08:05:12.658508+00:00,SGD->PHP,5000,82.76,77.8,43.47
2026-09-23T09:05:14.858364+00:00,SGD->PHP,5000,87.56,82.6,54.1
2026-09-23T10:05:13.413855+00:00,SGD->PHP,5000,88.37,83.4,66.4
2026-09-23T11:05:16.786502+00:00,SGD->PHP,5000,97.87,92.91,63.87
2026-09-23T12:05:18.642246+00:00,SGD->PHP,5000,91.54,86.57,66.92
2026-09-23T13:05:15.796349+00:00,SGD->PHP,5000,80.45,75.48,54.69
2026-09-23T14:05:17.971813+00:00,SGD->PHP,5000,73.5,68.53,55.46
2026-09-23T15:05:14.572981+00:00,SGD->PHP,5000,83.31,78.34,60.15
2026-09-23T16:05:18.199417+00:00,SGD->PHP,5000,76.9,71.93,51.6
2026-09-23T17:05:15.275052+00:00,SGD->PHP,5000,77.28,72.31,53.19
2026-09-23T18:05:15.962079+00:00,SGD->PHP,5000,82.44,77.48,35.45
2026-09-23T19:05:19.331414+00:00,SGD->PHP,5000,82.44,77.48,35.14
2026-09-23T20:05:15.708784+00:00,SGD->PHP,5000,82.44,77.48,41.37
2026-09-23T21:05:14.198796+00:00,SGD->PHP,5000,84.85,79.88,42.92
2026-09-23T22:05:14.975275+00:00,SGD->PHP,5000,83.99,79.03,40.66
2026-09-23T23:05:12.818499+00:00,SGD->PHP,5000,83.99,79.03,41.66
2026-09-24T00:05:13.666098+00:00,SGD->PHP,5000,85.17,80.2,46.65
2026-09-24T01:05:14.683749+00:00,SGD->PHP,5000,70.58,65.61,39.16
2026-09-24T02:05:14.281682+00:00,SGD->PHP,5000,72.77,67.8,42.01
2026-09-24T03:05:12.603146+00:00,SGD->PHP,5000,73.01,68.04,41.3
2026-09-24T04:05:12.596406+00:00,SGD->PHP,5000,72.99,68.01,40.24
2026-09-24T05:05:14.909614+00:00,SGD->PHP,5000,77.67,72.7,36.6
2026-09-24T06:05:12.629315+00:00,SGD->PHP,5000,77.67,72.7,35.16
2026-09-24T07:05:12.849076+00:00,SGD->PHP,5000,76.09,71.12,33.54
2026-09-24T08:05:15.243059+00:00,SGD->PHP,5000,77.6,72.63,34.27
2026-09-24T09:05:16.297658+00:00,SGD->PHP,5000,72.13,67.15,34.78
2026-09-24T10:05:17.915259+00:00,SGD->PHP,5000,74.51,69.54,43.31
2026-09-24T11:05:52.357709+00:00,SGD->PHP,5000,74.51,69.54,38.98
2026-09-24T12:05:15.603553+00:00,SGD->PHP,5000,83.77,78.8,41.07
2026-09-24T13:05:14.861985+00:00,SGD->PHP,5000,91.28,86.32,42.25
2026-09-24T14:05:15.798608+00:00,SGD->PHP,5000,84.73,79.76,39.39
2026-09-24T15:05:15.806839+00:00,SGD->PHP,5000,87.1,82.14,43.19
2026-09-24T16:05:15.472438+00:00,SGD->PHP,5000,77.15,72.19,32.18
2026-09-24T17:05:16.374196+00:00,SGD->PHP,5000,80.08,75.11,33.54
2026-09-24T18:05:15.839943+00:00,SGD->PHP,5000,78.99,74.02,41.34
2026-09-24T19:05:13.220430+00:00,SGD->PHP,5000,75.67,70.7,32.85
2026-09-24T20:05:16.537934+00:00,SGD->PHP,5000,78.84,73.87,32.93
2026-09-24T21:05:15.379163+00:00,SGD->PHP,5000,78.84,73.87,40.3
2026-09-24T22:05:19.219844+00:00,SGD->PHP,5000,82.35,77.38,45.0
2026-09-24T23:05:15.222166+00:00,SGD->PHP,5000,82.26,77.29,47.82
2026-09-25T00:05:14.857431+00:00,SGD->PHP,5000,85.43,80.46,33.07
2026-09-25T01:05:18.732418+00:00,SGD->PHP,5000,96.71,91.75,51.19
2026-09-25T02:05:15.413432+00:00,SGD->PHP,5000,102.74,97.78,57.4
2026-09-25T03:05:13.621332+00:00,SGD->PHP,5000,108.1,103.14,65.23
2026-09-25T04:05:18.187899+00:00,SGD->PHP,5000,117.29,112.34,76.23
2026-09-25T05:05:15.918436+00:00,SGD->PHP,5000,116.83,111.88,75.66
2026-09-25T06:05:17.004863+00:00,SGD->PHP,5000,112.2,107.25,70.2
2026-09-25T07:05:15.022240+00:00,SGD->PHP,5000,119.44,114.49,75.07
2026-09-25T08:05:12.797415+00:00,SGD->PHP,5000,128.38,123.43,84.2
2026-09-25T09:05:13.216374+00:00,SGD->PHP,5000,118.73,113.79,76.88
2026-09-25T10:05:16.557946+00:00,SGD->PHP,5000,116.77,111.82,76.37
2026-09-25T11:05:15.696706+00:00,SGD->PHP,5000,108.85,103.9,70.36
2026-09-25T12:05:16.081970+00:00,SGD->PHP,5000,114.93,109.98,70.22
2026-09-25T13:05:17.176707+00:00,SGD->PHP,5000,113.23,108.28,71.38
2026-09-25T14:05:18.641141+00:00,SGD->PHP,5000,129.58,124.63,76.33
2026-09-25T15:05:13.542605+00:00,SGD->PHP,5000,135.86,130.92,79.59
2026-09-25T16:05:17.760513+00:00,SGD->PHP,5000,145.56,140.63,90.37
2026-09-25T17:05:15.419534+00:00,SGD->PHP,5000,147.14,142.21,90.92
2026-09-25T18:05:13.373340+00:00,SGD->PHP,5000,151.88,146.94,85.8
2026-09-25T19:05:14.101780+00:00,SGD->PHP,5000,151.88,146.94,81.95
2026-09-25T20:05:15.012994+00:00,SGD->PHP,5000,151.95,147.02,88.64
2026-09-25T21:05:12.881765+00:00,SGD->PHP,5000,150.37,145.44,91.5
2026-09-25T22:05:13.908943+00:00,SGD->PHP,5000,150.37,145.44,91.5
2026-09-25T23:05:12.226996+00:00,SGD->PHP,5000,150.37,145.44,91.5
2026-09-26T00:05:14.210494+00:00,SGD->PHP,5000,150.37,145.44,91.5
2026-09-26T01:05:13.435053+00:00,SGD->PHP,5000,118.72,113.77,58.06
2026-09-26T02:05:15.677734+00:00,SGD->PHP,5000,115.55,110.6,58.06
2026-09-26T03:05:14.312696+00:00,SGD->PHP,5000,115.55,110.6,58.06
2026-09-26T04:05:17.324021+00:00,SGD->PHP,5000,115.55,110.6,58.06
2026-09-26T05:05:14.408621+00:00,SGD->PHP,5000,108.94,103.99,58.06
2026-09-26T06:05:13.394575+00:00,SGD->PHP,5000,110.6,105.65,58.06
2026-09-26T07:05:14.252668+00:00,SGD->PHP,5000,110.6,105.65,58.06
2026-09-26T08:05:11.938138+00:00,SGD->PHP,5000,109.98,105.03,58.06
2026-09-26T09:05:12.225440+00:00,SGD->PHP,5000,109.67,104.72,58.06
2026-09-26T10:05:14.143129+00:00,SGD->PHP,5000,109.13,104.18,58.06
2026-09-26T11:05:21.023710+00:00,SGD->PHP,5000,109.98,105.03,58.06
2026-09-26T12:54:36.834732+00:00,SGD->PHP,5000,110.6,105.65,58.06
2026-09-26T13:05:14.360467+00:00,SGD->PHP,5000,110.6,105.65,58.06
2026-09-26T14:05:15.871212+00:00,SGD->PHP,5000,107.13,102.17,58.86
2026-09-26T15:05:14.272742+00:00,SGD->PHP,5000,107.13,102.17,58.86
2026-09-26T16:05:14.300726+00:00,SGD->PHP,5000,106.35,101.4,58.86
2026-09-26T17:05:50.016451+00:00,SGD->PHP,5000,109.21,104.26,58.86
2026-09-26T18:05:15.025142+00:00,SGD->PHP,5000,109.21,104.26,58.86
2026-09-26T19:05:12.445165+00:00,SGD->PHP,5000,109.21,104.26,58.86
2026-09-26T20:05:17.564930+00:00,SGD->PHP,5000,107.63,102.67,58.86
2026-09-26T21:05:16.734504+00:00,SGD->PHP,5000,107.63,102.67,58.86
2026-09-26T22:05:14.074114+00:00,SGD->PHP,5000,107.63,102.67,58.86
2026-09-26T23:05:14.109425+00:00,SGD->PHP,5000,107.63,102.67,58.86
2026-09-27T00:05:13.484069+00:00,SGD->PHP,5000,107.63,102.67,58.86
2026-09-27T01:05:18.125308+00:00,SGD->PHP,5000,108.05,103.1,59.29
2026-09-27T02:05:15.152482+00:00,SGD->PHP,5000,108.05,103.1,59.29
2026-09-27T03:05:13.286272+00:00,SGD->PHP,5000,108.05,103.1,59.29
2026-09-27T04:05:15.324382+00:00,SGD->PHP,5000,108.05,103.1,59.29
2026-09-27T08:05:15.435309+00:00,SGD->PHP,5000,95.82,90.86,59.29
2026-09-27T09:05:14.773387+00:00,SGD->PHP,5000,104.89,99.93,59.29
2026-09-27T10:05:15.939722+00:00,SGD->PHP,5000,101.72,96.76,59.29
2026-09-27T11:05:13.812241+00:00,SGD->PHP,5000,98.55,93.59,59.29
2026-09-27T12:05:16.687225+00:00,SGD->PHP,5000,108.94,103.98,59.29
2026-09-27T13:05:17.289020+00:00,SGD->PHP,5000,114.0,109.05,59.29
2026-09-27T14:05:17.296916+00:00,SGD->PHP,5000,112.42,107.47,59.29
2026-09-27T15:05:15.909097+00:00,SGD->PHP,5000,117.41,112.46,59.29
2026-09-27T16:05:14.392274+00:00,SGD->PHP,5000,117.21,112.26,59.29
2026-09-27T17:05:15.652786+00:00,SGD->PHP,5000,124.48,119.53,59.29
2026-09-27T18:05:18.660653+00:00,SGD->PHP,5000,125.33,120.38,59.29
2026-09-27T19:05:14.744213+00:00,SGD->PHP,5000,124.63,119.69,52.22
2026-09-27T20:05:18.646327+00:00,SGD->PHP,5000,123.94,118.99,51.53
2026-09-27T21:05:21.657516+00:00,SGD->PHP,5000,124.4,119.46,51.57
2026-09-27T22:05:17.369305+00:00,SGD->PHP,5000,124.79,119.84,63.56
2026-09-27T23:05:17.522845+00:00,SGD->PHP,5000,137.34,132.4,65.33
2026-09-28T00:05:18.363141+00:00,SGD->PHP,5000,141.67,136.74,66.98
2026-09-28T01:05:50.978831+00:00,SGD->PHP,5000,124.57,119.62,40.4
2026-09-28T02:05:18.438442+00:00,SGD->PHP,5000,122.94,118.0,35.88
2026-09-28T03:05:17.088941+00:00,SGD->PHP,5000,127.15,122.21,35.43
2026-09-28T04:05:14.376905+00:00,SGD->PHP,5000,119.88,114.93,37.12
2026-09-28T05:05:17.338356+00:00,SGD->PHP,5000,117.38,112.43,37.43
2026-09-28T06:05:16.032504+00:00,SGD->PHP,5000,113.17,108.22,38.79
2026-09-28T07:05:15.368853+00:00,SGD->PHP,5000,108.5,103.55,35.68
2026-09-28T08:05:17.647151+00:00,SGD->PHP,5000,105.34,100.38,26.05
2026-09-28T09:05:16.497986+00:00,SGD->PHP,5000,114.06,109.1,37.92
2026-09-28T10:05:18.612951+00:00,SGD->PHP,5000,115.06,110.11,44.28
2026-09-28T11:05:15.080363+00:00,SGD->PHP,5000,116.64,111.69,31.25
2026-09-28T12:05:22.177118+00:00,SGD->PHP,5000,114.52,109.57,31.56
2026-09-28T13:05:17.335941+00:00,SGD->PHP,5000,120.26,115.32,38.24
2026-09-28T14:05:20.276531+00:00,SGD->PHP,5000,120.84,115.89,39.24
2026-09-28T15:05:18.706404+00:00,SGD->PHP,5000,108.24,103.28,34.88
2026-09-28T16:05:15.233656+00:00,SGD->PHP,5000,114.79,109.84,30.15
2026-09-28T17:05:21.452157+00:00,SGD->PHP,5000,117.47,112.52,27.75
2026-09-28T18:05:18.254911+00:00,SGD->PHP,5000,107.36,102.41,28.64
2026-09-28T19:05:22.911929+00:00,SGD->PHP,5000,107.97,103.02,33.58
2026-09-28T20:05:17.886324+00:00,SGD->PHP,5000,112.91,107.96,27.62
2026-09-28T21:05:16.516233+00:00,SGD->PHP,5000,110.25,105.29,29.54
2026-09-28T22:05:17.594111+00:00,SGD->PHP,5000,107.2,102.25,26.1
2026-09-28T23:05:16.824227+00:00,SGD->PHP,5000,107.66,102.71,29.36
2026-09-29T00:05:18.400078+00:00,SGD->PHP,5000,109.01,104.06,29.32
2026-09-29T01:05:15.522871+00:00,SGD->PHP,5000,127.98,123.03,49.5
2026-09-29T02:05:18.823175+00:00,SGD->PHP,5000,144.62,139.68,58.29
2026-09-29T03:05:15.578687+00:00,SGD->PHP,5000,131.32,126.38,48.52
2026-09-29T04:05:15.483868+00:00,SGD->PHP,5000,131.75,126.81,52.29
2026-09-29T04:02:19.814358+00:00,SGD->PHP,5000,133.33,128.39,52.73
2026-09-29T05:05:14.928908+00:00,SGD->PHP,5000,130.17,125.23,48.38
2026-09-29T06:05:18.521224+00:00,SGD->PHP,5000,134.63,129.69,47.54
2026-09-29T07:05:18.239209+00:00,SGD->PHP,5000,126.61,121.67,40.7
2026-09-29T08:05:16.697931+00:00,SGD->PHP,5000,128.31,123.36,44.18
2026-09-29T09:05:18.201984+00:00,SGD->PHP,5000,133.66,128.72,43.8
2026-09-29T10:05:19.816271+00:00,SGD->PHP,5000,130.15,125.21,46.67
2026-09-29T11:05:16.015373+00:00,SGD->PHP,5000,132.92,127.98,35.51
2026-09-29T12:05:16.454562+00:00,SGD->PHP,5000,125.16,120.21,31.09
2026-09-29T13:05:17.280462+00:00,SGD->PHP,5000,126.89,121.95,39.28
2026-09-29T14:05:16.697143+00:00,SGD->PHP,5000,125.0,120.06,36.04
2026-09-29T15:05:17.520224+00:00,SGD->PHP,5000,115.95,111.0,27.79
2026-09-29T16:05:24.594178+00:00,SGD->PHP,5000,118.68,113.74,29.04
2026-09-29T17:05:16.978975+00:00,SGD->PHP,5000,116.41,111.46,35.35
2026-09-29T18:05:51.955920+00:00,SGD->PHP,5000,125.45,120.51,30.09
2026-09-29T19:05:21.970874+00:00,SGD->PHP,5000,128.07,123.13,23.68
2026-09-29T20:05:17.970131+00:00,SGD->PHP,5000,121.19,116.24,25.17
2026-09-29T21:05:21.165742+00:00,SGD->PHP,5000,119.92,114.97,24.58
2026-09-29T22:05:19.777270+00:00,SGD->PHP,5000,111.94,106.99,26.78
2026-09-29T23:05:15.943864+00:00,SGD->PHP,5000,119.0,114.05,30.97
2026-09-30T00:05:15.702692+00:00,SGD->PHP,5000,117.99,113.05,26.49
2026-09-30T01:05:15.710883+00:00,SGD->PHP,5000,131.97,127.03,37.21
2026-09-30T02:05:17.917771+00:00,SGD->PHP,5000,125.32,120.37,34.73
2026-09-30T04:00:01.313833+00:00,SGD->PHP,5000,130.28,125.34,36.35
2026-09-30T06:00:46.312436+00:00,SGD->PHP,5000,132.86,127.92,35.07
2026-09-30T07:05:17.240935+00:00,SGD->PHP,5000,117.5,112.55,24.28
2026-09-30T08:05:17.248745+00:00,SGD->PHP,5000,111.53,106.58,20.64
2026-09-30T09:05:15.986949+00:00,SGD->PHP,5000,113.11,108.16,18.87
2026-09-30T10:05:16.445689+00:00,SGD->PHP,5000,113.18,108.23,20.15
2026-09-30T11:05:16.932213+00:00,SGD->PHP,5000,110.72,105.77,18.42
2026-09-30T12:05:16.749806+00:00,SGD->PHP,5000,107.56,102.61,17.38
2026-09-30T13:05:18.851179+00:00,SGD->PHP,5000,111.19,106.24,10.31
2026-09-30T14:05:18.415538+00:00,SGD->PHP,5000,109.53,104.58,10.28
2026-09-30T15:05:20.027722+00:00,SGD->PHP,5000,100.59,95.63,12.07
2026-09-30T16:05:18.171936+00:00,SGD->PHP,5000,104.55,99.6,17.02
2026-09-30T17:05:16.804532+00:00,SGD->PHP,5000,112.08,107.13,8.76
2026-09-30T18:05:19.351445+00:00,SGD->PHP,5000,110.85,105.9,12.83
2026-09-30T19:05:15.539627+00:00,SGD->PHP,5000,106.99,102.04,8.01
2026-09-30T20:05:18.437273+00:00,SGD->PHP,5000,108.57,103.62,2.27
2026-09-30T21:05:19.136031+00:00,SGD->PHP,5000,111.73,106.78,17.38
2026-09-30T22:05:18.996107+00:00,SGD->PHP,5000,111.73,106.78,5.34
2026-09-30T23:05:19.855671+00:00,SGD->PHP,5000,111.27,106.31,14.53
2026-10-01T00:05:16.089285+00:00,SGD->PHP,5000,111.5,106.54,16.87
2026-10-01T01:05:21.365871+00:00,SGD->PHP,5000,140.83,135.89,51.85
2026-10-01T02:05:17.689262+00:00,SGD->PHP,5000,136.11,131.17,51.5
2026-10-01T03:05:19.018678+00:00,SGD->PHP,5000,123.87,118.92,53.45
2026-10-01T04:05:16.095651+00:00,SGD->PHP,5000,136.11,131.17,54.71
2026-10-01T05:05:17.538383+00:00,SGD->PHP,5000,134.53,129.59,57.79
2026-10-01T06:06:08.798951+00:00,SGD->PHP,5000,132.96,128.02,54.99
2026-10-01T07:05:27.252016+00:00,SGD->PHP,5000,134.53,129.59,53.94
2026-10-01T08:05:20.786277+00:00,SGD->PHP,5000,120.37,115.42,46.94
2026-10-01T09:05:16.117145+00:00,SGD->PHP,5000,107.78,102.83,41.71
2026-10-01T10:05:17.464881+00:00,SGD->PHP,5000,131.9,126.96,48.5
2026-10-01T11:05:49.102110+00:00,SGD->PHP,5000,139.41,134.47,48.34
2026-10-01T12:05:16.660005+00:00,SGD->PHP,5000,142.55,137.61,48.04
2026-10-01T13:05:16.266755+00:00,SGD->PHP,5000,138.09,133.16,59.09
2026-10-01T14:05:20.260503+00:00,SGD->PHP,5000,139.66,134.73,59.01
2026-10-01T15:05:23.045185+00:00,SGD->PHP,5000,143.5,138.56,67.38
2026-10-01T16:05:18.737552+00:00,SGD->PHP,5000,140.36,135.42,63.49
2026-10-01T17:05:16.078664+00:00,SGD->PHP,5000,146.03,141.09,60.1
2026-10-01T18:05:20.516963+00:00,SGD->PHP,5000,144.46,139.52,66.34
2026-10-01T19:05:17.805189+00:00,SGD->PHP,5000,149.86,144.93,60.61
2026-10-01T20:05:18.292954+00:00,SGD->PHP,5000,149.86,144.93,55.19
2026-10-01T21:05:16.410628+00:00,SGD->PHP,5000,142.2,137.26,55.78
2026-10-01T22:05:17.335033+00:00,SGD->PHP,5000,140.63,135.69,56.69
2026-10-01T23:05:16.538621+00:00,SGD->PHP,5000,141.93,136.99,59.13
2026-10-02T00:35:46.837195+00:00,SGD->PHP,5000,128.11,123.17,48.71
2026-10-02T01:05:41.700633+00:00,SGD->PHP,5000,136.32,131.38,54.03
2026-10-02T02:05:45.638575+00:00,SGD->PHP,5000,148.2,143.27,69.76
2026-10-02T03:05:42.477568+00:00,SGD->PHP,5000,157.64,152.71,74.67
2026-10-02T04:05:43.201399+00:00,SGD->PHP,5000,157.64,152.71,67.26
2026-10-02T05:05:40.763077+00:00,SGD->PHP,5000,151.89,146.96,67.49
2026-10-02T06:05:45.511423+00:00,SGD->PHP,5000,151.89,146.96,61.38
2026-10-02T07:05:46.933995+00:00,SGD->PHP,5000,155.04,150.11,73.13
2026-10-02T08:05:44.972985+00:00,SGD->PHP,5000,161.03,156.11,67.77
2026-10-02T09:05:49.752693+00:00,SGD->PHP,5000,155.16,150.23,72.97
2026-10-02T10:05:41.599437+00:00,SGD->PHP,5000,147.29,142.36,67.73
2026-10-02T11:05:37.449043+00:00,SGD->PHP,5000,144.14,139.21,69.54
2026-10-02T12:05:57.675350+00:00,SGD->PHP,5000,154.03,149.1,68.58
2026-10-02T13:05:55.719169+00:00,SGD->PHP,5000,156.0,151.07,64.16
2026-10-02T14:05:48.201239+00:00,SGD->PHP,5000,156.38,151.46,63.89
2026-10-02T15:05:52.164963+00:00,SGD->PHP,5000,152.3,147.36,71.51
2026-10-02T16:05:51.216483+00:00,SGD->PHP,5000,147.03,142.1,74.69
2026-10-02T17:05:45.144570+00:00,SGD->PHP,5000,166.96,162.03,73.8
2026-10-02T18:05:55.096605+00:00,SGD->PHP,5000,167.26,162.34,72.4
2026-10-02T19:05:57.252836+00:00,SGD->PHP,5000,166.65,161.73,78.0
2026-10-02T20:05:59.644405+00:00,SGD->PHP,5000,167.34,162.42,75.85
2026-10-02T21:05:44.223507+00:00,SGD->PHP,5000,168.64,163.72,77.51
2026-10-02T22:05:52.011531+00:00,SGD->PHP,5000,168.64,163.72,77.51
2026-10-02T23:16:36.775921+00:00,SGD->PHP,5000,161.98,157.05,77.51
2026-10-03T00:05:52.316625+00:00,SGD->PHP,5000,161.9,156.98,77.51
2026-10-03T01:05:57.224154+00:00,SGD->PHP,5000,135.69,130.75,51.07
2026-10-03T02:05:44.260736+00:00,SGD->PHP,5000,135.66,130.72,51.07
2026-10-03T03:05:49.339754+00:00,SGD->PHP,5000,138.99,134.06,51.07
2026-10-03T04:05:50.899204+00:00,SGD->PHP,5000,134.43,129.49,51.07
2026-10-03T05:05:46.965735+00:00,SGD->PHP,5000,134.66,129.72,51.07
2026-10-03T06:05:46.897991+00:00,SGD->PHP,5000,140.55,135.61,51.07
2026-10-03T07:35:40.146948+00:00,SGD->PHP,5000,139.16,134.22,51.07
2026-10-03T08:06:00.046494+00:00,SGD->PHP,5000,139.16,134.22,51.07
2026-10-03T09:05:48.933343+00:00,SGD->PHP,5000,142.5,137.56,51.07
2026-10-03T10:05:58.972959+00:00,SGD->PHP,5000,142.11,137.18,51.07
2026-10-03T11:05:49.347496+00:00,SGD->PHP,5000,141.63,136.7,51.07
2026-10-03T12:05:49.865124+00:00,SGD->PHP,5000,140.81,135.88,51.07
2026-10-03T13:05:46.456683+00:00,SGD->PHP,5000,140.81,135.88,51.07
2026-10-03T14:05:49.928628+00:00,SGD->PHP,5000,140.79,135.85,51.07
2026-10-03T15:05:48.517563+00:00,SGD->PHP,5000,141.12,136.18,51.07
2026-10-03T16:05:58.559478+00:00,SGD->PHP,5000,140.06,135.12,51.07
2026-10-03T17:05:50.673883+00:00,SGD->PHP,5000,141.35,136.41,51.07
2026-10-03T18:05:50.785849+00:00,SGD->PHP,5000,141.35,136.41,51.07
2026-10-03T19:05:51.500268+00:00,SGD->PHP,5000,141.65,136.72,51.07
2026-10-03T20:05:49.545078+00:00,SGD->PHP,5000,141.65,136.72,51.07
2026-10-03T21:05:48.707443+00:00,SGD->PHP,5000,141.42,136.49,51.07
2026-10-03T22:05:48.244857+00:00,SGD->PHP,5000,141.42,136.49,51.07
2026-10-03T23:05:39.094983+00:00,SGD->PHP,5000,141.19,136.26,51.07
2026-10-04T00:05:51.300350+00:00,SGD->PHP,5000,141.5,136.56,51.07
2026-10-04T01:05:49.723184+00:00,SGD->PHP,5000,140.49,135.56,50.13
2026-10-04T02:05:50.805009+00:00,SGD->PHP,5000,140.49,135.56,50.13
2026-10-04T03:05:55.125191+00:00,SGD->PHP,5000,140.49,135.56,50.13
2026-10-04T04:05:41.817828+00:00,SGD->PHP,5000,136.51,131.57,50.13
2026-10-04T05:05:55.980143+00:00,SGD->PHP,5000,136.53,131.59,50.13
2026-10-04T06:05:48.494824+00:00,SGD->PHP,5000,136.53,131.59,50.13
2026-10-04T07:06:20.438000+00:00,SGD->PHP,5000,136.53,131.59,50.13
2026-10-04T08:05:40.171446+00:00,SGD->PHP,5000,136.5,131.56,50.13
2026-10-04T09:05:50.122861+00:00,SGD->PHP,5000,136.5,131.56,50.13
2026-10-04T10:05:54.008216+00:00,SGD->PHP,5000,136.5,131.56,50.13
2026-10-04T11:05:52.185643+00:00,SGD->PHP,5000,136.5,131.56,50.13
2026-10-04T12:05:47.840811+00:00,SGD->PHP,5000,140.29,135.36,50.13
2026-10-04T13:05:48.423978+00:00,SGD->PHP,5000,140.49,135.56,50.13
2026-10-04T14:05:53.814019+00:00,SGD->PHP,5000,140.49,135.56,50.13
2026-10-04T15:05:54.178662+00:00,SGD->PHP,5000,136.36,131.42,50.13
2026-10-04T16:06:01.238248+00:00,SGD->PHP,5000,140.4,135.46,50.13
2026-10-04T17:05:42.520778+00:00,SGD->PHP,5000,140.4,135.46,50.13
2026-10-04T18:05:52.889241+00:00,SGD->PHP,5000,138.18,133.24,50.13
2026-10-04T19:05:45.890761+00:00,SGD->PHP,5000,139.79,134.86,53.12
2026-10-04T20:05:56.696908+00:00,SGD->PHP,5000,140.1,135.16,51.58
2026-10-04T21:06:30.711318+00:00,SGD->PHP,5000,140.1,135.16,52.11
2026-10-04T22:05:51.269237+00:00,SGD->PHP,5000,140.1,135.16,54.37
2026-10-04T23:05:55.755415+00:00,SGD->PHP,5000,136.4,131.46,52.82
2026-10-05T00:05:53.682942+00:00,SGD->PHP,5000,136.4,131.46,48.22
2026-10-05T01:05:51.394070+00:00,SGD->PHP,5000,132.67,127.73,57.3
2026-10-05T02:05:40.728942+00:00,SGD->PHP,5000,121.61,116.66,53.82
2026-10-05T03:06:26.669249+00:00,SGD->PHP,5000,112.07,107.12,49.63
2026-10-05T04:05:52.890817+00:00,SGD->PHP,5000,113.94,108.99,40.02
2026-10-05T05:05:53.438810+00:00,SGD->PHP,5000,120.48,115.53,42.4
2026-10-05T06:05:52.596888+00:00,SGD->PHP,5000,125.21,120.26,36.55
2026-10-05T07:05:54.439587+00:00,SGD->PHP,5000,126.78,121.84,39.03
2026-10-05T08:05:44.968275+00:00,SGD->PHP,5000,137.87,132.93,45.98
2026-10-05T09:05:59.192506+00:00,SGD->PHP,5000,137.78,132.84,46.27
2026-10-05T10:06:03.234161+00:00,SGD->PHP,5000,136.31,131.38,48.12
2026-10-05T11:05:51.221476+00:00,SGD->PHP,5000,138.35,133.41,47.88
2026-10-05T12:05:52.947277+00:00,SGD->PHP,5000,135.73,130.79,42.79
2026-10-05T13:05:49.093774+00:00,SGD->PHP,5000,120.36,115.41,41.35
2026-10-05T14:05:42.927369+00:00,SGD->PHP,5000,119.3,114.35,41.06
2026-10-05T15:05:59.580672+00:00,SGD->PHP,5000,123.95,119.01,41.39
2026-10-05T16:05:57.491310+00:00,SGD->PHP,5000,124.65,119.71,37.95
2026-10-05T17:05:54.257916+00:00,SGD->PHP,5000,115.9,110.95,37.54
2026-10-05T18:05:51.361404+00:00,SGD->PHP,5000,124.2,119.25,33.82
2026-10-05T19:06:05.755415+00:00,SGD->PHP,5000,132.08,127.14,42.36
2026-10-05T20:57:56.138325+00:00,SGD->PHP,5000,139.73,134.79,40.55
2026-10-06T00:21:04.515930+00:00,SGD->PHP,5000,121.71,116.76,38.45
2026-10-06T01:05:57.362559+00:00,SGD->PHP,5000,124.87,119.92,39.91
2026-10-06T02:05:56.415484+00:00,SGD->PHP,5000,91.37,86.41,12.95
2026-10-06T03:05:53.803405+00:00,SGD->PHP,5000,95.72,90.76,21.38
2026-10-06T04:05:56.790297+00:00,SGD->PHP,5000,95.72,90.76,13.4
2026-10-06T05:06:02.437111+00:00,SGD->PHP,5000,80.6,75.64,6.28
2026-10-06T06:05:53.651950+00:00,SGD->PHP,5000,86.92,81.96,7.62
2026-10-06T07:05:55.405111+00:00,SGD->PHP,5000,53.03,48.05,10.27
2026-10-06T08:05:54.437178+00:00,SGD->PHP,5000,60.06,55.08,8.66
2026-10-06T09:06:00.931136+00:00,SGD->PHP,5000,61.07,56.1,10.65
2026-10-06T10:06:30.499530+00:00,SGD->PHP,5000,67.23,62.25,18.89
2026-10-06T12:55:51.796686+00:00,SGD->PHP,5000,63.22,58.24,8.21
2026-10-06T13:05:59.040366+00:00,SGD->PHP,5000,64.8,59.83,7.11
2026-10-06T14:05:58.077024+00:00,SGD->PHP,5000,99.33,94.37,10.8
2026-10-06T15:06:19.534058+00:00,SGD->PHP,5000,94.84,89.88,2.48
2026-10-06T16:06:35.094995+00:00,SGD->PHP,5000,96.1,91.14,5.57
2026-10-06T17:06:08.980007+00:00,SGD->PHP,5000,87.46,82.5,4.71
2026-10-06T18:06:08.580939+00:00,SGD->PHP,5000,96.92,91.96,4.71
2026-10-06T19:05:54.963314+00:00,SGD->PHP,5000,95.03,90.07,3.49
2026-10-06T20:05:59.976776+00:00,SGD->PHP,5000,92.57,87.61,-0.39
2026-10-06T21:05:58.296956+00:00,SGD->PHP,5000,94.95,89.99,2.5
2026-10-06T22:06:01.661914+00:00,SGD->PHP,5000,95.26,90.3,4.37
2026-10-06T23:05:55.282890+00:00,SGD->PHP,5000,95.26,90.3,7.01
2026-10-07T00:05:55.824485+00:00,SGD->PHP,5000,98.08,93.12,10.02
2026-10-07T01:05:55.196296+00:00,SGD->PHP,5000,134.42,129.48,48.48
2026-10-07T02:05:48.166682+00:00,SGD->PHP,5000,126.66,121.72,41.18
2026-10-07T03:06:09.345817+00:00,SGD->PHP,5000,123.23,118.29,55.18
2026-10-07T04:05:56.158899+00:00,SGD->PHP,5000,126.38,121.44,59.24
2026-10-07T05:05:50.203077+00:00,SGD->PHP,5000,136.09,131.15,58.81
2026-10-07T06:05:58.359921+00:00,SGD->PHP,5000,148.18,143.25,60.76
2026-10-07T07:06:02.365553+00:00,SGD->PHP,5000,145.04,140.11,55.71
2026-10-07T08:05:58.580892+00:00,SGD->PHP,5000,135.61,130.67,54.94
2026-10-07T09:06:28.903106+00:00,SGD->PHP,5000,133.52,128.58,59.03
2026-10-07T10:05:58.838418+00:00,SGD->PHP,5000,140.33,135.39,56.26
2026-10-07T11:05:54.908997+00:00,SGD->PHP,5000,137.19,132.25,53.73
2026-10-07T12:05:59.966147+00:00,SGD->PHP,5000,137.19,132.25,56.7
2026-10-07T13:05:59.167159+00:00,SGD->PHP,5000,50.58,45.6,56.22
2026-10-07T14:06:02.539308+00:00,SGD->PHP,5000,143.31,138.37,63.19
2026-10-07T15:36:01.365818+00:00,SGD->PHP,5000,137.75,132.81,65.95
2026-10-07T16:06:04.769572+00:00,SGD->PHP,5000,140.71,135.77,66.65
2026-10-07T17:05:53.943587+00:00,SGD->PHP,5000,142.76,137.82,68.11
2026-10-07T18:05:59.178734+00:00,SGD->PHP,5000,138.27,133.33,65.72
2026-10-07T21:39:20.057565+00:00,SGD->PHP,5000,136.69,131.76,67.71
2026-10-07T22:07:33.215510+00:00,SGD->PHP,5000,136.69,131.76,69.78
2026-10-07T23:05:47.787639+00:00,SGD->PHP,5000,136.69,131.76,70.08
2026-10-08T00:06:06.870267+00:00,SGD->PHP,5000,148.22,143.28,67.81
2026-10-08T01:05:56.784136+00:00,SGD->PHP,5000,118.94,113.99,51.2
2026-10-08T02:05:53.252313+00:00,SGD->PHP,5000,122.44,117.49,49.27
2026-10-08T03:05:58.217560+00:00,SGD->PHP,5000,139.93,135.0,52.27
