ts_utc,ccy,side,price
2026-09-16T06:05:40.769133+00:00,AED,buy,3.691
2026-09-16T06:05:40.769133+00:00,AED,buy,3.692
2026-09-16T06:05:40.769133+00:00,AED,buy,3.692
2026-09-16T06:05:40.769133+00:00,AED,buy,3.692
2026-09-16T06:05:40.769133+00:00,AED,buy,3.696
2026-09-16T06:05:40.769133+00:00,AED,buy,3.696
2026-09-16T06:05:40.769133+00:00,AED,buy,3.698
2026-09-16T06:05:40.769133+00:00,AED,buy,3.7
2026-09-16T06:05:40.769133+00:00,AED,buy,3.7
2026-09-16T06:05:40.769133+00:00,AED,buy,3.705
2026-09-16T06:05:40.769133+00:00,AED,sell,3.659
2026-09-16T06:05:40.769133+00:00,AED,sell,3.658
2026-09-16T06:05:40.769133+00:00,AED,sell,3.657
2026-09-16T06:05:40.769133+00:00,AED,sell,3.657
2026-09-16T06:05:40.769133+00:00,AED,sell,3.656
2026-09-16T06:05:40.769133+00:00,AED,sell,3.655
2026-09-16T06:05:40.769133+00:00,AED,sell,3.654
2026-09-16T06:05:40.769133+00:00,AED,sell,3.654
2026-09-16T06:05:40.769133+00:00,AED,sell,3.653
2026-09-16T06:05:40.769133+00:00,AED,sell,3.653
2026-09-16T06:05:40.769133+00:00,AFN,buy,65.95
2026-09-16T06:05:40.769133+00:00,AFN,buy,66.2
2026-09-16T06:05:40.769133+00:00,AFN,buy,66.83
2026-09-16T06:05:40.769133+00:00,AFN,sell,64.52
2026-09-16T06:05:40.769133+00:00,AFN,sell,64.51
2026-09-16T06:05:40.769133+00:00,AFN,sell,64.31
2026-09-16T06:05:40.769133+00:00,AFN,sell,63.25
2026-09-16T06:05:40.769133+00:00,AFN,sell,63.2
2026-09-16T06:05:40.769133+00:00,AFN,sell,63.1
2026-09-16T06:05:40.769133+00:00,AFN,sell,62.0
2026-09-16T06:05:40.769133+00:00,AFN,sell,60.0
2026-09-16T06:05:40.769133+00:00,AMD,buy,361.08
2026-09-16T06:05:40.769133+00:00,AMD,buy,362.85
2026-09-16T06:05:40.769133+00:00,AMD,buy,362.89
2026-09-16T06:05:40.769133+00:00,AMD,buy,362.9
2026-09-16T06:05:40.769133+00:00,AMD,buy,362.9
2026-09-16T06:05:40.769133+00:00,AMD,buy,362.95
2026-09-16T06:05:40.769133+00:00,AMD,buy,363.11
2026-09-16T06:05:40.769133+00:00,AMD,buy,363.14
2026-09-16T06:05:40.769133+00:00,AMD,buy,363.15
2026-09-16T06:05:40.769133+00:00,AMD,buy,363.2
2026-09-16T06:05:40.769133+00:00,AMD,sell,359.2
2026-09-16T06:05:40.769133+00:00,AMD,sell,359.16
2026-09-16T06:05:40.769133+00:00,AMD,sell,358.21
2026-09-16T06:05:40.769133+00:00,AMD,sell,358.21
2026-09-16T06:05:40.769133+00:00,AMD,sell,358.2
2026-09-16T06:05:40.769133+00:00,AMD,sell,358.15
2026-09-16T06:05:40.769133+00:00,AMD,sell,358.0
2026-09-16T06:05:40.769133+00:00,AMD,sell,358.0
2026-09-16T06:05:40.769133+00:00,AMD,sell,357.86
2026-09-16T06:05:40.769133+00:00,AMD,sell,357.85
2026-09-16T06:05:40.769133+00:00,AOA,buy,823.56
2026-09-16T06:05:40.769133+00:00,AOA,buy,823.59
2026-09-16T06:05:40.769133+00:00,AOA,buy,823.74
2026-09-16T06:05:40.769133+00:00,AOA,buy,823.85
2026-09-16T06:05:40.769133+00:00,AOA,buy,823.91
2026-09-16T06:05:40.769133+00:00,AOA,buy,823.98
2026-09-16T06:05:40.769133+00:00,AOA,buy,824.03
2026-09-16T06:05:40.769133+00:00,AOA,buy,824.68
2026-09-16T06:05:40.769133+00:00,AOA,buy,1099.05
2026-09-16T06:05:40.769133+00:00,AOA,buy,1099.42
2026-09-16T06:05:40.769133+00:00,AOA,sell,1119.68
2026-09-16T06:05:40.769133+00:00,AOA,sell,1119.68
2026-09-16T06:05:40.769133+00:00,AOA,sell,1119.68
2026-09-16T06:05:40.769133+00:00,AOA,sell,1119.67
2026-09-16T06:05:40.769133+00:00,AOA,sell,1119.67
2026-09-16T06:05:40.769133+00:00,AOA,sell,1119.67
2026-09-16T06:05:40.769133+00:00,AOA,sell,1119.67
2026-09-16T06:05:40.769133+00:00,AOA,sell,1119.67
2026-09-16T06:05:40.769133+00:00,AOA,sell,1119.67
2026-09-16T06:05:40.769133+00:00,AOA,sell,1119.67
2026-09-16T06:05:40.769133+00:00,ARS,buy,1596.0
2026-09-16T06:05:40.769133+00:00,ARS,buy,1596.5
2026-09-16T06:05:40.769133+00:00,ARS,buy,1596.99
2026-09-16T06:05:40.769133+00:00,ARS,buy,1597.4
2026-09-16T06:05:40.769133+00:00,ARS,buy,1598.0
2026-09-16T06:05:40.769133+00:00,ARS,buy,1598.89
2026-09-16T06:05:40.769133+00:00,ARS,buy,1599.0
2026-09-16T06:05:40.769133+00:00,ARS,buy,1600.0
2026-09-16T06:05:40.769133+00:00,ARS,buy,1601.99
2026-09-16T06:05:40.769133+00:00,ARS,buy,1603.89
2026-09-16T06:05:40.769133+00:00,ARS,sell,1588.0
2026-09-16T06:05:40.769133+00:00,ARS,sell,1588.0
2026-09-16T06:05:40.769133+00:00,ARS,sell,1587.0
2026-09-16T06:05:40.769133+00:00,ARS,sell,1586.1
2026-09-16T06:05:40.769133+00:00,ARS,sell,1585.3
2026-09-16T06:05:40.769133+00:00,ARS,sell,1585.2
2026-09-16T06:05:40.769133+00:00,ARS,sell,1585.18
2026-09-16T06:05:40.769133+00:00,ARS,sell,1585.0
2026-09-16T06:05:40.769133+00:00,ARS,sell,1584.75
2026-09-16T06:05:40.769133+00:00,ARS,sell,1583.93
2026-09-16T06:05:40.769133+00:00,AZN,buy,1.69
2026-09-16T06:05:40.769133+00:00,AZN,buy,1.69
2026-09-16T06:05:40.769133+00:00,AZN,buy,1.69
2026-09-16T06:05:40.769133+00:00,AZN,buy,1.69
2026-09-16T06:05:40.769133+00:00,AZN,buy,1.69
2026-09-16T06:05:40.769133+00:00,AZN,buy,1.69
2026-09-16T06:05:40.769133+00:00,AZN,buy,1.69
2026-09-16T06:05:40.769133+00:00,AZN,buy,1.69
2026-09-16T06:05:40.769133+00:00,AZN,buy,1.69
2026-09-16T06:05:40.769133+00:00,AZN,buy,1.69
2026-09-16T06:05:40.769133+00:00,AZN,sell,1.67
2026-09-16T06:05:40.769133+00:00,AZN,sell,1.66
2026-09-16T06:05:40.769133+00:00,AZN,sell,1.66
2026-09-16T06:05:40.769133+00:00,AZN,sell,1.66
2026-09-16T06:05:40.769133+00:00,AZN,sell,1.66
2026-09-16T06:05:40.769133+00:00,AZN,sell,1.66
2026-09-16T06:05:40.769133+00:00,AZN,sell,1.66
2026-09-16T06:05:40.769133+00:00,AZN,sell,1.66
2026-09-16T06:05:40.769133+00:00,AZN,sell,1.66
2026-09-16T06:05:40.769133+00:00,AZN,sell,1.66
2026-09-16T06:05:40.769133+00:00,BDT,buy,126.92
2026-09-16T06:05:40.769133+00:00,BDT,buy,127.22
2026-09-16T06:05:40.769133+00:00,BDT,buy,127.35
2026-09-16T06:05:40.769133+00:00,BDT,buy,127.45
2026-09-16T06:05:40.769133+00:00,BDT,buy,127.47
2026-09-16T06:05:40.769133+00:00,BDT,buy,127.47
2026-09-16T06:05:40.769133+00:00,BDT,buy,127.49
2026-09-16T06:05:40.769133+00:00,BDT,buy,127.49
2026-09-16T06:05:40.769133+00:00,BDT,buy,127.5
2026-09-16T06:05:40.769133+00:00,BDT,buy,127.5
2026-09-16T06:05:40.769133+00:00,BDT,sell,127.32
2026-09-16T06:05:40.769133+00:00,BDT,sell,127.31
2026-09-16T06:05:40.769133+00:00,BDT,sell,127.3
2026-09-16T06:05:40.769133+00:00,BDT,sell,127.3
2026-09-16T06:05:40.769133+00:00,BDT,sell,127.26
2026-09-16T06:05:40.769133+00:00,BDT,sell,127.25
2026-09-16T06:05:40.769133+00:00,BDT,sell,127.25
2026-09-16T06:05:40.769133+00:00,BDT,sell,127.25
2026-09-16T06:05:40.769133+00:00,BDT,sell,127.18
2026-09-16T06:05:40.769133+00:00,BDT,sell,127.17
2026-09-16T06:05:40.769133+00:00,BND,buy,1.21
2026-09-16T06:05:40.769133+00:00,BND,buy,1.301
2026-09-16T06:05:40.769133+00:00,BND,buy,1.305
2026-09-16T06:05:40.769133+00:00,BND,buy,1.305
2026-09-16T06:05:40.769133+00:00,BND,buy,1.307
2026-09-16T06:05:40.769133+00:00,BND,buy,1.31
2026-09-16T06:05:40.769133+00:00,BND,buy,1.311
2026-09-16T06:05:40.769133+00:00,BND,buy,1.321
2026-09-16T06:05:40.769133+00:00,BND,buy,1.512
2026-09-16T06:05:40.769133+00:00,BND,sell,1.524
2026-09-16T06:05:40.769133+00:00,BND,sell,1.512
2026-09-16T06:05:40.769133+00:00,BND,sell,1.512
2026-09-16T06:05:40.769133+00:00,BND,sell,1.512
2026-09-16T06:05:40.769133+00:00,BND,sell,1.512
2026-09-16T06:05:40.769133+00:00,BND,sell,1.255
2026-09-16T06:05:40.769133+00:00,BND,sell,1.255
2026-09-16T06:05:40.769133+00:00,BND,sell,1.255
2026-09-16T06:05:40.769133+00:00,BND,sell,1.25
2026-09-16T06:05:40.769133+00:00,BND,sell,1.241
2026-09-16T06:05:40.769133+00:00,BOB,buy,10.74
2026-09-16T06:05:40.769133+00:00,BOB,buy,10.75
2026-09-16T06:05:40.769133+00:00,BOB,buy,10.75
2026-09-16T06:05:40.769133+00:00,BOB,buy,10.75
2026-09-16T06:05:40.769133+00:00,BOB,buy,10.76
2026-09-16T06:05:40.769133+00:00,BOB,buy,10.76
2026-09-16T06:05:40.769133+00:00,BOB,buy,10.76
2026-09-16T06:05:40.769133+00:00,BOB,buy,10.77
2026-09-16T06:05:40.769133+00:00,BOB,buy,10.77
2026-09-16T06:05:40.769133+00:00,BOB,buy,10.78
2026-09-16T06:05:40.769133+00:00,BOB,sell,10.58
2026-09-16T06:05:40.769133+00:00,BOB,sell,10.57
2026-09-16T06:05:40.769133+00:00,BOB,sell,10.56
2026-09-16T06:05:40.769133+00:00,BOB,sell,10.54
2026-09-16T06:05:40.769133+00:00,BOB,sell,10.53
2026-09-16T06:05:40.769133+00:00,BOB,sell,10.53
2026-09-16T06:05:40.769133+00:00,BOB,sell,10.52
2026-09-16T06:05:40.769133+00:00,BOB,sell,10.51
2026-09-16T06:05:40.769133+00:00,BOB,sell,10.5
2026-09-16T06:05:40.769133+00:00,BOB,sell,10.47
2026-09-16T06:05:40.769133+00:00,BWP,buy,15.39
2026-09-16T06:05:40.769133+00:00,BWP,buy,15.42
2026-09-16T06:05:40.769133+00:00,BWP,sell,14.72
2026-09-16T06:05:40.769133+00:00,BWP,sell,14.72
2026-09-16T06:05:40.769133+00:00,BWP,sell,14.3
2026-09-16T06:05:40.769133+00:00,BWP,sell,14.27
2026-09-16T06:05:40.769133+00:00,BWP,sell,14.26
2026-09-16T06:05:40.769133+00:00,BWP,sell,14.25
2026-09-16T06:05:40.769133+00:00,BWP,sell,12.8
2026-09-16T06:05:40.769133+00:00,BWP,sell,12.8
2026-09-16T06:05:40.769133+00:00,BWP,sell,11.82
2026-09-16T06:05:40.769133+00:00,BWP,sell,10.85
2026-09-16T06:05:40.769133+00:00,CLP,buy,959.7
2026-09-16T06:05:40.769133+00:00,CLP,buy,960.79
2026-09-16T06:05:40.769133+00:00,CLP,buy,960.79
2026-09-16T06:05:40.769133+00:00,CLP,buy,961.99
2026-09-16T06:05:40.769133+00:00,CLP,buy,962.99
2026-09-16T06:05:40.769133+00:00,CLP,buy,964.85
2026-09-16T06:05:40.769133+00:00,CLP,buy,965.0
2026-09-16T06:05:40.769133+00:00,CLP,buy,965.99
2026-09-16T06:05:40.769133+00:00,CLP,buy,967.0
2026-09-16T06:05:40.769133+00:00,CLP,buy,968.85
2026-09-16T06:05:40.769133+00:00,CLP,sell,954.21
2026-09-16T06:05:40.769133+00:00,CLP,sell,954.0
2026-09-16T06:05:40.769133+00:00,CLP,sell,952.72
2026-09-16T06:05:40.769133+00:00,CLP,sell,952.7
2026-09-16T06:05:40.769133+00:00,CLP,sell,952.67
2026-09-16T06:05:40.769133+00:00,CLP,sell,952.15
2026-09-16T06:05:40.769133+00:00,CLP,sell,952.02
2026-09-16T06:05:40.769133+00:00,CLP,sell,951.8
2026-09-16T06:05:40.769133+00:00,CLP,sell,951.62
2026-09-16T06:05:40.769133+00:00,CLP,sell,951.5
2026-09-16T06:05:40.769133+00:00,COP,buy,3104.0
2026-09-16T06:05:40.769133+00:00,COP,buy,3104.0
2026-09-16T06:05:40.769133+00:00,COP,buy,3105.98
2026-09-16T06:05:40.769133+00:00,COP,buy,3106.79
2026-09-16T06:05:40.769133+00:00,COP,buy,3106.8
2026-09-16T06:05:40.769133+00:00,COP,buy,3107.0
2026-09-16T06:05:40.769133+00:00,COP,buy,3107.9
2026-09-16T06:05:40.769133+00:00,COP,buy,3108.09
2026-09-16T06:05:40.769133+00:00,COP,buy,3108.1
2026-09-16T06:05:40.769133+00:00,COP,buy,3108.12
2026-09-16T06:05:40.769133+00:00,COP,sell,3081.0
2026-09-16T06:05:40.769133+00:00,COP,sell,3075.27
2026-09-16T06:05:40.769133+00:00,COP,sell,3071.52
2026-09-16T06:05:40.769133+00:00,COP,sell,3070.8
2026-09-16T06:05:40.769133+00:00,COP,sell,3070.0
2026-09-16T06:05:40.769133+00:00,COP,sell,3065.81
2026-09-16T06:05:40.769133+00:00,COP,sell,3065.78
2026-09-16T06:05:40.769133+00:00,COP,sell,3065.78
2026-09-16T06:05:40.769133+00:00,COP,sell,3065.67
2026-09-16T06:05:40.769133+00:00,COP,sell,3065.0
2026-09-16T06:05:40.769133+00:00,DZD,buy,248.7
2026-09-16T06:05:40.769133+00:00,DZD,buy,249.9
2026-09-16T06:05:40.769133+00:00,DZD,buy,249.99
2026-09-16T06:05:40.769133+00:00,DZD,buy,250.0
2026-09-16T06:05:40.769133+00:00,DZD,buy,250.0
2026-09-16T06:05:40.769133+00:00,DZD,buy,250.0
2026-09-16T06:05:40.769133+00:00,DZD,buy,250.98
2026-09-16T06:05:40.769133+00:00,DZD,buy,251.0
2026-09-16T06:05:40.769133+00:00,DZD,buy,251.0
2026-09-16T06:05:40.769133+00:00,DZD,buy,251.0
2026-09-16T06:05:40.769133+00:00,DZD,sell,247.01
2026-09-16T06:05:40.769133+00:00,DZD,sell,246.52
2026-09-16T06:05:40.769133+00:00,DZD,sell,246.5
2026-09-16T06:05:40.769133+00:00,DZD,sell,246.5
2026-09-16T06:05:40.769133+00:00,DZD,sell,246.42
2026-09-16T06:05:40.769133+00:00,DZD,sell,246.4
2026-09-16T06:05:40.769133+00:00,DZD,sell,246.05
2026-09-16T06:05:40.769133+00:00,DZD,sell,246.0
2026-09-16T06:05:40.769133+00:00,DZD,sell,245.65
2026-09-16T06:05:40.769133+00:00,DZD,sell,245.5
2026-09-16T06:05:40.769133+00:00,EGP,buy,52.4
2026-09-16T06:05:40.769133+00:00,EGP,buy,52.4
2026-09-16T06:05:40.769133+00:00,EGP,buy,52.44
2026-09-16T06:05:40.769133+00:00,EGP,buy,52.45
2026-09-16T06:05:40.769133+00:00,EGP,buy,52.45
2026-09-16T06:05:40.769133+00:00,EGP,buy,52.46
2026-09-16T06:05:40.769133+00:00,EGP,buy,52.48
2026-09-16T06:05:40.769133+00:00,EGP,buy,52.49
2026-09-16T06:05:40.769133+00:00,EGP,buy,52.5
2026-09-16T06:05:40.769133+00:00,EGP,buy,52.55
2026-09-16T06:05:40.769133+00:00,EGP,sell,52.76
2026-09-16T06:05:40.769133+00:00,EGP,sell,52.6
2026-09-16T06:05:40.769133+00:00,EGP,sell,52.55
2026-09-16T06:05:40.769133+00:00,EGP,sell,52.52
2026-09-16T06:05:40.769133+00:00,EGP,sell,52.51
2026-09-16T06:05:40.769133+00:00,EGP,sell,52.51
2026-09-16T06:05:40.769133+00:00,EGP,sell,52.5
2026-09-16T06:05:40.769133+00:00,EGP,sell,52.44
2026-09-16T06:05:40.769133+00:00,EGP,sell,52.43
2026-09-16T06:05:40.769133+00:00,EGP,sell,52.43
2026-09-16T06:05:40.769133+00:00,GEL,buy,2.6
2026-09-16T06:05:40.769133+00:00,GEL,buy,2.61
2026-09-16T06:05:40.769133+00:00,GEL,buy,2.61
2026-09-16T06:05:40.769133+00:00,GEL,buy,2.61
2026-09-16T06:05:40.769133+00:00,GEL,buy,2.61
2026-09-16T06:05:40.769133+00:00,GEL,buy,2.61
2026-09-16T06:05:40.769133+00:00,GEL,buy,2.61
2026-09-16T06:05:40.769133+00:00,GEL,buy,2.61
2026-09-16T06:05:40.769133+00:00,GEL,buy,2.61
2026-09-16T06:05:40.769133+00:00,GEL,buy,2.61
2026-09-16T06:05:40.769133+00:00,GEL,sell,2.59
2026-09-16T06:05:40.769133+00:00,GEL,sell,2.59
2026-09-16T06:05:40.769133+00:00,GEL,sell,2.59
2026-09-16T06:05:40.769133+00:00,GEL,sell,2.59
2026-09-16T06:05:40.769133+00:00,GEL,sell,2.59
2026-09-16T06:05:40.769133+00:00,GEL,sell,2.59
2026-09-16T06:05:40.769133+00:00,GEL,sell,2.59
2026-09-16T06:05:40.769133+00:00,GEL,sell,2.59
2026-09-16T06:05:40.769133+00:00,GEL,sell,2.59
2026-09-16T06:05:40.769133+00:00,GEL,sell,2.59
2026-09-16T06:05:40.769133+00:00,IDR,buy,17692.0
2026-09-16T06:05:40.769133+00:00,IDR,buy,17692.0
2026-09-16T06:05:40.769133+00:00,IDR,buy,17694.0
2026-09-16T06:05:40.769133+00:00,IDR,buy,17695.0
2026-09-16T06:05:40.769133+00:00,IDR,buy,17699.0
2026-09-16T06:05:40.769133+00:00,IDR,buy,17700.0
2026-09-16T06:05:40.769133+00:00,IDR,buy,17701.0
2026-09-16T06:05:40.769133+00:00,IDR,buy,17701.0
2026-09-16T06:05:40.769133+00:00,IDR,buy,17703.0
2026-09-16T06:05:40.769133+00:00,IDR,buy,17703.0
2026-09-16T06:05:40.769133+00:00,IDR,sell,17665.0
2026-09-16T06:05:40.769133+00:00,IDR,sell,17663.0
2026-09-16T06:05:40.769133+00:00,IDR,sell,17660.0
2026-09-16T06:05:40.769133+00:00,IDR,sell,17660.0
2026-09-16T06:05:40.769133+00:00,IDR,sell,17650.0
2026-09-16T06:05:40.769133+00:00,IDR,sell,17646.0
2026-09-16T06:05:40.769133+00:00,IDR,sell,17645.0
2026-09-16T06:05:40.769133+00:00,IDR,sell,17645.0
2026-09-16T06:05:40.769133+00:00,IDR,sell,17635.0
2026-09-16T06:05:40.769133+00:00,IDR,sell,17634.0
2026-09-16T06:05:40.769133+00:00,INR,buy,102.85
2026-09-16T06:05:40.769133+00:00,INR,buy,102.93
2026-09-16T06:05:40.769133+00:00,INR,buy,102.95
2026-09-16T06:05:40.769133+00:00,INR,buy,102.98
2026-09-16T06:05:40.769133+00:00,INR,buy,102.99
2026-09-16T06:05:40.769133+00:00,INR,buy,103.0
2026-09-16T06:05:40.769133+00:00,INR,buy,103.14
2026-09-16T06:05:40.769133+00:00,INR,buy,103.19
2026-09-16T06:05:40.769133+00:00,INR,buy,103.42
2026-09-16T06:05:40.769133+00:00,INR,buy,103.79
2026-09-16T06:05:40.769133+00:00,INR,sell,104.64
2026-09-16T06:05:40.769133+00:00,INR,sell,104.64
2026-09-16T06:05:40.769133+00:00,INR,sell,104.64
2026-09-16T06:05:40.769133+00:00,INR,sell,104.62
2026-09-16T06:05:40.769133+00:00,INR,sell,104.61
2026-09-16T06:05:40.769133+00:00,INR,sell,104.57
2026-09-16T06:05:40.769133+00:00,INR,sell,104.57
2026-09-16T06:05:40.769133+00:00,INR,sell,104.56
2026-09-16T06:05:40.769133+00:00,INR,sell,104.55
2026-09-16T06:05:40.769133+00:00,INR,sell,104.55
2026-09-16T06:05:40.769133+00:00,IQD,buy,1420.0
2026-09-16T06:05:40.769133+00:00,IQD,buy,1581.9
2026-09-16T06:05:40.769133+00:00,IQD,buy,1582.9
2026-09-16T06:05:40.769133+00:00,IQD,buy,1583.66
2026-09-16T06:05:40.769133+00:00,IQD,buy,1586.0
2026-09-16T06:05:40.769133+00:00,IQD,buy,1586.9
2026-09-16T06:05:40.769133+00:00,IQD,buy,1586.94
2026-09-16T06:05:40.769133+00:00,IQD,buy,1586.95
2026-09-16T06:05:40.769133+00:00,IQD,buy,1587.5
2026-09-16T06:05:40.769133+00:00,IQD,buy,1587.9
2026-09-16T06:05:40.769133+00:00,IQD,sell,1578.01
2026-09-16T06:05:40.769133+00:00,IQD,sell,1572.67
2026-09-16T06:05:40.769133+00:00,IQD,sell,1572.4
2026-09-16T06:05:40.769133+00:00,IQD,sell,1571.5
2026-09-16T06:05:40.769133+00:00,IQD,sell,1571.22
2026-09-16T06:05:40.769133+00:00,IQD,sell,1571.2
2026-09-16T06:05:40.769133+00:00,IQD,sell,1570.25
2026-09-16T06:05:40.769133+00:00,IQD,sell,1570.09
2026-09-16T06:05:40.769133+00:00,IQD,sell,1570.0
2026-09-16T06:05:40.769133+00:00,IQD,sell,1569.2
2026-09-16T06:05:40.769133+00:00,JOD,buy,0.711
2026-09-16T06:05:40.769133+00:00,JOD,buy,0.712
2026-09-16T06:05:40.769133+00:00,JOD,buy,0.712
2026-09-16T06:05:40.769133+00:00,JOD,buy,0.712
2026-09-16T06:05:40.769133+00:00,JOD,buy,0.712
2026-09-16T06:05:40.769133+00:00,JOD,buy,0.712
2026-09-16T06:05:40.769133+00:00,JOD,buy,0.712
2026-09-16T06:05:40.769133+00:00,JOD,buy,0.712
2026-09-16T06:05:40.769133+00:00,JOD,buy,0.712
2026-09-16T06:05:40.769133+00:00,JOD,buy,0.712
2026-09-16T06:05:40.769133+00:00,JOD,sell,0.707
2026-09-16T06:05:40.769133+00:00,JOD,sell,0.706
2026-09-16T06:05:40.769133+00:00,JOD,sell,0.706
2026-09-16T06:05:40.769133+00:00,JOD,sell,0.706
2026-09-16T06:05:40.769133+00:00,JOD,sell,0.706
2026-09-16T06:05:40.769133+00:00,JOD,sell,0.706
2026-09-16T06:05:40.769133+00:00,JOD,sell,0.705
2026-09-16T06:05:40.769133+00:00,JOD,sell,0.705
2026-09-16T06:05:40.769133+00:00,JOD,sell,0.705
2026-09-16T06:05:40.769133+00:00,JOD,sell,0.705
2026-09-16T06:05:40.769133+00:00,KES,buy,129.38
2026-09-16T06:05:40.769133+00:00,KES,buy,129.4
2026-09-16T06:05:40.769133+00:00,KES,buy,129.45
2026-09-16T06:05:40.769133+00:00,KES,buy,129.47
2026-09-16T06:05:40.769133+00:00,KES,buy,129.5
2026-09-16T06:05:40.769133+00:00,KES,buy,129.51
2026-09-16T06:05:40.769133+00:00,KES,buy,129.52
2026-09-16T06:05:40.769133+00:00,KES,buy,129.58
2026-09-16T06:05:40.769133+00:00,KES,buy,129.59
2026-09-16T06:05:40.769133+00:00,KES,buy,129.6
2026-09-16T06:05:40.769133+00:00,KES,sell,134.7
2026-09-16T06:05:40.769133+00:00,KES,sell,129.5
2026-09-16T06:05:40.769133+00:00,KES,sell,129.26
2026-09-16T06:05:40.769133+00:00,KES,sell,129.21
2026-09-16T06:05:40.769133+00:00,KES,sell,129.11
2026-09-16T06:05:40.769133+00:00,KES,sell,129.11
2026-09-16T06:05:40.769133+00:00,KES,sell,129.1
2026-09-16T06:05:40.769133+00:00,KES,sell,129.02
2026-09-16T06:05:40.769133+00:00,KES,sell,129.0
2026-09-16T06:05:40.769133+00:00,KES,sell,128.98
2026-09-16T06:05:40.769133+00:00,KHR,buy,4034.0
2026-09-16T06:05:40.769133+00:00,KHR,buy,4034.0
2026-09-16T06:05:40.769133+00:00,KHR,buy,4034.0
2026-09-16T06:05:40.769133+00:00,KHR,buy,4035.0
2026-09-16T06:05:40.769133+00:00,KHR,buy,4037.0
2026-09-16T06:05:40.769133+00:00,KHR,buy,4038.0
2026-09-16T06:05:40.769133+00:00,KHR,buy,4040.0
2026-09-16T06:05:40.769133+00:00,KHR,buy,4041.0
2026-09-16T06:05:40.769133+00:00,KHR,buy,4045.0
2026-09-16T06:05:40.769133+00:00,KHR,buy,4048.0
2026-09-16T06:05:40.769133+00:00,KHR,sell,4034.0
2026-09-16T06:05:40.769133+00:00,KHR,sell,4032.0
2026-09-16T06:05:40.769133+00:00,KHR,sell,4017.0
2026-09-16T06:05:40.769133+00:00,KHR,sell,4015.0
2026-09-16T06:05:40.769133+00:00,KHR,sell,4015.0
2026-09-16T06:05:40.769133+00:00,KHR,sell,4014.0
2026-09-16T06:05:40.769133+00:00,KHR,sell,4013.0
2026-09-16T06:05:40.769133+00:00,KHR,sell,4010.0
2026-09-16T06:05:40.769133+00:00,KHR,sell,4010.0
2026-09-16T06:05:40.769133+00:00,KHR,sell,4010.0
2026-09-16T06:05:40.769133+00:00,KWD,buy,0.31
2026-09-16T06:05:40.769133+00:00,KWD,buy,0.31
2026-09-16T06:05:40.769133+00:00,KWD,buy,0.31
2026-09-16T06:05:40.769133+00:00,KWD,buy,0.31
2026-09-16T06:05:40.769133+00:00,KWD,buy,0.31
2026-09-16T06:05:40.769133+00:00,KWD,buy,0.31
2026-09-16T06:05:40.769133+00:00,KWD,buy,0.31
2026-09-16T06:05:40.769133+00:00,KWD,buy,0.31
2026-09-16T06:05:40.769133+00:00,KWD,buy,0.31
2026-09-16T06:05:40.769133+00:00,KWD,buy,0.31
2026-09-16T06:05:40.769133+00:00,KWD,sell,0.309
2026-09-16T06:05:40.769133+00:00,KWD,sell,0.308
2026-09-16T06:05:40.769133+00:00,KWD,sell,0.308
2026-09-16T06:05:40.769133+00:00,KWD,sell,0.307
2026-09-16T06:05:40.769133+00:00,KWD,sell,0.307
2026-09-16T06:05:40.769133+00:00,KWD,sell,0.307
2026-09-16T06:05:40.769133+00:00,KWD,sell,0.307
2026-09-16T06:05:40.769133+00:00,KWD,sell,0.307
2026-09-16T06:05:40.769133+00:00,KWD,sell,0.307
2026-09-16T06:05:40.769133+00:00,KWD,sell,0.307
2026-09-16T06:05:40.769133+00:00,KZT,buy,462.2
2026-09-16T06:05:40.769133+00:00,KZT,buy,463.0
2026-09-16T06:05:40.769133+00:00,KZT,buy,469.0
2026-09-16T06:05:40.769133+00:00,KZT,buy,470.0
2026-09-16T06:05:40.769133+00:00,KZT,buy,470.0
2026-09-16T06:05:40.769133+00:00,KZT,buy,474.4
2026-09-16T06:05:40.769133+00:00,KZT,buy,474.94
2026-09-16T06:05:40.769133+00:00,KZT,buy,474.95
2026-09-16T06:05:40.769133+00:00,KZT,buy,475.0
2026-09-16T06:05:40.769133+00:00,KZT,buy,475.0
2026-09-16T06:05:40.769133+00:00,KZT,sell,475.0
2026-09-16T06:05:40.769133+00:00,KZT,sell,467.0
2026-09-16T06:05:40.769133+00:00,KZT,sell,465.0
2026-09-16T06:05:40.769133+00:00,KZT,sell,457.3
2026-09-16T06:05:40.769133+00:00,KZT,sell,457.0
2026-09-16T06:05:40.769133+00:00,KZT,sell,453.6
2026-09-16T06:05:40.769133+00:00,KZT,sell,453.16
2026-09-16T06:05:40.769133+00:00,KZT,sell,453.1
2026-09-16T06:05:40.769133+00:00,KZT,sell,453.0
2026-09-16T06:05:40.769133+00:00,KZT,sell,452.89
2026-09-16T06:05:40.769133+00:00,LAK,buy,22580.0
2026-09-16T06:05:40.769133+00:00,LAK,buy,22600.0
2026-09-16T06:05:40.769133+00:00,LAK,buy,22600.0
2026-09-16T06:05:40.769133+00:00,LAK,buy,22615.0
2026-09-16T06:05:40.769133+00:00,LAK,buy,22619.0
2026-09-16T06:05:40.769133+00:00,LAK,buy,22620.0
2026-09-16T06:05:40.769133+00:00,LAK,buy,22620.0
2026-09-16T06:05:40.769133+00:00,LAK,buy,22660.0
2026-09-16T06:05:40.769133+00:00,LAK,buy,22660.0
2026-09-16T06:05:40.769133+00:00,LAK,buy,22665.0
2026-09-16T06:05:40.769133+00:00,LAK,sell,22496.0
2026-09-16T06:05:40.769133+00:00,LAK,sell,22495.0
2026-09-16T06:05:40.769133+00:00,LAK,sell,22495.0
2026-09-16T06:05:40.769133+00:00,LAK,sell,22490.0
2026-09-16T06:05:40.769133+00:00,LAK,sell,22489.0
2026-09-16T06:05:40.769133+00:00,LAK,sell,22480.0
2026-09-16T06:05:40.769133+00:00,LAK,sell,22470.0
2026-09-16T06:05:40.769133+00:00,LAK,sell,22460.0
2026-09-16T06:05:40.769133+00:00,LAK,sell,22450.0
2026-09-16T06:05:40.769133+00:00,LAK,sell,22450.0
2026-09-16T06:05:40.769133+00:00,LBP,buy,89500.0
2026-09-16T06:05:40.769133+00:00,LBP,buy,89587.99
2026-09-16T06:05:40.769133+00:00,LBP,buy,89588.0
2026-09-16T06:05:40.769133+00:00,LBP,buy,89599.99
2026-09-16T06:05:40.769133+00:00,LBP,buy,89600.0
2026-09-16T06:05:40.769133+00:00,LBP,buy,89700.0
2026-09-16T06:05:40.769133+00:00,LBP,buy,90249.98
2026-09-16T06:05:40.769133+00:00,LBP,buy,90250.0
2026-09-16T06:05:40.769133+00:00,LBP,buy,90700.0
2026-09-16T06:05:40.769133+00:00,LBP,buy,91650.95
2026-09-16T06:05:40.769133+00:00,LBP,sell,89150.0
2026-09-16T06:05:40.769133+00:00,LBP,sell,89100.0
2026-09-16T06:05:40.769133+00:00,LBP,sell,89053.02
2026-09-16T06:05:40.769133+00:00,LBP,sell,89051.0
2026-09-16T06:05:40.769133+00:00,LBP,sell,89050.0
2026-09-16T06:05:40.769133+00:00,LBP,sell,88905.64
2026-09-16T06:05:40.769133+00:00,LBP,sell,88901.0
2026-09-16T06:05:40.769133+00:00,LBP,sell,88802.0
2026-09-16T06:05:40.769133+00:00,LBP,sell,88800.01
2026-09-16T06:05:40.769133+00:00,LBP,sell,88700.0
2026-09-16T06:05:40.769133+00:00,LKR,buy,334.9
2026-09-16T06:05:40.769133+00:00,LKR,buy,334.9
2026-09-16T06:05:40.769133+00:00,LKR,buy,334.92
2026-09-16T06:05:40.769133+00:00,LKR,buy,334.92
2026-09-16T06:05:40.769133+00:00,LKR,buy,334.92
2026-09-16T06:05:40.769133+00:00,LKR,buy,335.0
2026-09-16T06:05:40.769133+00:00,LKR,buy,335.23
2026-09-16T06:05:40.769133+00:00,LKR,buy,335.25
2026-09-16T06:05:40.769133+00:00,LKR,buy,335.25
2026-09-16T06:05:40.769133+00:00,LKR,buy,335.27
2026-09-16T06:05:40.769133+00:00,LKR,sell,334.2
2026-09-16T06:05:40.769133+00:00,LKR,sell,333.8
2026-09-16T06:05:40.769133+00:00,LKR,sell,333.65
2026-09-16T06:05:40.769133+00:00,LKR,sell,333.62
2026-09-16T06:05:40.769133+00:00,LKR,sell,333.62
2026-09-16T06:05:40.769133+00:00,LKR,sell,333.6
2026-09-16T06:05:40.769133+00:00,LKR,sell,333.6
2026-09-16T06:05:40.769133+00:00,LKR,sell,333.3
2026-09-16T06:05:40.769133+00:00,LKR,sell,333.26
2026-09-16T06:05:40.769133+00:00,LKR,sell,333.25
2026-09-16T06:05:40.769133+00:00,MAD,buy,9.88
2026-09-16T06:05:40.769133+00:00,MAD,buy,9.89
2026-09-16T06:05:40.769133+00:00,MAD,buy,9.89
2026-09-16T06:05:40.769133+00:00,MAD,buy,9.89
2026-09-16T06:05:40.769133+00:00,MAD,buy,9.89
2026-09-16T06:05:40.769133+00:00,MAD,buy,9.89
2026-09-16T06:05:40.769133+00:00,MAD,buy,9.9
2026-09-16T06:05:40.769133+00:00,MAD,buy,9.9
2026-09-16T06:05:40.769133+00:00,MAD,buy,9.9
2026-09-16T06:05:40.769133+00:00,MAD,buy,9.9
2026-09-16T06:05:40.769133+00:00,MAD,sell,9.79
2026-09-16T06:05:40.769133+00:00,MAD,sell,9.79
2026-09-16T06:05:40.769133+00:00,MAD,sell,9.78
2026-09-16T06:05:40.769133+00:00,MAD,sell,9.78
2026-09-16T06:05:40.769133+00:00,MAD,sell,9.76
2026-09-16T06:05:40.769133+00:00,MAD,sell,9.76
2026-09-16T06:05:40.769133+00:00,MAD,sell,9.75
2026-09-16T06:05:40.769133+00:00,MAD,sell,9.75
2026-09-16T06:05:40.769133+00:00,MAD,sell,9.75
2026-09-16T06:05:40.769133+00:00,MAD,sell,9.75
2026-09-16T06:05:40.769133+00:00,MNT,buy,3663.6
2026-09-16T06:05:40.769133+00:00,MNT,buy,3663.7
2026-09-16T06:05:40.769133+00:00,MNT,buy,3663.8
2026-09-16T06:05:40.769133+00:00,MNT,buy,3664.13
2026-09-16T06:05:40.769133+00:00,MNT,buy,3665.0
2026-09-16T06:05:40.769133+00:00,MNT,buy,3667.65
2026-09-16T06:05:40.769133+00:00,MNT,buy,3669.0
2026-09-16T06:05:40.769133+00:00,MNT,buy,3669.95
2026-09-16T06:05:40.769133+00:00,MNT,buy,3670.0
2026-09-16T06:05:40.769133+00:00,MNT,buy,3670.99
2026-09-16T06:05:40.769133+00:00,MNT,sell,3649.18
2026-09-16T06:05:40.769133+00:00,MNT,sell,3648.2
2026-09-16T06:05:40.769133+00:00,MNT,sell,3646.01
2026-09-16T06:05:40.769133+00:00,MNT,sell,3646.0
2026-09-16T06:05:40.769133+00:00,MNT,sell,3645.06
2026-09-16T06:05:40.769133+00:00,MNT,sell,3645.05
2026-09-16T06:05:40.769133+00:00,MNT,sell,3644.45
2026-09-16T06:05:40.769133+00:00,MNT,sell,3644.23
2026-09-16T06:05:40.769133+00:00,MNT,sell,3644.0
2026-09-16T06:05:40.769133+00:00,MNT,sell,3642.01
2026-09-16T06:05:40.769133+00:00,MXN,buy,17.22
2026-09-16T06:05:40.769133+00:00,MXN,buy,17.22
2026-09-16T06:05:40.769133+00:00,MXN,buy,17.22
2026-09-16T06:05:40.769133+00:00,MXN,buy,17.22
2026-09-16T06:05:40.769133+00:00,MXN,buy,17.23
2026-09-16T06:05:40.769133+00:00,MXN,buy,17.24
2026-09-16T06:05:40.769133+00:00,MXN,buy,17.24
2026-09-16T06:05:40.769133+00:00,MXN,buy,17.24
2026-09-16T06:05:40.769133+00:00,MXN,buy,17.26
2026-09-16T06:05:40.769133+00:00,MXN,buy,17.26
2026-09-16T06:05:40.769133+00:00,MXN,sell,17.17
2026-09-16T06:05:40.769133+00:00,MXN,sell,17.16
2026-09-16T06:05:40.769133+00:00,MXN,sell,17.16
2026-09-16T06:05:40.769133+00:00,MXN,sell,17.11
2026-09-16T06:05:40.769133+00:00,MXN,sell,17.09
2026-09-16T06:05:40.769133+00:00,MXN,sell,17.09
2026-09-16T06:05:40.769133+00:00,MXN,sell,17.09
2026-09-16T06:05:40.769133+00:00,MXN,sell,17.08
2026-09-16T06:05:40.769133+00:00,MXN,sell,17.07
2026-09-16T06:05:40.769133+00:00,MXN,sell,17.07
2026-09-16T06:05:40.769133+00:00,MZN,buy,74.65
2026-09-16T06:05:40.769133+00:00,MZN,buy,74.7
2026-09-16T06:05:40.769133+00:00,MZN,buy,74.75
2026-09-16T06:05:40.769133+00:00,MZN,buy,74.9
2026-09-16T06:05:40.769133+00:00,MZN,buy,74.9
2026-09-16T06:05:40.769133+00:00,MZN,buy,74.95
2026-09-16T06:05:40.769133+00:00,MZN,buy,74.97
2026-09-16T06:05:40.769133+00:00,MZN,buy,74.98
2026-09-16T06:05:40.769133+00:00,MZN,buy,74.98
2026-09-16T06:05:40.769133+00:00,MZN,buy,75.0
2026-09-16T06:05:40.769133+00:00,MZN,sell,75.09
2026-09-16T06:05:40.769133+00:00,MZN,sell,75.08
2026-09-16T06:05:40.769133+00:00,MZN,sell,75.07
2026-09-16T06:05:40.769133+00:00,MZN,sell,75.06
2026-09-16T06:05:40.769133+00:00,MZN,sell,74.96
2026-09-16T06:05:40.769133+00:00,MZN,sell,74.96
2026-09-16T06:05:40.769133+00:00,MZN,sell,74.96
2026-09-16T06:05:40.769133+00:00,MZN,sell,74.95
2026-09-16T06:05:40.769133+00:00,MZN,sell,74.85
2026-09-16T06:05:40.769133+00:00,MZN,sell,74.84
2026-09-16T06:05:40.769133+00:00,NPR,buy,165.98
2026-09-16T06:05:40.769133+00:00,NPR,buy,184.25
2026-09-16T06:05:40.769133+00:00,NPR,sell,157.07
2026-09-16T06:05:40.769133+00:00,NPR,sell,157.0
2026-09-16T06:05:40.769133+00:00,NPR,sell,156.56
2026-09-16T06:05:40.769133+00:00,NPR,sell,156.05
2026-09-16T06:05:40.769133+00:00,NPR,sell,155.11
2026-09-16T06:05:40.769133+00:00,NPR,sell,153.0
2026-09-16T06:05:40.769133+00:00,NPR,sell,152.0
2026-09-16T06:05:40.769133+00:00,NPR,sell,152.0
2026-09-16T06:05:40.769133+00:00,NPR,sell,150.5
2026-09-16T06:05:40.769133+00:00,NPR,sell,150.01
2026-09-16T06:05:40.769133+00:00,PEN,buy,3.382
2026-09-16T06:05:40.769133+00:00,PEN,buy,3.383
2026-09-16T06:05:40.769133+00:00,PEN,buy,3.383
2026-09-16T06:05:40.769133+00:00,PEN,buy,3.385
2026-09-16T06:05:40.769133+00:00,PEN,buy,3.385
2026-09-16T06:05:40.769133+00:00,PEN,buy,3.386
2026-09-16T06:05:40.769133+00:00,PEN,buy,3.386
2026-09-16T06:05:40.769133+00:00,PEN,buy,3.387
2026-09-16T06:05:40.769133+00:00,PEN,buy,3.388
2026-09-16T06:05:40.769133+00:00,PEN,buy,3.388
2026-09-16T06:05:40.769133+00:00,PEN,sell,3.359
2026-09-16T06:05:40.769133+00:00,PEN,sell,3.357
2026-09-16T06:05:40.769133+00:00,PEN,sell,3.356
2026-09-16T06:05:40.769133+00:00,PEN,sell,3.356
2026-09-16T06:05:40.769133+00:00,PEN,sell,3.356
2026-09-16T06:05:40.769133+00:00,PEN,sell,3.356
2026-09-16T06:05:40.769133+00:00,PEN,sell,3.355
2026-09-16T06:05:40.769133+00:00,PEN,sell,3.355
2026-09-16T06:05:40.769133+00:00,PEN,sell,3.353
2026-09-16T06:05:40.769133+00:00,PEN,sell,3.351
2026-09-16T06:05:40.769133+00:00,PHP,buy,62.77
2026-09-16T06:05:40.769133+00:00,PHP,buy,62.78
2026-09-16T06:05:40.769133+00:00,PHP,buy,62.78
2026-09-16T06:05:40.769133+00:00,PHP,buy,62.78
2026-09-16T06:05:40.769133+00:00,PHP,buy,62.79
2026-09-16T06:05:40.769133+00:00,PHP,buy,62.8
2026-09-16T06:05:40.769133+00:00,PHP,buy,62.8
2026-09-16T06:05:40.769133+00:00,PHP,buy,62.82
2026-09-16T06:05:40.769133+00:00,PHP,buy,62.82
2026-09-16T06:05:40.769133+00:00,PHP,buy,62.83
2026-09-16T06:05:40.769133+00:00,PHP,sell,62.61
2026-09-16T06:05:40.769133+00:00,PHP,sell,62.61
2026-09-16T06:05:40.769133+00:00,PHP,sell,62.61
2026-09-16T06:05:40.769133+00:00,PHP,sell,62.61
2026-09-16T06:05:40.769133+00:00,PHP,sell,62.59
2026-09-16T06:05:40.769133+00:00,PHP,sell,62.58
2026-09-16T06:05:40.769133+00:00,PHP,sell,62.58
2026-09-16T06:05:40.769133+00:00,PHP,sell,62.58
2026-09-16T06:05:40.769133+00:00,PHP,sell,62.57
2026-09-16T06:05:40.769133+00:00,PHP,sell,62.56
2026-09-16T06:05:40.769133+00:00,PKR,buy,284.5
2026-09-16T06:05:40.769133+00:00,PKR,buy,284.55
2026-09-16T06:05:40.769133+00:00,PKR,buy,284.56
2026-09-16T06:05:40.769133+00:00,PKR,buy,284.56
2026-09-16T06:05:40.769133+00:00,PKR,buy,284.57
2026-09-16T06:05:40.769133+00:00,PKR,buy,284.57
2026-09-16T06:05:40.769133+00:00,PKR,buy,284.58
2026-09-16T06:05:40.769133+00:00,PKR,buy,284.59
2026-09-16T06:05:40.769133+00:00,PKR,buy,284.59
2026-09-16T06:05:40.769133+00:00,PKR,buy,284.6
2026-09-16T06:05:40.769133+00:00,PKR,sell,284.01
2026-09-16T06:05:40.769133+00:00,PKR,sell,284.0
2026-09-16T06:05:40.769133+00:00,PKR,sell,283.82
2026-09-16T06:05:40.769133+00:00,PKR,sell,283.76
2026-09-16T06:05:40.769133+00:00,PKR,sell,283.75
2026-09-16T06:05:40.769133+00:00,PKR,sell,283.75
2026-09-16T06:05:40.769133+00:00,PKR,sell,283.74
2026-09-16T06:05:40.769133+00:00,PKR,sell,283.73
2026-09-16T06:05:40.769133+00:00,PKR,sell,283.71
2026-09-16T06:05:40.769133+00:00,PKR,sell,283.7
2026-09-16T06:05:40.769133+00:00,QAR,buy,3.75
2026-09-16T06:05:40.769133+00:00,QAR,buy,3.805
2026-09-16T06:05:40.769133+00:00,QAR,buy,3.814
2026-09-16T06:05:40.769133+00:00,QAR,buy,3.825
2026-09-16T06:05:40.769133+00:00,QAR,buy,3.847
2026-09-16T06:05:40.769133+00:00,QAR,buy,3.849
2026-09-16T06:05:40.769133+00:00,QAR,buy,3.85
2026-09-16T06:05:40.769133+00:00,QAR,buy,3.85
2026-09-16T06:05:40.769133+00:00,QAR,buy,3.87
2026-09-16T06:05:40.769133+00:00,QAR,buy,3.9
2026-09-16T06:05:40.769133+00:00,QAR,sell,3.686
2026-09-16T06:05:40.769133+00:00,QAR,sell,3.682
2026-09-16T06:05:40.769133+00:00,QAR,sell,3.68
2026-09-16T06:05:40.769133+00:00,QAR,sell,3.67
2026-09-16T06:05:40.769133+00:00,QAR,sell,3.657
2026-09-16T06:05:40.769133+00:00,QAR,sell,3.654
2026-09-16T06:05:40.769133+00:00,QAR,sell,3.651
2026-09-16T06:05:40.769133+00:00,QAR,sell,3.651
2026-09-16T06:05:40.769133+00:00,QAR,sell,3.65
2026-09-16T06:05:40.769133+00:00,QAR,sell,3.634
2026-09-16T06:05:40.769133+00:00,RWF,buy,1479.6
2026-09-16T06:05:40.769133+00:00,RWF,buy,1479.69
2026-09-16T06:05:40.769133+00:00,RWF,buy,1479.9
2026-09-16T06:05:40.769133+00:00,RWF,buy,1480.0
2026-09-16T06:05:40.769133+00:00,RWF,buy,1483.0
2026-09-16T06:05:40.769133+00:00,RWF,buy,1483.85
2026-09-16T06:05:40.769133+00:00,RWF,buy,1483.93
2026-09-16T06:05:40.769133+00:00,RWF,buy,1483.98
2026-09-16T06:05:40.769133+00:00,RWF,buy,1484.8
2026-09-16T06:05:40.769133+00:00,RWF,buy,1485.0
2026-09-16T06:05:40.769133+00:00,RWF,sell,1481.7
2026-09-16T06:05:40.769133+00:00,RWF,sell,1480.85
2026-09-16T06:05:40.769133+00:00,RWF,sell,1479.9
2026-09-16T06:05:40.769133+00:00,RWF,sell,1479.82
2026-09-16T06:05:40.769133+00:00,RWF,sell,1479.81
2026-09-16T06:05:40.769133+00:00,RWF,sell,1479.31
2026-09-16T06:05:40.769133+00:00,RWF,sell,1478.55
2026-09-16T06:05:40.769133+00:00,RWF,sell,1478.52
2026-09-16T06:05:40.769133+00:00,RWF,sell,1478.5
2026-09-16T06:05:40.769133+00:00,RWF,sell,1478.29
2026-09-16T06:05:40.769133+00:00,SAR,buy,3.83
2026-09-16T06:05:40.769133+00:00,SAR,buy,3.83
2026-09-16T06:05:40.769133+00:00,SAR,buy,3.83
2026-09-16T06:05:40.769133+00:00,SAR,buy,3.83
2026-09-16T06:05:40.769133+00:00,SAR,buy,3.84
2026-09-16T06:05:40.769133+00:00,SAR,buy,3.84
2026-09-16T06:05:40.769133+00:00,SAR,buy,3.84
2026-09-16T06:05:40.769133+00:00,SAR,buy,3.84
2026-09-16T06:05:40.769133+00:00,SAR,buy,3.85
2026-09-16T06:05:40.769133+00:00,SAR,buy,3.85
2026-09-16T06:05:40.769133+00:00,SAR,sell,3.81
2026-09-16T06:05:40.769133+00:00,SAR,sell,3.81
2026-09-16T06:05:40.769133+00:00,SAR,sell,3.8
2026-09-16T06:05:40.769133+00:00,SAR,sell,3.8
2026-09-16T06:05:40.769133+00:00,SAR,sell,3.8
2026-09-16T06:05:40.769133+00:00,SAR,sell,3.8
2026-09-16T06:05:40.769133+00:00,SAR,sell,3.8
2026-09-16T06:05:40.769133+00:00,SAR,sell,3.8
2026-09-16T06:05:40.769133+00:00,SAR,sell,3.79
2026-09-16T06:05:40.769133+00:00,SAR,sell,3.79
2026-09-16T06:05:40.769133+00:00,SDG,buy,8330.54
2026-09-16T06:05:40.769133+00:00,SDG,buy,8346.5
2026-09-16T06:05:40.769133+00:00,SDG,buy,8354.0
2026-09-16T06:05:40.769133+00:00,SDG,buy,8355.0
2026-09-16T06:05:40.769133+00:00,SDG,buy,8365.0
2026-09-16T06:05:40.769133+00:00,SDG,buy,8380.0
2026-09-16T06:05:40.769133+00:00,SDG,buy,8380.0
2026-09-16T06:05:40.769133+00:00,SDG,buy,8400.0
2026-09-16T06:05:40.769133+00:00,SDG,buy,8425.7
2026-09-16T06:05:40.769133+00:00,SDG,buy,8460.0
2026-09-16T06:05:40.769133+00:00,SDG,sell,8523.0
2026-09-16T06:05:40.769133+00:00,SDG,sell,8307.74
2026-09-16T06:05:40.769133+00:00,SDG,sell,8300.78
2026-09-16T06:05:40.769133+00:00,SDG,sell,8300.03
2026-09-16T06:05:40.769133+00:00,SDG,sell,8286.8
2026-09-16T06:05:40.769133+00:00,SDG,sell,8284.0
2026-09-16T06:05:40.769133+00:00,SDG,sell,8280.08
2026-09-16T06:05:40.769133+00:00,SDG,sell,8270.99
2026-09-16T06:05:40.769133+00:00,SDG,sell,8250.0
2026-09-16T06:05:40.769133+00:00,SDG,sell,8250.0
2026-09-16T06:05:40.769133+00:00,SYP,buy,137.0
2026-09-16T06:05:40.769133+00:00,SYP,buy,137.3
2026-09-16T06:05:40.769133+00:00,SYP,buy,137.3
2026-09-16T06:05:40.769133+00:00,SYP,buy,137.34
2026-09-16T06:05:40.769133+00:00,SYP,sell,135.5
2026-09-16T06:05:40.769133+00:00,SYP,sell,135.2
2026-09-16T06:05:40.769133+00:00,SYP,sell,134.53
2026-09-16T06:05:40.769133+00:00,SYP,sell,134.5
2026-09-16T06:05:40.769133+00:00,SYP,sell,133.65
2026-09-16T06:05:40.769133+00:00,SYP,sell,133.62
2026-09-16T06:05:40.769133+00:00,SYP,sell,133.56
2026-09-16T06:05:40.769133+00:00,SYP,sell,130.61
2026-09-16T06:05:40.769133+00:00,SYP,sell,130.6
2026-09-16T06:05:40.769133+00:00,SYP,sell,130.1
2026-09-16T06:05:40.769133+00:00,TND,buy,3.23
2026-09-16T06:05:40.769133+00:00,TND,buy,3.24
2026-09-16T06:05:40.769133+00:00,TND,buy,3.25
2026-09-16T06:05:40.769133+00:00,TND,buy,3.27
2026-09-16T06:05:40.769133+00:00,TND,buy,3.29
2026-09-16T06:05:40.769133+00:00,TND,buy,3.35
2026-09-16T06:05:40.769133+00:00,TND,buy,3.35
2026-09-16T06:05:40.769133+00:00,TND,buy,3.35
2026-09-16T06:05:40.769133+00:00,TND,buy,3.4
2026-09-16T06:05:40.769133+00:00,TND,buy,3.45
2026-09-16T06:05:40.769133+00:00,TND,sell,3.17
2026-09-16T06:05:40.769133+00:00,TND,sell,3.15
2026-09-16T06:05:40.769133+00:00,TND,sell,3.15
2026-09-16T06:05:40.769133+00:00,TND,sell,3.15
2026-09-16T06:05:40.769133+00:00,TND,sell,3.14
2026-09-16T06:05:40.769133+00:00,TND,sell,3.14
2026-09-16T06:05:40.769133+00:00,TND,sell,3.12
2026-09-16T06:05:40.769133+00:00,TND,sell,3.12
2026-09-16T06:05:40.769133+00:00,TND,sell,3.11
2026-09-16T06:05:40.769133+00:00,TND,sell,3.1
2026-09-16T06:05:40.769133+00:00,TRY,buy,50.48
2026-09-16T06:05:40.769133+00:00,TRY,buy,50.57
2026-09-16T06:05:40.769133+00:00,TRY,buy,51.35
2026-09-16T06:05:40.769133+00:00,TRY,buy,51.36
2026-09-16T06:05:40.769133+00:00,TRY,buy,51.49
2026-09-16T06:05:40.769133+00:00,TRY,buy,51.79
2026-09-16T06:05:40.769133+00:00,TRY,buy,51.8
2026-09-16T06:05:40.769133+00:00,TRY,buy,51.85
2026-09-16T06:05:40.769133+00:00,TRY,buy,52.0
2026-09-16T06:05:40.769133+00:00,TRY,buy,52.05
2026-09-16T06:05:40.769133+00:00,TRY,sell,49.7
2026-09-16T06:05:40.769133+00:00,TRY,sell,49.56
2026-09-16T06:05:40.769133+00:00,TRY,sell,49.4
2026-09-16T06:05:40.769133+00:00,TRY,sell,49.36
2026-09-16T06:05:40.769133+00:00,TRY,sell,49.3
2026-09-16T06:05:40.769133+00:00,TRY,sell,49.0
2026-09-16T06:05:40.769133+00:00,TRY,sell,48.8
2026-09-16T06:05:40.769133+00:00,TRY,sell,48.8
2026-09-16T06:05:40.769133+00:00,TRY,sell,48.8
2026-09-16T06:05:40.769133+00:00,TRY,sell,48.72
2026-09-16T06:05:40.769133+00:00,TZS,buy,2643.0
2026-09-16T06:05:40.769133+00:00,TZS,buy,2648.96
2026-09-16T06:05:40.769133+00:00,TZS,buy,2649.59
2026-09-16T06:05:40.769133+00:00,TZS,buy,2649.6
2026-09-16T06:05:40.769133+00:00,TZS,buy,2656.0
2026-09-16T06:05:40.769133+00:00,TZS,buy,2656.0
2026-09-16T06:05:40.769133+00:00,TZS,buy,2657.89
2026-09-16T06:05:40.769133+00:00,TZS,buy,2660.99
2026-09-16T06:05:40.769133+00:00,TZS,buy,2661.0
2026-09-16T06:05:40.769133+00:00,TZS,buy,2665.0
2026-09-16T06:05:40.769133+00:00,TZS,sell,2646.0
2026-09-16T06:05:40.769133+00:00,TZS,sell,2641.56
2026-09-16T06:05:40.769133+00:00,TZS,sell,2641.55
2026-09-16T06:05:40.769133+00:00,TZS,sell,2641.5
2026-09-16T06:05:40.769133+00:00,TZS,sell,2640.66
2026-09-16T06:05:40.769133+00:00,TZS,sell,2640.6
2026-09-16T06:05:40.769133+00:00,TZS,sell,2640.51
2026-09-16T06:05:40.769133+00:00,TZS,sell,2640.5
2026-09-16T06:05:40.769133+00:00,TZS,sell,2640.25
2026-09-16T06:05:40.769133+00:00,TZS,sell,2640.22
2026-09-16T06:05:40.769133+00:00,UAH,buy,45.53
2026-09-16T06:05:40.769133+00:00,UAH,buy,45.53
2026-09-16T06:05:40.769133+00:00,UAH,buy,45.54
2026-09-16T06:05:40.769133+00:00,UAH,buy,45.55
2026-09-16T06:05:40.769133+00:00,UAH,buy,45.56
2026-09-16T06:05:40.769133+00:00,UAH,buy,45.56
2026-09-16T06:05:40.769133+00:00,UAH,buy,45.6
2026-09-16T06:05:40.769133+00:00,UAH,buy,45.6
2026-09-16T06:05:40.769133+00:00,UAH,buy,45.63
2026-09-16T06:05:40.769133+00:00,UAH,buy,45.64
2026-09-16T06:05:40.769133+00:00,UAH,sell,47.26
2026-09-16T06:05:40.769133+00:00,UAH,sell,47.22
2026-09-16T06:05:40.769133+00:00,UAH,sell,47.11
2026-09-16T06:05:40.769133+00:00,UAH,sell,46.9
2026-09-16T06:05:40.769133+00:00,UAH,sell,46.84
2026-09-16T06:05:40.769133+00:00,UAH,sell,46.83
2026-09-16T06:05:40.769133+00:00,UAH,sell,46.82
2026-09-16T06:05:40.769133+00:00,UAH,sell,46.82
2026-09-16T06:05:40.769133+00:00,UAH,sell,46.77
2026-09-16T06:05:40.769133+00:00,UAH,sell,46.61
2026-09-16T06:05:40.769133+00:00,UGX,buy,3897.0
2026-09-16T06:05:40.769133+00:00,UGX,buy,3898.0
2026-09-16T06:05:40.769133+00:00,UGX,buy,3899.0
2026-09-16T06:05:40.769133+00:00,UGX,buy,3899.0
2026-09-16T06:05:40.769133+00:00,UGX,buy,3900.0
2026-09-16T06:05:40.769133+00:00,UGX,buy,3900.0
2026-09-16T06:05:40.769133+00:00,UGX,buy,3902.5
2026-09-16T06:05:40.769133+00:00,UGX,buy,3902.9
2026-09-16T06:05:40.769133+00:00,UGX,buy,3904.0
2026-09-16T06:05:40.769133+00:00,UGX,buy,3904.9
2026-09-16T06:05:40.769133+00:00,UGX,sell,3903.14
2026-09-16T06:05:40.769133+00:00,UGX,sell,3903.1
2026-09-16T06:05:40.769133+00:00,UGX,sell,3902.5
2026-09-16T06:05:40.769133+00:00,UGX,sell,3902.35
2026-09-16T06:05:40.769133+00:00,UGX,sell,3902.17
2026-09-16T06:05:40.769133+00:00,UGX,sell,3902.15
2026-09-16T06:05:40.769133+00:00,UGX,sell,3902.12
2026-09-16T06:05:40.769133+00:00,UGX,sell,3902.0
2026-09-16T06:05:40.769133+00:00,UGX,sell,3901.61
2026-09-16T06:05:40.769133+00:00,UGX,sell,3898.23
2026-09-16T06:05:40.769133+00:00,VES,buy,958.499
2026-09-16T06:05:40.769133+00:00,VES,buy,958.5
2026-09-16T06:05:40.769133+00:00,VES,buy,958.999
2026-09-16T06:05:40.769133+00:00,VES,buy,959.0
2026-09-16T06:05:40.769133+00:00,VES,buy,959.0
2026-09-16T06:05:40.769133+00:00,VES,buy,959.95
2026-09-16T06:05:40.769133+00:00,VES,buy,959.999
2026-09-16T06:05:40.769133+00:00,VES,buy,960.0
2026-09-16T06:05:40.769133+00:00,VES,buy,960.0
2026-09-16T06:05:40.769133+00:00,VES,buy,960.888
2026-09-16T06:05:40.769133+00:00,VES,sell,954.101
2026-09-16T06:05:40.769133+00:00,VES,sell,953.8
2026-09-16T06:05:40.769133+00:00,VES,sell,953.79
2026-09-16T06:05:40.769133+00:00,VES,sell,953.777
2026-09-16T06:05:40.769133+00:00,VES,sell,953.01
2026-09-16T06:05:40.769133+00:00,VES,sell,953.001
2026-09-16T06:05:40.769133+00:00,VES,sell,953.0
2026-09-16T06:05:40.769133+00:00,VES,sell,953.0
2026-09-16T06:05:40.769133+00:00,VES,sell,953.0
2026-09-16T06:05:40.769133+00:00,VES,sell,953.0
2026-09-16T06:05:40.769133+00:00,VND,buy,25746.0
2026-09-16T06:05:40.769133+00:00,VND,buy,25759.0
2026-09-16T06:05:40.769133+00:00,VND,buy,25760.0
2026-09-16T06:05:40.769133+00:00,VND,buy,25771.0
2026-09-16T06:05:40.769133+00:00,VND,buy,25771.0
2026-09-16T06:05:40.769133+00:00,VND,buy,25772.0
2026-09-16T06:05:40.769133+00:00,VND,buy,25772.0
2026-09-16T06:05:40.769133+00:00,VND,buy,25773.0
2026-09-16T06:05:40.769133+00:00,VND,buy,25773.0
2026-09-16T06:05:40.769133+00:00,VND,buy,25773.0
2026-09-16T06:05:40.769133+00:00,VND,sell,25763.0
2026-09-16T06:05:40.769133+00:00,VND,sell,25762.0
2026-09-16T06:05:40.769133+00:00,VND,sell,25762.0
2026-09-16T06:05:40.769133+00:00,VND,sell,25761.0
2026-09-16T06:05:40.769133+00:00,VND,sell,25761.0
2026-09-16T06:05:40.769133+00:00,VND,sell,25760.0
2026-09-16T06:05:40.769133+00:00,VND,sell,25760.0
2026-09-16T06:05:40.769133+00:00,VND,sell,25755.0
2026-09-16T06:05:40.769133+00:00,VND,sell,25754.0
2026-09-16T06:05:40.769133+00:00,VND,sell,25751.0
2026-09-16T06:05:40.769133+00:00,XAF,buy,605.77
2026-09-16T06:05:40.769133+00:00,XAF,buy,605.79
2026-09-16T06:05:40.769133+00:00,XAF,buy,606.0
2026-09-16T06:05:40.769133+00:00,XAF,buy,606.88
2026-09-16T06:05:40.769133+00:00,XAF,buy,606.9
2026-09-16T06:05:40.769133+00:00,XAF,buy,606.95
2026-09-16T06:05:40.769133+00:00,XAF,buy,607.0
2026-09-16T06:05:40.769133+00:00,XAF,buy,607.3
2026-09-16T06:05:40.769133+00:00,XAF,buy,607.45
2026-09-16T06:05:40.769133+00:00,XAF,buy,607.45
2026-09-16T06:05:40.769133+00:00,XAF,sell,608.5
2026-09-16T06:05:40.769133+00:00,XAF,sell,608.04
2026-09-16T06:05:40.769133+00:00,XAF,sell,608.03
2026-09-16T06:05:40.769133+00:00,XAF,sell,608.02
2026-09-16T06:05:40.769133+00:00,XAF,sell,607.97
2026-09-16T06:05:40.769133+00:00,XAF,sell,607.96
2026-09-16T06:05:40.769133+00:00,XAF,sell,607.8
2026-09-16T06:05:40.769133+00:00,XAF,sell,607.78
2026-09-16T06:05:40.769133+00:00,XAF,sell,607.77
2026-09-16T06:05:40.769133+00:00,XAF,sell,607.0
2026-09-16T06:05:40.769133+00:00,XOF,buy,584.93
2026-09-16T06:05:40.769133+00:00,XOF,buy,584.95
2026-09-16T06:05:40.769133+00:00,XOF,buy,584.99
2026-09-16T06:05:40.769133+00:00,XOF,buy,585.0
2026-09-16T06:05:40.769133+00:00,XOF,buy,586.0
2026-09-16T06:05:40.769133+00:00,XOF,buy,586.89
2026-09-16T06:05:40.769133+00:00,XOF,buy,587.3
2026-09-16T06:05:40.769133+00:00,XOF,buy,587.8
2026-09-16T06:05:40.769133+00:00,XOF,buy,588.0
2026-09-16T06:05:40.769133+00:00,XOF,buy,588.0
2026-09-16T06:05:40.769133+00:00,XOF,sell,600.31
2026-09-16T06:05:40.769133+00:00,XOF,sell,596.36
2026-09-16T06:05:40.769133+00:00,XOF,sell,594.4
2026-09-16T06:05:40.769133+00:00,XOF,sell,594.08
2026-09-16T06:05:40.769133+00:00,XOF,sell,594.07
2026-09-16T06:05:40.769133+00:00,XOF,sell,594.06
2026-09-16T06:05:40.769133+00:00,XOF,sell,594.03
2026-09-16T06:05:40.769133+00:00,XOF,sell,594.0
2026-09-16T06:05:40.769133+00:00,XOF,sell,592.15
2026-09-16T06:05:40.769133+00:00,XOF,sell,591.63
2026-09-16T06:05:40.769133+00:00,ZAR,buy,16.75
2026-09-16T06:05:40.769133+00:00,ZAR,buy,16.76
2026-09-16T06:05:40.769133+00:00,ZAR,buy,16.83
2026-09-16T06:05:40.769133+00:00,ZAR,buy,16.88
2026-09-16T06:05:40.769133+00:00,ZAR,buy,16.95
2026-09-16T06:05:40.769133+00:00,ZAR,buy,17.07
2026-09-16T06:05:40.769133+00:00,ZAR,buy,17.1
2026-09-16T06:05:40.769133+00:00,ZAR,buy,17.24
2026-09-16T06:05:40.769133+00:00,ZAR,buy,17.25
2026-09-16T06:05:40.769133+00:00,ZAR,buy,17.4
2026-09-16T06:05:40.769133+00:00,ZAR,sell,16.59
2026-09-16T06:05:40.769133+00:00,ZAR,sell,16.52
2026-09-16T06:05:40.769133+00:00,ZAR,sell,16.51
2026-09-16T06:05:40.769133+00:00,ZAR,sell,16.46
2026-09-16T06:05:40.769133+00:00,ZAR,sell,16.45
2026-09-16T06:05:40.769133+00:00,ZAR,sell,16.33
2026-09-16T06:05:40.769133+00:00,ZAR,sell,16.29
2026-09-16T06:05:40.769133+00:00,ZAR,sell,16.28
2026-09-16T06:05:40.769133+00:00,ZAR,sell,16.27
2026-09-16T06:05:40.769133+00:00,ZAR,sell,16.26
2026-09-16T06:05:40.769133+00:00,ZMW,buy,19.93
2026-09-16T06:05:40.769133+00:00,ZMW,buy,19.94
2026-09-16T06:05:40.769133+00:00,ZMW,buy,19.95
2026-09-16T06:05:40.769133+00:00,ZMW,buy,20.0
2026-09-16T06:05:40.769133+00:00,ZMW,buy,20.0
2026-09-16T06:05:40.769133+00:00,ZMW,buy,20.0
2026-09-16T06:05:40.769133+00:00,ZMW,buy,20.03
2026-09-16T06:05:40.769133+00:00,ZMW,buy,20.08
2026-09-16T06:05:40.769133+00:00,ZMW,buy,20.09
2026-09-16T06:05:40.769133+00:00,ZMW,buy,20.1
2026-09-16T06:05:40.769133+00:00,ZMW,sell,19.97
2026-09-16T06:05:40.769133+00:00,ZMW,sell,19.96
2026-09-16T06:05:40.769133+00:00,ZMW,sell,19.95
2026-09-16T06:05:40.769133+00:00,ZMW,sell,19.95
2026-09-16T06:05:40.769133+00:00,ZMW,sell,19.94
2026-09-16T06:05:40.769133+00:00,ZMW,sell,19.94
2026-09-16T06:05:40.769133+00:00,ZMW,sell,19.94
2026-09-16T06:05:40.769133+00:00,ZMW,sell,19.93
2026-09-16T06:05:40.769133+00:00,ZMW,sell,19.92
2026-09-16T06:05:40.769133+00:00,ZMW,sell,19.84
2026-09-16T07:05:39.520232+00:00,AED,buy,3.68
2026-09-16T07:05:39.520232+00:00,AED,buy,3.688
2026-09-16T07:05:39.520232+00:00,AED,buy,3.689
2026-09-16T07:05:39.520232+00:00,AED,buy,3.689
2026-09-16T07:05:39.520232+00:00,AED,buy,3.69
2026-09-16T07:05:39.520232+00:00,AED,buy,3.691
2026-09-16T07:05:39.520232+00:00,AED,buy,3.693
2026-09-16T07:05:39.520232+00:00,AED,buy,3.695
2026-09-16T07:05:39.520232+00:00,AED,buy,3.697
2026-09-16T07:05:39.520232+00:00,AED,buy,3.698
2026-09-16T07:05:39.520232+00:00,AED,sell,3.657
2026-09-16T07:05:39.520232+00:00,AED,sell,3.655
2026-09-16T07:05:39.520232+00:00,AED,sell,3.655
2026-09-16T07:05:39.520232+00:00,AED,sell,3.655
2026-09-16T07:05:39.520232+00:00,AED,sell,3.654
2026-09-16T07:05:39.520232+00:00,AED,sell,3.653
2026-09-16T07:05:39.520232+00:00,AED,sell,3.653
2026-09-16T07:05:39.520232+00:00,AED,sell,3.65
2026-09-16T07:05:39.520232+00:00,AED,sell,3.65
2026-09-16T07:05:39.520232+00:00,AED,sell,3.65
2026-09-16T07:05:39.520232+00:00,AFN,buy,66.2
2026-09-16T07:05:39.520232+00:00,AFN,buy,66.32
2026-09-16T07:05:39.520232+00:00,AFN,sell,64.52
2026-09-16T07:05:39.520232+00:00,AFN,sell,64.45
2026-09-16T07:05:39.520232+00:00,AFN,sell,64.31
2026-09-16T07:05:39.520232+00:00,AFN,sell,63.25
2026-09-16T07:05:39.520232+00:00,AFN,sell,63.2
2026-09-16T07:05:39.520232+00:00,AFN,sell,63.1
2026-09-16T07:05:39.520232+00:00,AFN,sell,62.0
2026-09-16T07:05:39.520232+00:00,AFN,sell,60.0
2026-09-16T07:05:39.520232+00:00,AMD,buy,361.0
2026-09-16T07:05:39.520232+00:00,AMD,buy,361.86
2026-09-16T07:05:39.520232+00:00,AMD,buy,362.45
2026-09-16T07:05:39.520232+00:00,AMD,buy,362.49
2026-09-16T07:05:39.520232+00:00,AMD,buy,362.5
2026-09-16T07:05:39.520232+00:00,AMD,buy,362.74
2026-09-16T07:05:39.520232+00:00,AMD,buy,362.77
2026-09-16T07:05:39.520232+00:00,AMD,buy,362.78
2026-09-16T07:05:39.520232+00:00,AMD,buy,362.79
2026-09-16T07:05:39.520232+00:00,AMD,buy,362.8
2026-09-16T07:05:39.520232+00:00,AMD,sell,359.38
2026-09-16T07:05:39.520232+00:00,AMD,sell,359.35
2026-09-16T07:05:39.520232+00:00,AMD,sell,359.16
2026-09-16T07:05:39.520232+00:00,AMD,sell,358.3
2026-09-16T07:05:39.520232+00:00,AMD,sell,358.26
2026-09-16T07:05:39.520232+00:00,AMD,sell,358.25
2026-09-16T07:05:39.520232+00:00,AMD,sell,358.24
2026-09-16T07:05:39.520232+00:00,AMD,sell,358.23
2026-09-16T07:05:39.520232+00:00,AMD,sell,358.22
2026-09-16T07:05:39.520232+00:00,AMD,sell,358.21
2026-09-16T07:05:39.520232+00:00,AOA,buy,823.56
2026-09-16T07:05:39.520232+00:00,AOA,buy,823.59
2026-09-16T07:05:39.520232+00:00,AOA,buy,823.74
2026-09-16T07:05:39.520232+00:00,AOA,buy,823.85
2026-09-16T07:05:39.520232+00:00,AOA,buy,824.03
2026-09-16T07:05:39.520232+00:00,AOA,buy,1099.05
2026-09-16T07:05:39.520232+00:00,AOA,buy,1099.53
2026-09-16T07:05:39.520232+00:00,AOA,buy,1099.58
2026-09-16T07:05:39.520232+00:00,AOA,buy,1099.68
2026-09-16T07:05:39.520232+00:00,AOA,sell,1119.68
2026-09-16T07:05:39.520232+00:00,AOA,sell,1119.68
2026-09-16T07:05:39.520232+00:00,AOA,sell,1119.68
2026-09-16T07:05:39.520232+00:00,AOA,sell,1119.67
2026-09-16T07:05:39.520232+00:00,AOA,sell,1119.67
2026-09-16T07:05:39.520232+00:00,AOA,sell,1119.67
2026-09-16T07:05:39.520232+00:00,AOA,sell,1119.67
2026-09-16T07:05:39.520232+00:00,AOA,sell,1119.67
2026-09-16T07:05:39.520232+00:00,AOA,sell,1119.67
2026-09-16T07:05:39.520232+00:00,AOA,sell,1119.67
2026-09-16T07:05:39.520232+00:00,ARS,buy,1596.5
2026-09-16T07:05:39.520232+00:00,ARS,buy,1598.65
2026-09-16T07:05:39.520232+00:00,ARS,buy,1598.7
2026-09-16T07:05:39.520232+00:00,ARS,buy,1598.89
2026-09-16T07:05:39.520232+00:00,ARS,buy,1599.0
2026-09-16T07:05:39.520232+00:00,ARS,buy,1599.0
2026-09-16T07:05:39.520232+00:00,ARS,buy,1599.89
2026-09-16T07:05:39.520232+00:00,ARS,buy,1601.99
2026-09-16T07:05:39.520232+00:00,ARS,buy,1604.43
2026-09-16T07:05:39.520232+00:00,ARS,buy,1605.0
2026-09-16T07:05:39.520232+00:00,ARS,sell,1588.0
2026-09-16T07:05:39.520232+00:00,ARS,sell,1587.33
2026-09-16T07:05:39.520232+00:00,ARS,sell,1587.32
2026-09-16T07:05:39.520232+00:00,ARS,sell,1587.3
2026-09-16T07:05:39.520232+00:00,ARS,sell,1587.25
2026-09-16T07:05:39.520232+00:00,ARS,sell,1586.1
2026-09-16T07:05:39.520232+00:00,ARS,sell,1585.3
2026-09-16T07:05:39.520232+00:00,ARS,sell,1585.24
2026-09-16T07:05:39.520232+00:00,ARS,sell,1585.22
2026-09-16T07:05:39.520232+00:00,ARS,sell,1585.18
2026-09-16T07:05:39.520232+00:00,AZN,buy,1.69
2026-09-16T07:05:39.520232+00:00,AZN,buy,1.69
2026-09-16T07:05:39.520232+00:00,AZN,buy,1.69
2026-09-16T07:05:39.520232+00:00,AZN,buy,1.69
2026-09-16T07:05:39.520232+00:00,AZN,buy,1.69
2026-09-16T07:05:39.520232+00:00,AZN,buy,1.69
2026-09-16T07:05:39.520232+00:00,AZN,buy,1.69
2026-09-16T07:05:39.520232+00:00,AZN,buy,1.69
2026-09-16T07:05:39.520232+00:00,AZN,buy,1.69
2026-09-16T07:05:39.520232+00:00,AZN,buy,1.69
2026-09-16T07:05:39.520232+00:00,AZN,sell,1.66
2026-09-16T07:05:39.520232+00:00,AZN,sell,1.66
2026-09-16T07:05:39.520232+00:00,AZN,sell,1.66
2026-09-16T07:05:39.520232+00:00,AZN,sell,1.66
2026-09-16T07:05:39.520232+00:00,AZN,sell,1.66
2026-09-16T07:05:39.520232+00:00,AZN,sell,1.66
2026-09-16T07:05:39.520232+00:00,AZN,sell,1.66
2026-09-16T07:05:39.520232+00:00,AZN,sell,1.66
2026-09-16T07:05:39.520232+00:00,AZN,sell,1.66
2026-09-16T07:05:39.520232+00:00,AZN,sell,1.66
2026-09-16T07:05:39.520232+00:00,BDT,buy,127.22
2026-09-16T07:05:39.520232+00:00,BDT,buy,127.35
2026-09-16T07:05:39.520232+00:00,BDT,buy,127.35
2026-09-16T07:05:39.520232+00:00,BDT,buy,127.38
2026-09-16T07:05:39.520232+00:00,BDT,buy,127.4
2026-09-16T07:05:39.520232+00:00,BDT,buy,127.42
2026-09-16T07:05:39.520232+00:00,BDT,buy,127.44
2026-09-16T07:05:39.520232+00:00,BDT,buy,127.45
2026-09-16T07:05:39.520232+00:00,BDT,buy,127.5
2026-09-16T07:05:39.520232+00:00,BDT,buy,127.55
2026-09-16T07:05:39.520232+00:00,BDT,sell,127.5
2026-09-16T07:05:39.520232+00:00,BDT,sell,127.41
2026-09-16T07:05:39.520232+00:00,BDT,sell,127.4
2026-09-16T07:05:39.520232+00:00,BDT,sell,127.37
2026-09-16T07:05:39.520232+00:00,BDT,sell,127.35
2026-09-16T07:05:39.520232+00:00,BDT,sell,127.33
2026-09-16T07:05:39.520232+00:00,BDT,sell,127.32
2026-09-16T07:05:39.520232+00:00,BDT,sell,127.3
2026-09-16T07:05:39.520232+00:00,BDT,sell,127.27
2026-09-16T07:05:39.520232+00:00,BDT,sell,127.26
2026-09-16T07:05:39.520232+00:00,BND,buy,1.21
2026-09-16T07:05:39.520232+00:00,BND,buy,1.301
2026-09-16T07:05:39.520232+00:00,BND,buy,1.305
2026-09-16T07:05:39.520232+00:00,BND,buy,1.307
2026-09-16T07:05:39.520232+00:00,BND,buy,1.31
2026-09-16T07:05:39.520232+00:00,BND,buy,1.311
2026-09-16T07:05:39.520232+00:00,BND,buy,1.321
2026-09-16T07:05:39.520232+00:00,BND,buy,1.512
2026-09-16T07:05:39.520232+00:00,BND,sell,1.524
2026-09-16T07:05:39.520232+00:00,BND,sell,1.512
2026-09-16T07:05:39.520232+00:00,BND,sell,1.512
2026-09-16T07:05:39.520232+00:00,BND,sell,1.512
2026-09-16T07:05:39.520232+00:00,BND,sell,1.512
2026-09-16T07:05:39.520232+00:00,BND,sell,1.27
2026-09-16T07:05:39.520232+00:00,BND,sell,1.255
2026-09-16T07:05:39.520232+00:00,BND,sell,1.255
2026-09-16T07:05:39.520232+00:00,BND,sell,1.25
2026-09-16T07:05:39.520232+00:00,BND,sell,1.241
2026-09-16T07:05:39.520232+00:00,BOB,buy,10.72
2026-09-16T07:05:39.520232+00:00,BOB,buy,10.74
2026-09-16T07:05:39.520232+00:00,BOB,buy,10.75
2026-09-16T07:05:39.520232+00:00,BOB,buy,10.75
2026-09-16T07:05:39.520232+00:00,BOB,buy,10.76
2026-09-16T07:05:39.520232+00:00,BOB,buy,10.76
2026-09-16T07:05:39.520232+00:00,BOB,buy,10.77
2026-09-16T07:05:39.520232+00:00,BOB,buy,10.77
2026-09-16T07:05:39.520232+00:00,BOB,buy,10.78
2026-09-16T07:05:39.520232+00:00,BOB,buy,10.78
2026-09-16T07:05:39.520232+00:00,BOB,sell,10.58
2026-09-16T07:05:39.520232+00:00,BOB,sell,10.58
2026-09-16T07:05:39.520232+00:00,BOB,sell,10.57
2026-09-16T07:05:39.520232+00:00,BOB,sell,10.57
2026-09-16T07:05:39.520232+00:00,BOB,sell,10.56
2026-09-16T07:05:39.520232+00:00,BOB,sell,10.56
2026-09-16T07:05:39.520232+00:00,BOB,sell,10.54
2026-09-16T07:05:39.520232+00:00,BOB,sell,10.54
2026-09-16T07:05:39.520232+00:00,BOB,sell,10.53
2026-09-16T07:05:39.520232+00:00,BOB,sell,10.52
2026-09-16T07:05:39.520232+00:00,BWP,buy,15.39
2026-09-16T07:05:39.520232+00:00,BWP,buy,15.42
2026-09-16T07:05:39.520232+00:00,BWP,sell,14.34
2026-09-16T07:05:39.520232+00:00,BWP,sell,14.33
2026-09-16T07:05:39.520232+00:00,BWP,sell,14.32
2026-09-16T07:05:39.520232+00:00,BWP,sell,14.3
2026-09-16T07:05:39.520232+00:00,BWP,sell,14.26
2026-09-16T07:05:39.520232+00:00,BWP,sell,14.25
2026-09-16T07:05:39.520232+00:00,BWP,sell,12.8
2026-09-16T07:05:39.520232+00:00,BWP,sell,12.8
2026-09-16T07:05:39.520232+00:00,BWP,sell,11.82
2026-09-16T07:05:39.520232+00:00,BWP,sell,10.84
2026-09-16T07:05:39.520232+00:00,CLP,buy,959.7
2026-09-16T07:05:39.520232+00:00,CLP,buy,961.0
2026-09-16T07:05:39.520232+00:00,CLP,buy,961.99
2026-09-16T07:05:39.520232+00:00,CLP,buy,962.99
2026-09-16T07:05:39.520232+00:00,CLP,buy,964.85
2026-09-16T07:05:39.520232+00:00,CLP,buy,965.99
2026-09-16T07:05:39.520232+00:00,CLP,buy,968.85
2026-09-16T07:05:39.520232+00:00,CLP,buy,972.0
2026-09-16T07:05:39.520232+00:00,CLP,buy,972.0
2026-09-16T07:05:39.520232+00:00,CLP,buy,972.0
2026-09-16T07:05:39.520232+00:00,CLP,sell,954.21
2026-09-16T07:05:39.520232+00:00,CLP,sell,954.0
2026-09-16T07:05:39.520232+00:00,CLP,sell,952.22
2026-09-16T07:05:39.520232+00:00,CLP,sell,952.15
2026-09-16T07:05:39.520232+00:00,CLP,sell,952.02
2026-09-16T07:05:39.520232+00:00,CLP,sell,951.8
2026-09-16T07:05:39.520232+00:00,CLP,sell,951.52
2026-09-16T07:05:39.520232+00:00,CLP,sell,951.5
2026-09-16T07:05:39.520232+00:00,CLP,sell,951.0
2026-09-16T07:05:39.520232+00:00,CLP,sell,950.0
2026-09-16T07:05:39.520232+00:00,COP,buy,3104.0
2026-09-16T07:05:39.520232+00:00,COP,buy,3105.98
2026-09-16T07:05:39.520232+00:00,COP,buy,3106.77
2026-09-16T07:05:39.520232+00:00,COP,buy,3106.78
2026-09-16T07:05:39.520232+00:00,COP,buy,3106.79
2026-09-16T07:05:39.520232+00:00,COP,buy,3106.8
2026-09-16T07:05:39.520232+00:00,COP,buy,3108.12
2026-09-16T07:05:39.520232+00:00,COP,buy,3110.4
2026-09-16T07:05:39.520232+00:00,COP,buy,3115.0
2026-09-16T07:05:39.520232+00:00,COP,buy,3115.0
2026-09-16T07:05:39.520232+00:00,COP,sell,3074.53
2026-09-16T07:05:39.520232+00:00,COP,sell,3070.8
2026-09-16T07:05:39.520232+00:00,COP,sell,3070.71
2026-09-16T07:05:39.520232+00:00,COP,sell,3070.0
2026-09-16T07:05:39.520232+00:00,COP,sell,3068.65
2026-09-16T07:05:39.520232+00:00,COP,sell,3068.57
2026-09-16T07:05:39.520232+00:00,COP,sell,3066.63
2026-09-16T07:05:39.520232+00:00,COP,sell,3065.0
2026-09-16T07:05:39.520232+00:00,COP,sell,3065.0
2026-09-16T07:05:39.520232+00:00,COP,sell,3064.12
2026-09-16T07:05:39.520232+00:00,DZD,buy,248.0
2026-09-16T07:05:39.520232+00:00,DZD,buy,248.39
2026-09-16T07:05:39.520232+00:00,DZD,buy,249.9
2026-09-16T07:05:39.520232+00:00,DZD,buy,249.99
2026-09-16T07:05:39.520232+00:00,DZD,buy,249.99
2026-09-16T07:05:39.520232+00:00,DZD,buy,250.0
2026-09-16T07:05:39.520232+00:00,DZD,buy,250.0
2026-09-16T07:05:39.520232+00:00,DZD,buy,250.0
2026-09-16T07:05:39.520232+00:00,DZD,buy,250.0
2026-09-16T07:05:39.520232+00:00,DZD,buy,250.0
2026-09-16T07:05:39.520232+00:00,DZD,sell,246.74
2026-09-16T07:05:39.520232+00:00,DZD,sell,246.74
2026-09-16T07:05:39.520232+00:00,DZD,sell,246.68
2026-09-16T07:05:39.520232+00:00,DZD,sell,246.66
2026-09-16T07:05:39.520232+00:00,DZD,sell,246.65
2026-09-16T07:05:39.520232+00:00,DZD,sell,246.64
2026-09-16T07:05:39.520232+00:00,DZD,sell,246.6
2026-09-16T07:05:39.520232+00:00,DZD,sell,246.51
2026-09-16T07:05:39.520232+00:00,DZD,sell,246.51
2026-09-16T07:05:39.520232+00:00,DZD,sell,246.4
2026-09-16T07:05:39.520232+00:00,EGP,buy,52.29
2026-09-16T07:05:39.520232+00:00,EGP,buy,52.35
2026-09-16T07:05:39.520232+00:00,EGP,buy,52.37
2026-09-16T07:05:39.520232+00:00,EGP,buy,52.38
2026-09-16T07:05:39.520232+00:00,EGP,buy,52.39
2026-09-16T07:05:39.520232+00:00,EGP,buy,52.4
2026-09-16T07:05:39.520232+00:00,EGP,buy,52.4
2026-09-16T07:05:39.520232+00:00,EGP,buy,52.4
2026-09-16T07:05:39.520232+00:00,EGP,buy,52.4
2026-09-16T07:05:39.520232+00:00,EGP,buy,52.4
2026-09-16T07:05:39.520232+00:00,EGP,sell,52.62
2026-09-16T07:05:39.520232+00:00,EGP,sell,52.61
2026-09-16T07:05:39.520232+00:00,EGP,sell,52.59
2026-09-16T07:05:39.520232+00:00,EGP,sell,52.58
2026-09-16T07:05:39.520232+00:00,EGP,sell,52.51
2026-09-16T07:05:39.520232+00:00,EGP,sell,52.5
2026-09-16T07:05:39.520232+00:00,EGP,sell,52.46
2026-09-16T07:05:39.520232+00:00,EGP,sell,52.44
2026-09-16T07:05:39.520232+00:00,EGP,sell,52.43
2026-09-16T07:05:39.520232+00:00,EGP,sell,52.43
2026-09-16T07:05:39.520232+00:00,GEL,buy,2.6
2026-09-16T07:05:39.520232+00:00,GEL,buy,2.61
2026-09-16T07:05:39.520232+00:00,GEL,buy,2.61
2026-09-16T07:05:39.520232+00:00,GEL,buy,2.61
2026-09-16T07:05:39.520232+00:00,GEL,buy,2.61
2026-09-16T07:05:39.520232+00:00,GEL,buy,2.61
2026-09-16T07:05:39.520232+00:00,GEL,buy,2.61
2026-09-16T07:05:39.520232+00:00,GEL,buy,2.61
2026-09-16T07:05:39.520232+00:00,GEL,buy,2.61
2026-09-16T07:05:39.520232+00:00,GEL,buy,2.61
2026-09-16T07:05:39.520232+00:00,GEL,sell,2.6
2026-09-16T07:05:39.520232+00:00,GEL,sell,2.6
2026-09-16T07:05:39.520232+00:00,GEL,sell,2.59
2026-09-16T07:05:39.520232+00:00,GEL,sell,2.59
2026-09-16T07:05:39.520232+00:00,GEL,sell,2.59
2026-09-16T07:05:39.520232+00:00,GEL,sell,2.59
2026-09-16T07:05:39.520232+00:00,GEL,sell,2.59
2026-09-16T07:05:39.520232+00:00,GEL,sell,2.59
2026-09-16T07:05:39.520232+00:00,GEL,sell,2.59
2026-09-16T07:05:39.520232+00:00,GEL,sell,2.59
2026-09-16T07:05:39.520232+00:00,IDR,buy,17679.0
2026-09-16T07:05:39.520232+00:00,IDR,buy,17679.0
2026-09-16T07:05:39.520232+00:00,IDR,buy,17680.0
2026-09-16T07:05:39.520232+00:00,IDR,buy,17680.0
2026-09-16T07:05:39.520232+00:00,IDR,buy,17680.0
2026-09-16T07:05:39.520232+00:00,IDR,buy,17680.0
2026-09-16T07:05:39.520232+00:00,IDR,buy,17681.0
2026-09-16T07:05:39.520232+00:00,IDR,buy,17682.0
2026-09-16T07:05:39.520232+00:00,IDR,buy,17682.0
2026-09-16T07:05:39.520232+00:00,IDR,buy,17684.0
2026-09-16T07:05:39.520232+00:00,IDR,sell,17672.0
2026-09-16T07:05:39.520232+00:00,IDR,sell,17668.0
2026-09-16T07:05:39.520232+00:00,IDR,sell,17657.0
2026-09-16T07:05:39.520232+00:00,IDR,sell,17657.0
2026-09-16T07:05:39.520232+00:00,IDR,sell,17656.0
2026-09-16T07:05:39.520232+00:00,IDR,sell,17655.0
2026-09-16T07:05:39.520232+00:00,IDR,sell,17647.0
2026-09-16T07:05:39.520232+00:00,IDR,sell,17646.0
2026-09-16T07:05:39.520232+00:00,IDR,sell,17646.0
2026-09-16T07:05:39.520232+00:00,IDR,sell,17646.0
2026-09-16T07:05:39.520232+00:00,INR,buy,102.5
2026-09-16T07:05:39.520232+00:00,INR,buy,102.69
2026-09-16T07:05:39.520232+00:00,INR,buy,102.7
2026-09-16T07:05:39.520232+00:00,INR,buy,102.75
2026-09-16T07:05:39.520232+00:00,INR,buy,102.82
2026-09-16T07:05:39.520232+00:00,INR,buy,102.95
2026-09-16T07:05:39.520232+00:00,INR,buy,102.97
2026-09-16T07:05:39.520232+00:00,INR,buy,103.4
2026-09-16T07:05:39.520232+00:00,INR,buy,103.42
2026-09-16T07:05:39.520232+00:00,INR,buy,103.79
2026-09-16T07:05:39.520232+00:00,INR,sell,104.64
2026-09-16T07:05:39.520232+00:00,INR,sell,104.64
2026-09-16T07:05:39.520232+00:00,INR,sell,104.62
2026-09-16T07:05:39.520232+00:00,INR,sell,104.61
2026-09-16T07:05:39.520232+00:00,INR,sell,104.57
2026-09-16T07:05:39.520232+00:00,INR,sell,104.57
2026-09-16T07:05:39.520232+00:00,INR,sell,104.57
2026-09-16T07:05:39.520232+00:00,INR,sell,104.56
2026-09-16T07:05:39.520232+00:00,INR,sell,104.56
2026-09-16T07:05:39.520232+00:00,INR,sell,104.56
2026-09-16T07:05:39.520232+00:00,IQD,buy,1581.9
2026-09-16T07:05:39.520232+00:00,IQD,buy,1582.45
2026-09-16T07:05:39.520232+00:00,IQD,buy,1583.0
2026-09-16T07:05:39.520232+00:00,IQD,buy,1583.66
2026-09-16T07:05:39.520232+00:00,IQD,buy,1585.48
2026-09-16T07:05:39.520232+00:00,IQD,buy,1585.49
2026-09-16T07:05:39.520232+00:00,IQD,buy,1585.5
2026-09-16T07:05:39.520232+00:00,IQD,buy,1586.0
2026-09-16T07:05:39.520232+00:00,IQD,buy,1586.0
2026-09-16T07:05:39.520232+00:00,IQD,buy,1586.49
2026-09-16T07:05:39.520232+00:00,IQD,sell,1578.01
2026-09-16T07:05:39.520232+00:00,IQD,sell,1571.55
2026-09-16T07:05:39.520232+00:00,IQD,sell,1571.5
2026-09-16T07:05:39.520232+00:00,IQD,sell,1570.0
2026-09-16T07:05:39.520232+00:00,IQD,sell,1569.1
2026-09-16T07:05:39.520232+00:00,IQD,sell,1568.09
2026-09-16T07:05:39.520232+00:00,IQD,sell,1567.25
2026-09-16T07:05:39.520232+00:00,IQD,sell,1567.1
2026-09-16T07:05:39.520232+00:00,IQD,sell,1566.0
2026-09-16T07:05:39.520232+00:00,IQD,sell,1565.06
2026-09-16T07:05:39.520232+00:00,JOD,buy,0.711
2026-09-16T07:05:39.520232+00:00,JOD,buy,0.712
2026-09-16T07:05:39.520232+00:00,JOD,buy,0.712
2026-09-16T07:05:39.520232+00:00,JOD,buy,0.712
2026-09-16T07:05:39.520232+00:00,JOD,buy,0.712
2026-09-16T07:05:39.520232+00:00,JOD,buy,0.712
2026-09-16T07:05:39.520232+00:00,JOD,buy,0.712
2026-09-16T07:05:39.520232+00:00,JOD,buy,0.712
2026-09-16T07:05:39.520232+00:00,JOD,buy,0.712
2026-09-16T07:05:39.520232+00:00,JOD,buy,0.712
2026-09-16T07:05:39.520232+00:00,JOD,sell,0.706
2026-09-16T07:05:39.520232+00:00,JOD,sell,0.706
2026-09-16T07:05:39.520232+00:00,JOD,sell,0.706
2026-09-16T07:05:39.520232+00:00,JOD,sell,0.706
2026-09-16T07:05:39.520232+00:00,JOD,sell,0.706
2026-09-16T07:05:39.520232+00:00,JOD,sell,0.706
2026-09-16T07:05:39.520232+00:00,JOD,sell,0.706
2026-09-16T07:05:39.520232+00:00,JOD,sell,0.705
2026-09-16T07:05:39.520232+00:00,JOD,sell,0.705
2026-09-16T07:05:39.520232+00:00,JOD,sell,0.705
2026-09-16T07:05:39.520232+00:00,KES,buy,129.4
2026-09-16T07:05:39.520232+00:00,KES,buy,129.47
2026-09-16T07:05:39.520232+00:00,KES,buy,129.49
2026-09-16T07:05:39.520232+00:00,KES,buy,129.49
2026-09-16T07:05:39.520232+00:00,KES,buy,129.5
2026-09-16T07:05:39.520232+00:00,KES,buy,129.54
2026-09-16T07:05:39.520232+00:00,KES,buy,129.57
2026-09-16T07:05:39.520232+00:00,KES,buy,129.58
2026-09-16T07:05:39.520232+00:00,KES,buy,129.58
2026-09-16T07:05:39.520232+00:00,KES,buy,129.6
2026-09-16T07:05:39.520232+00:00,KES,sell,134.7
2026-09-16T07:05:39.520232+00:00,KES,sell,129.26
2026-09-16T07:05:39.520232+00:00,KES,sell,129.15
2026-09-16T07:05:39.520232+00:00,KES,sell,129.13
2026-09-16T07:05:39.520232+00:00,KES,sell,129.11
2026-09-16T07:05:39.520232+00:00,KES,sell,129.11
2026-09-16T07:05:39.520232+00:00,KES,sell,129.1
2026-09-16T07:05:39.520232+00:00,KES,sell,129.08
2026-09-16T07:05:39.520232+00:00,KES,sell,129.07
2026-09-16T07:05:39.520232+00:00,KES,sell,129.07
2026-09-16T07:05:39.520232+00:00,KHR,buy,4034.0
2026-09-16T07:05:39.520232+00:00,KHR,buy,4034.0
2026-09-16T07:05:39.520232+00:00,KHR,buy,4034.0
2026-09-16T07:05:39.520232+00:00,KHR,buy,4035.0
2026-09-16T07:05:39.520232+00:00,KHR,buy,4037.0
2026-09-16T07:05:39.520232+00:00,KHR,buy,4040.0
2026-09-16T07:05:39.520232+00:00,KHR,buy,4041.0
2026-09-16T07:05:39.520232+00:00,KHR,buy,4045.0
2026-09-16T07:05:39.520232+00:00,KHR,buy,4049.0
2026-09-16T07:05:39.520232+00:00,KHR,buy,4050.0
2026-09-16T07:05:39.520232+00:00,KHR,sell,4017.0
2026-09-16T07:05:39.520232+00:00,KHR,sell,4016.0
2026-09-16T07:05:39.520232+00:00,KHR,sell,4016.0
2026-09-16T07:05:39.520232+00:00,KHR,sell,4015.0
2026-09-16T07:05:39.520232+00:00,KHR,sell,4014.0
2026-09-16T07:05:39.520232+00:00,KHR,sell,4010.0
2026-09-16T07:05:39.520232+00:00,KHR,sell,4010.0
2026-09-16T07:05:39.520232+00:00,KHR,sell,4010.0
2026-09-16T07:05:39.520232+00:00,KHR,sell,4010.0
2026-09-16T07:05:39.520232+00:00,KHR,sell,4007.0
2026-09-16T07:05:39.520232+00:00,KWD,buy,0.309
2026-09-16T07:05:39.520232+00:00,KWD,buy,0.31
2026-09-16T07:05:39.520232+00:00,KWD,buy,0.31
2026-09-16T07:05:39.520232+00:00,KWD,buy,0.31
2026-09-16T07:05:39.520232+00:00,KWD,buy,0.31
2026-09-16T07:05:39.520232+00:00,KWD,buy,0.31
2026-09-16T07:05:39.520232+00:00,KWD,buy,0.31
2026-09-16T07:05:39.520232+00:00,KWD,buy,0.31
2026-09-16T07:05:39.520232+00:00,KWD,buy,0.31
2026-09-16T07:05:39.520232+00:00,KWD,buy,0.31
2026-09-16T07:05:39.520232+00:00,KWD,sell,0.309
2026-09-16T07:05:39.520232+00:00,KWD,sell,0.308
2026-09-16T07:05:39.520232+00:00,KWD,sell,0.308
2026-09-16T07:05:39.520232+00:00,KWD,sell,0.308
2026-09-16T07:05:39.520232+00:00,KWD,sell,0.308
2026-09-16T07:05:39.520232+00:00,KWD,sell,0.308
2026-09-16T07:05:39.520232+00:00,KWD,sell,0.307
2026-09-16T07:05:39.520232+00:00,KWD,sell,0.307
2026-09-16T07:05:39.520232+00:00,KWD,sell,0.307
2026-09-16T07:05:39.520232+00:00,KWD,sell,0.307
2026-09-16T07:05:39.520232+00:00,KZT,buy,464.5
2026-09-16T07:05:39.520232+00:00,KZT,buy,467.99
2026-09-16T07:05:39.520232+00:00,KZT,buy,468.0
2026-09-16T07:05:39.520232+00:00,KZT,buy,470.0
2026-09-16T07:05:39.520232+00:00,KZT,buy,473.9
2026-09-16T07:05:39.520232+00:00,KZT,buy,474.39
2026-09-16T07:05:39.520232+00:00,KZT,buy,474.9
2026-09-16T07:05:39.520232+00:00,KZT,buy,475.0
2026-09-16T07:05:39.520232+00:00,KZT,buy,475.0
2026-09-16T07:05:39.520232+00:00,KZT,buy,476.6
2026-09-16T07:05:39.520232+00:00,KZT,sell,485.0
2026-09-16T07:05:39.520232+00:00,KZT,sell,479.0
2026-09-16T07:05:39.520232+00:00,KZT,sell,465.0
2026-09-16T07:05:39.520232+00:00,KZT,sell,457.5
2026-09-16T07:05:39.520232+00:00,KZT,sell,457.1
2026-09-16T07:05:39.520232+00:00,KZT,sell,457.0
2026-09-16T07:05:39.520232+00:00,KZT,sell,456.0
2026-09-16T07:05:39.520232+00:00,KZT,sell,455.2
2026-09-16T07:05:39.520232+00:00,KZT,sell,455.09
2026-09-16T07:05:39.520232+00:00,KZT,sell,455.0
2026-09-16T07:05:39.520232+00:00,LAK,buy,22629.0
2026-09-16T07:05:39.520232+00:00,LAK,buy,22630.0
2026-09-16T07:05:39.520232+00:00,LAK,buy,22635.0
2026-09-16T07:05:39.520232+00:00,LAK,buy,22635.0
2026-09-16T07:05:39.520232+00:00,LAK,buy,22640.0
2026-09-16T07:05:39.520232+00:00,LAK,buy,22645.0
2026-09-16T07:05:39.520232+00:00,LAK,buy,22655.0
2026-09-16T07:05:39.520232+00:00,LAK,buy,22660.0
2026-09-16T07:05:39.520232+00:00,LAK,buy,22665.0
2026-09-16T07:05:39.520232+00:00,LAK,buy,22688.0
2026-09-16T07:05:39.520232+00:00,LAK,sell,22550.0
2026-09-16T07:05:39.520232+00:00,LAK,sell,22536.0
2026-09-16T07:05:39.520232+00:00,LAK,sell,22535.0
2026-09-16T07:05:39.520232+00:00,LAK,sell,22530.0
2026-09-16T07:05:39.520232+00:00,LAK,sell,22524.0
2026-09-16T07:05:39.520232+00:00,LAK,sell,22523.0
2026-09-16T07:05:39.520232+00:00,LAK,sell,22522.0
2026-09-16T07:05:39.520232+00:00,LAK,sell,22521.0
2026-09-16T07:05:39.520232+00:00,LAK,sell,22500.0
2026-09-16T07:05:39.520232+00:00,LAK,sell,22495.0
2026-09-16T07:05:39.520232+00:00,LBP,buy,89490.0
2026-09-16T07:05:39.520232+00:00,LBP,buy,89500.0
2026-09-16T07:05:39.520232+00:00,LBP,buy,89599.99
2026-09-16T07:05:39.520232+00:00,LBP,buy,89600.0
2026-09-16T07:05:39.520232+00:00,LBP,buy,89700.0
2026-09-16T07:05:39.520232+00:00,LBP,buy,90249.98
2026-09-16T07:05:39.520232+00:00,LBP,buy,90250.0
2026-09-16T07:05:39.520232+00:00,LBP,buy,90700.0
2026-09-16T07:05:39.520232+00:00,LBP,buy,91650.95
2026-09-16T07:05:39.520232+00:00,LBP,buy,91700.0
2026-09-16T07:05:39.520232+00:00,LBP,sell,89202.0
2026-09-16T07:05:39.520232+00:00,LBP,sell,89200.0
2026-09-16T07:05:39.520232+00:00,LBP,sell,89150.0
2026-09-16T07:05:39.520232+00:00,LBP,sell,89070.02
2026-09-16T07:05:39.520232+00:00,LBP,sell,89070.0
2026-09-16T07:05:39.520232+00:00,LBP,sell,89050.0
2026-09-16T07:05:39.520232+00:00,LBP,sell,88905.64
2026-09-16T07:05:39.520232+00:00,LBP,sell,88901.0
2026-09-16T07:05:39.520232+00:00,LBP,sell,88802.0
2026-09-16T07:05:39.520232+00:00,LBP,sell,88800.01
2026-09-16T07:05:39.520232+00:00,LKR,buy,334.6
2026-09-16T07:05:39.520232+00:00,LKR,buy,334.65
2026-09-16T07:05:39.520232+00:00,LKR,buy,334.65
2026-09-16T07:05:39.520232+00:00,LKR,buy,334.65
2026-09-16T07:05:39.520232+00:00,LKR,buy,334.7
2026-09-16T07:05:39.520232+00:00,LKR,buy,334.7
2026-09-16T07:05:39.520232+00:00,LKR,buy,334.7
2026-09-16T07:05:39.520232+00:00,LKR,buy,334.7
2026-09-16T07:05:39.520232+00:00,LKR,buy,334.75
2026-09-16T07:05:39.520232+00:00,LKR,buy,334.89
2026-09-16T07:05:39.520232+00:00,LKR,sell,334.2
2026-09-16T07:05:39.520232+00:00,LKR,sell,333.7
2026-09-16T07:05:39.520232+00:00,LKR,sell,333.7
2026-09-16T07:05:39.520232+00:00,LKR,sell,333.5
2026-09-16T07:05:39.520232+00:00,LKR,sell,333.45
2026-09-16T07:05:39.520232+00:00,LKR,sell,333.41
2026-09-16T07:05:39.520232+00:00,LKR,sell,333.4
2026-09-16T07:05:39.520232+00:00,LKR,sell,333.37
2026-09-16T07:05:39.520232+00:00,LKR,sell,333.36
2026-09-16T07:05:39.520232+00:00,LKR,sell,333.31
2026-09-16T07:05:39.520232+00:00,MAD,buy,9.86
2026-09-16T07:05:39.520232+00:00,MAD,buy,9.88
2026-09-16T07:05:39.520232+00:00,MAD,buy,9.88
2026-09-16T07:05:39.520232+00:00,MAD,buy,9.89
2026-09-16T07:05:39.520232+00:00,MAD,buy,9.89
2026-09-16T07:05:39.520232+00:00,MAD,buy,9.89
2026-09-16T07:05:39.520232+00:00,MAD,buy,9.89
2026-09-16T07:05:39.520232+00:00,MAD,buy,9.89
2026-09-16T07:05:39.520232+00:00,MAD,buy,9.89
2026-09-16T07:05:39.520232+00:00,MAD,buy,9.9
2026-09-16T07:05:39.520232+00:00,MAD,sell,9.8
2026-09-16T07:05:39.520232+00:00,MAD,sell,9.8
2026-09-16T07:05:39.520232+00:00,MAD,sell,9.79
2026-09-16T07:05:39.520232+00:00,MAD,sell,9.79
2026-09-16T07:05:39.520232+00:00,MAD,sell,9.79
2026-09-16T07:05:39.520232+00:00,MAD,sell,9.78
2026-09-16T07:05:39.520232+00:00,MAD,sell,9.78
2026-09-16T07:05:39.520232+00:00,MAD,sell,9.78
2026-09-16T07:05:39.520232+00:00,MAD,sell,9.77
2026-09-16T07:05:39.520232+00:00,MAD,sell,9.76
2026-09-16T07:05:39.520232+00:00,MNT,buy,3663.44
2026-09-16T07:05:39.520232+00:00,MNT,buy,3666.99
2026-09-16T07:05:39.520232+00:00,MNT,buy,3667.0
2026-09-16T07:05:39.520232+00:00,MNT,buy,3667.65
2026-09-16T07:05:39.520232+00:00,MNT,buy,3669.0
2026-09-16T07:05:39.520232+00:00,MNT,buy,3670.85
2026-09-16T07:05:39.520232+00:00,MNT,buy,3670.88
2026-09-16T07:05:39.520232+00:00,MNT,buy,3670.89
2026-09-16T07:05:39.520232+00:00,MNT,buy,3670.99
2026-09-16T07:05:39.520232+00:00,MNT,buy,3675.0
2026-09-16T07:05:39.520232+00:00,MNT,sell,3649.3
2026-09-16T07:05:39.520232+00:00,MNT,sell,3649.01
2026-09-16T07:05:39.520232+00:00,MNT,sell,3646.31
2026-09-16T07:05:39.520232+00:00,MNT,sell,3646.3
2026-09-16T07:05:39.520232+00:00,MNT,sell,3644.45
2026-09-16T07:05:39.520232+00:00,MNT,sell,3644.23
2026-09-16T07:05:39.520232+00:00,MNT,sell,3644.0
2026-09-16T07:05:39.520232+00:00,MNT,sell,3642.05
2026-09-16T07:05:39.520232+00:00,MNT,sell,3642.01
2026-09-16T07:05:39.520232+00:00,MNT,sell,3641.08
2026-09-16T07:05:39.520232+00:00,MXN,buy,17.22
2026-09-16T07:05:39.520232+00:00,MXN,buy,17.22
2026-09-16T07:05:39.520232+00:00,MXN,buy,17.23
2026-09-16T07:05:39.520232+00:00,MXN,buy,17.23
2026-09-16T07:05:39.520232+00:00,MXN,buy,17.24
2026-09-16T07:05:39.520232+00:00,MXN,buy,17.24
2026-09-16T07:05:39.520232+00:00,MXN,buy,17.25
2026-09-16T07:05:39.520232+00:00,MXN,buy,17.26
2026-09-16T07:05:39.520232+00:00,MXN,buy,17.26
2026-09-16T07:05:39.520232+00:00,MXN,buy,17.27
2026-09-16T07:05:39.520232+00:00,MXN,sell,17.16
2026-09-16T07:05:39.520232+00:00,MXN,sell,17.16
2026-09-16T07:05:39.520232+00:00,MXN,sell,17.11
2026-09-16T07:05:39.520232+00:00,MXN,sell,17.1
2026-09-16T07:05:39.520232+00:00,MXN,sell,17.1
2026-09-16T07:05:39.520232+00:00,MXN,sell,17.1
2026-09-16T07:05:39.520232+00:00,MXN,sell,17.09
2026-09-16T07:05:39.520232+00:00,MXN,sell,17.09
2026-09-16T07:05:39.520232+00:00,MXN,sell,17.09
2026-09-16T07:05:39.520232+00:00,MXN,sell,17.06
2026-09-16T07:05:39.520232+00:00,MZN,buy,74.52
2026-09-16T07:05:39.520232+00:00,MZN,buy,74.54
2026-09-16T07:05:39.520232+00:00,MZN,buy,74.58
2026-09-16T07:05:39.520232+00:00,MZN,buy,74.69
2026-09-16T07:05:39.520232+00:00,MZN,buy,74.7
2026-09-16T07:05:39.520232+00:00,MZN,buy,74.75
2026-09-16T07:05:39.520232+00:00,MZN,buy,74.79
2026-09-16T07:05:39.520232+00:00,MZN,buy,74.85
2026-09-16T07:05:39.520232+00:00,MZN,buy,74.87
2026-09-16T07:05:39.520232+00:00,MZN,buy,74.88
2026-09-16T07:05:39.520232+00:00,MZN,sell,75.26
2026-09-16T07:05:39.520232+00:00,MZN,sell,75.25
2026-09-16T07:05:39.520232+00:00,MZN,sell,75.11
2026-09-16T07:05:39.520232+00:00,MZN,sell,75.01
2026-09-16T07:05:39.520232+00:00,MZN,sell,75.0
2026-09-16T07:05:39.520232+00:00,MZN,sell,74.97
2026-09-16T07:05:39.520232+00:00,MZN,sell,74.97
2026-09-16T07:05:39.520232+00:00,MZN,sell,74.96
2026-09-16T07:05:39.520232+00:00,MZN,sell,74.96
2026-09-16T07:05:39.520232+00:00,MZN,sell,74.95
2026-09-16T07:05:39.520232+00:00,NPR,buy,164.9
2026-09-16T07:05:39.520232+00:00,NPR,buy,165.98
2026-09-16T07:05:39.520232+00:00,NPR,buy,183.0
2026-09-16T07:05:39.520232+00:00,NPR,buy,184.25
2026-09-16T07:05:39.520232+00:00,NPR,sell,157.0
2026-09-16T07:05:39.520232+00:00,NPR,sell,156.56
2026-09-16T07:05:39.520232+00:00,NPR,sell,156.21
2026-09-16T07:05:39.520232+00:00,NPR,sell,156.05
2026-09-16T07:05:39.520232+00:00,NPR,sell,155.51
2026-09-16T07:05:39.520232+00:00,NPR,sell,153.0
2026-09-16T07:05:39.520232+00:00,NPR,sell,152.03
2026-09-16T07:05:39.520232+00:00,NPR,sell,152.0
2026-09-16T07:05:39.520232+00:00,NPR,sell,150.5
2026-09-16T07:05:39.520232+00:00,NPR,sell,150.01
2026-09-16T07:05:39.520232+00:00,PEN,buy,3.382
2026-09-16T07:05:39.520232+00:00,PEN,buy,3.383
2026-09-16T07:05:39.520232+00:00,PEN,buy,3.385
2026-09-16T07:05:39.520232+00:00,PEN,buy,3.386
2026-09-16T07:05:39.520232+00:00,PEN,buy,3.386
2026-09-16T07:05:39.520232+00:00,PEN,buy,3.387
2026-09-16T07:05:39.520232+00:00,PEN,buy,3.388
2026-09-16T07:05:39.520232+00:00,PEN,buy,3.391
2026-09-16T07:05:39.520232+00:00,PEN,buy,3.391
2026-09-16T07:05:39.520232+00:00,PEN,buy,3.392
2026-09-16T07:05:39.520232+00:00,PEN,sell,3.359
2026-09-16T07:05:39.520232+00:00,PEN,sell,3.357
2026-09-16T07:05:39.520232+00:00,PEN,sell,3.356
2026-09-16T07:05:39.520232+00:00,PEN,sell,3.356
2026-09-16T07:05:39.520232+00:00,PEN,sell,3.356
2026-09-16T07:05:39.520232+00:00,PEN,sell,3.355
2026-09-16T07:05:39.520232+00:00,PEN,sell,3.355
2026-09-16T07:05:39.520232+00:00,PEN,sell,3.35
2026-09-16T07:05:39.520232+00:00,PEN,sell,3.35
2026-09-16T07:05:39.520232+00:00,PEN,sell,3.35
2026-09-16T07:05:39.520232+00:00,PHP,buy,62.78
2026-09-16T07:05:39.520232+00:00,PHP,buy,62.79
2026-09-16T07:05:39.520232+00:00,PHP,buy,62.8
2026-09-16T07:05:39.520232+00:00,PHP,buy,62.8
2026-09-16T07:05:39.520232+00:00,PHP,buy,62.81
2026-09-16T07:05:39.520232+00:00,PHP,buy,62.82
2026-09-16T07:05:39.520232+00:00,PHP,buy,62.83
2026-09-16T07:05:39.520232+00:00,PHP,buy,62.83
2026-09-16T07:05:39.520232+00:00,PHP,buy,62.83
2026-09-16T07:05:39.520232+00:00,PHP,buy,62.84
2026-09-16T07:05:39.520232+00:00,PHP,sell,62.65
2026-09-16T07:05:39.520232+00:00,PHP,sell,62.65
2026-09-16T07:05:39.520232+00:00,PHP,sell,62.65
2026-09-16T07:05:39.520232+00:00,PHP,sell,62.61
2026-09-16T07:05:39.520232+00:00,PHP,sell,62.61
2026-09-16T07:05:39.520232+00:00,PHP,sell,62.59
2026-09-16T07:05:39.520232+00:00,PHP,sell,62.59
2026-09-16T07:05:39.520232+00:00,PHP,sell,62.59
2026-09-16T07:05:39.520232+00:00,PHP,sell,62.58
2026-09-16T07:05:39.520232+00:00,PHP,sell,62.58
2026-09-16T07:05:39.520232+00:00,PKR,buy,284.4
2026-09-16T07:05:39.520232+00:00,PKR,buy,284.43
2026-09-16T07:05:39.520232+00:00,PKR,buy,284.44
2026-09-16T07:05:39.520232+00:00,PKR,buy,284.49
2026-09-16T07:05:39.520232+00:00,PKR,buy,284.5
2026-09-16T07:05:39.520232+00:00,PKR,buy,284.54
2026-09-16T07:05:39.520232+00:00,PKR,buy,284.55
2026-09-16T07:05:39.520232+00:00,PKR,buy,284.57
2026-09-16T07:05:39.520232+00:00,PKR,buy,284.58
2026-09-16T07:05:39.520232+00:00,PKR,buy,284.59
2026-09-16T07:05:39.520232+00:00,PKR,sell,284.35
2026-09-16T07:05:39.520232+00:00,PKR,sell,284.2
2026-09-16T07:05:39.520232+00:00,PKR,sell,284.0
2026-09-16T07:05:39.520232+00:00,PKR,sell,284.0
2026-09-16T07:05:39.520232+00:00,PKR,sell,283.99
2026-09-16T07:05:39.520232+00:00,PKR,sell,283.92
2026-09-16T07:05:39.520232+00:00,PKR,sell,283.9
2026-09-16T07:05:39.520232+00:00,PKR,sell,283.9
2026-09-16T07:05:39.520232+00:00,PKR,sell,283.9
2026-09-16T07:05:39.520232+00:00,PKR,sell,283.88
2026-09-16T07:05:39.520232+00:00,QAR,buy,3.75
2026-09-16T07:05:39.520232+00:00,QAR,buy,3.805
2026-09-16T07:05:39.520232+00:00,QAR,buy,3.814
2026-09-16T07:05:39.520232+00:00,QAR,buy,3.824
2026-09-16T07:05:39.520232+00:00,QAR,buy,3.825
2026-09-16T07:05:39.520232+00:00,QAR,buy,3.847
2026-09-16T07:05:39.520232+00:00,QAR,buy,3.849
2026-09-16T07:05:39.520232+00:00,QAR,buy,3.85
2026-09-16T07:05:39.520232+00:00,QAR,buy,3.85
2026-09-16T07:05:39.520232+00:00,QAR,buy,3.9
2026-09-16T07:05:39.520232+00:00,QAR,sell,3.686
2026-09-16T07:05:39.520232+00:00,QAR,sell,3.682
2026-09-16T07:05:39.520232+00:00,QAR,sell,3.68
2026-09-16T07:05:39.520232+00:00,QAR,sell,3.67
2026-09-16T07:05:39.520232+00:00,QAR,sell,3.657
2026-09-16T07:05:39.520232+00:00,QAR,sell,3.657
2026-09-16T07:05:39.520232+00:00,QAR,sell,3.656
2026-09-16T07:05:39.520232+00:00,QAR,sell,3.651
2026-09-16T07:05:39.520232+00:00,QAR,sell,3.651
2026-09-16T07:05:39.520232+00:00,QAR,sell,3.65
2026-09-16T07:05:39.520232+00:00,RWF,buy,1477.8
2026-09-16T07:05:39.520232+00:00,RWF,buy,1479.0
2026-09-16T07:05:39.520232+00:00,RWF,buy,1479.6
2026-09-16T07:05:39.520232+00:00,RWF,buy,1479.88
2026-09-16T07:05:39.520232+00:00,RWF,buy,1480.0
2026-09-16T07:05:39.520232+00:00,RWF,buy,1481.97
2026-09-16T07:05:39.520232+00:00,RWF,buy,1481.99
2026-09-16T07:05:39.520232+00:00,RWF,buy,1482.84
2026-09-16T07:05:39.520232+00:00,RWF,buy,1483.98
2026-09-16T07:05:39.520232+00:00,RWF,buy,1484.59
2026-09-16T07:05:39.520232+00:00,RWF,sell,1481.51
2026-09-16T07:05:39.520232+00:00,RWF,sell,1480.6
2026-09-16T07:05:39.520232+00:00,RWF,sell,1480.55
2026-09-16T07:05:39.520232+00:00,RWF,sell,1480.52
2026-09-16T07:05:39.520232+00:00,RWF,sell,1480.42
2026-09-16T07:05:39.520232+00:00,RWF,sell,1480.4
2026-09-16T07:05:39.520232+00:00,RWF,sell,1479.81
2026-09-16T07:05:39.520232+00:00,RWF,sell,1478.52
2026-09-16T07:05:39.520232+00:00,RWF,sell,1478.5
2026-09-16T07:05:39.520232+00:00,RWF,sell,1478.29
2026-09-16T07:05:39.520232+00:00,SAR,buy,3.81
2026-09-16T07:05:39.520232+00:00,SAR,buy,3.83
2026-09-16T07:05:39.520232+00:00,SAR,buy,3.83
2026-09-16T07:05:39.520232+00:00,SAR,buy,3.83
2026-09-16T07:05:39.520232+00:00,SAR,buy,3.83
2026-09-16T07:05:39.520232+00:00,SAR,buy,3.84
2026-09-16T07:05:39.520232+00:00,SAR,buy,3.84
2026-09-16T07:05:39.520232+00:00,SAR,buy,3.84
2026-09-16T07:05:39.520232+00:00,SAR,buy,3.85
2026-09-16T07:05:39.520232+00:00,SAR,buy,3.85
2026-09-16T07:05:39.520232+00:00,SAR,sell,3.81
2026-09-16T07:05:39.520232+00:00,SAR,sell,3.81
2026-09-16T07:05:39.520232+00:00,SAR,sell,3.8
2026-09-16T07:05:39.520232+00:00,SAR,sell,3.8
2026-09-16T07:05:39.520232+00:00,SAR,sell,3.8
2026-09-16T07:05:39.520232+00:00,SAR,sell,3.8
2026-09-16T07:05:39.520232+00:00,SAR,sell,3.8
2026-09-16T07:05:39.520232+00:00,SAR,sell,3.79
2026-09-16T07:05:39.520232+00:00,SAR,sell,3.79
2026-09-16T07:05:39.520232+00:00,SAR,sell,3.79
2026-09-16T07:05:39.520232+00:00,SDG,buy,8369.99
2026-09-16T07:05:39.520232+00:00,SDG,buy,8370.0
2026-09-16T07:05:39.520232+00:00,SDG,buy,8380.0
2026-09-16T07:05:39.520232+00:00,SDG,buy,8400.0
2026-09-16T07:05:39.520232+00:00,SDG,buy,8425.7
2026-09-16T07:05:39.520232+00:00,SDG,buy,8450.0
2026-09-16T07:05:39.520232+00:00,SDG,buy,8460.0
2026-09-16T07:05:39.520232+00:00,SDG,buy,8490.0
2026-09-16T07:05:39.520232+00:00,SDG,buy,8500.0
2026-09-16T07:05:39.520232+00:00,SDG,buy,8500.0
2026-09-16T07:05:39.520232+00:00,SDG,sell,8523.0
2026-09-16T07:05:39.520232+00:00,SDG,sell,8306.03
2026-09-16T07:05:39.520232+00:00,SDG,sell,8300.87
2026-09-16T07:05:39.520232+00:00,SDG,sell,8299.89
2026-09-16T07:05:39.520232+00:00,SDG,sell,8280.55
2026-09-16T07:05:39.520232+00:00,SDG,sell,8280.08
2026-09-16T07:05:39.520232+00:00,SDG,sell,8280.0
2026-09-16T07:05:39.520232+00:00,SDG,sell,8280.0
2026-09-16T07:05:39.520232+00:00,SDG,sell,8250.0
2026-09-16T07:05:39.520232+00:00,SDG,sell,8226.0
2026-09-16T07:05:39.520232+00:00,SYP,buy,136.9
2026-09-16T07:05:39.520232+00:00,SYP,buy,137.0
2026-09-16T07:05:39.520232+00:00,SYP,buy,137.2
2026-09-16T07:05:39.520232+00:00,SYP,buy,137.3
2026-09-16T07:05:39.520232+00:00,SYP,sell,135.5
2026-09-16T07:05:39.520232+00:00,SYP,sell,135.5
2026-09-16T07:05:39.520232+00:00,SYP,sell,134.53
2026-09-16T07:05:39.520232+00:00,SYP,sell,134.5
2026-09-16T07:05:39.520232+00:00,SYP,sell,133.65
2026-09-16T07:05:39.520232+00:00,SYP,sell,133.62
2026-09-16T07:05:39.520232+00:00,SYP,sell,133.56
2026-09-16T07:05:39.520232+00:00,SYP,sell,133.0
2026-09-16T07:05:39.520232+00:00,SYP,sell,131.0
2026-09-16T07:05:39.520232+00:00,SYP,sell,130.6
2026-09-16T07:05:39.520232+00:00,TND,buy,3.23
2026-09-16T07:05:39.520232+00:00,TND,buy,3.23
2026-09-16T07:05:39.520232+00:00,TND,buy,3.24
2026-09-16T07:05:39.520232+00:00,TND,buy,3.25
2026-09-16T07:05:39.520232+00:00,TND,buy,3.27
2026-09-16T07:05:39.520232+00:00,TND,buy,3.29
2026-09-16T07:05:39.520232+00:00,TND,buy,3.35
2026-09-16T07:05:39.520232+00:00,TND,buy,3.35
2026-09-16T07:05:39.520232+00:00,TND,buy,3.35
2026-09-16T07:05:39.520232+00:00,TND,buy,3.4
2026-09-16T07:05:39.520232+00:00,TND,sell,3.17
2026-09-16T07:05:39.520232+00:00,TND,sell,3.15
2026-09-16T07:05:39.520232+00:00,TND,sell,3.15
2026-09-16T07:05:39.520232+00:00,TND,sell,3.15
2026-09-16T07:05:39.520232+00:00,TND,sell,3.14
2026-09-16T07:05:39.520232+00:00,TND,sell,3.14
2026-09-16T07:05:39.520232+00:00,TND,sell,3.13
2026-09-16T07:05:39.520232+00:00,TND,sell,3.12
2026-09-16T07:05:39.520232+00:00,TND,sell,3.11
2026-09-16T07:05:39.520232+00:00,TND,sell,3.1
2026-09-16T07:05:39.520232+00:00,TRY,buy,50.48
2026-09-16T07:05:39.520232+00:00,TRY,buy,50.57
2026-09-16T07:05:39.520232+00:00,TRY,buy,51.1
2026-09-16T07:05:39.520232+00:00,TRY,buy,51.48
2026-09-16T07:05:39.520232+00:00,TRY,buy,51.49
2026-09-16T07:05:39.520232+00:00,TRY,buy,51.6
2026-09-16T07:05:39.520232+00:00,TRY,buy,51.65
2026-09-16T07:05:39.520232+00:00,TRY,buy,51.65
2026-09-16T07:05:39.520232+00:00,TRY,buy,51.67
2026-09-16T07:05:39.520232+00:00,TRY,buy,51.75
2026-09-16T07:05:39.520232+00:00,TRY,sell,49.7
2026-09-16T07:05:39.520232+00:00,TRY,sell,49.4
2026-09-16T07:05:39.520232+00:00,TRY,sell,49.3
2026-09-16T07:05:39.520232+00:00,TRY,sell,49.02
2026-09-16T07:05:39.520232+00:00,TRY,sell,49.0
2026-09-16T07:05:39.520232+00:00,TRY,sell,49.0
2026-09-16T07:05:39.520232+00:00,TRY,sell,48.89
2026-09-16T07:05:39.520232+00:00,TRY,sell,48.8
2026-09-16T07:05:39.520232+00:00,TRY,sell,48.8
2026-09-16T07:05:39.520232+00:00,TRY,sell,48.8
2026-09-16T07:05:39.520232+00:00,TZS,buy,2643.0
2026-09-16T07:05:39.520232+00:00,TZS,buy,2645.0
2026-09-16T07:05:39.520232+00:00,TZS,buy,2649.58
2026-09-16T07:05:39.520232+00:00,TZS,buy,2649.6
2026-09-16T07:05:39.520232+00:00,TZS,buy,2653.0
2026-09-16T07:05:39.520232+00:00,TZS,buy,2653.51
2026-09-16T07:05:39.520232+00:00,TZS,buy,2656.0
2026-09-16T07:05:39.520232+00:00,TZS,buy,2656.0
2026-09-16T07:05:39.520232+00:00,TZS,buy,2658.99
2026-09-16T07:05:39.520232+00:00,TZS,buy,2659.99
2026-09-16T07:05:39.520232+00:00,TZS,sell,2646.0
2026-09-16T07:05:39.520232+00:00,TZS,sell,2646.0
2026-09-16T07:05:39.520232+00:00,TZS,sell,2642.24
2026-09-16T07:05:39.520232+00:00,TZS,sell,2642.24
2026-09-16T07:05:39.520232+00:00,TZS,sell,2642.23
2026-09-16T07:05:39.520232+00:00,TZS,sell,2642.11
2026-09-16T07:05:39.520232+00:00,TZS,sell,2642.09
2026-09-16T07:05:39.520232+00:00,TZS,sell,2642.0
2026-09-16T07:05:39.520232+00:00,TZS,sell,2641.5
2026-09-16T07:05:39.520232+00:00,TZS,sell,2641.0
2026-09-16T07:05:39.520232+00:00,UAH,buy,45.6
2026-09-16T07:05:39.520232+00:00,UAH,buy,45.7
2026-09-16T07:05:39.520232+00:00,UAH,buy,45.73
2026-09-16T07:05:39.520232+00:00,UAH,buy,45.73
2026-09-16T07:05:39.520232+00:00,UAH,buy,45.74
2026-09-16T07:05:39.520232+00:00,UAH,buy,45.75
2026-09-16T07:05:39.520232+00:00,UAH,buy,45.75
2026-09-16T07:05:39.520232+00:00,UAH,buy,45.78
2026-09-16T07:05:39.520232+00:00,UAH,buy,45.81
2026-09-16T07:05:39.520232+00:00,UAH,buy,45.84
2026-09-16T07:05:39.520232+00:00,UAH,sell,47.41
2026-09-16T07:05:39.520232+00:00,UAH,sell,47.41
2026-09-16T07:05:39.520232+00:00,UAH,sell,47.41
2026-09-16T07:05:39.520232+00:00,UAH,sell,47.4
2026-09-16T07:05:39.520232+00:00,UAH,sell,47.4
2026-09-16T07:05:39.520232+00:00,UAH,sell,47.12
2026-09-16T07:05:39.520232+00:00,UAH,sell,47.05
2026-09-16T07:05:39.520232+00:00,UAH,sell,47.0
2026-09-16T07:05:39.520232+00:00,UAH,sell,46.99
2026-09-16T07:05:39.520232+00:00,UAH,sell,46.99
2026-09-16T07:05:39.520232+00:00,UGX,buy,3890.0
2026-09-16T07:05:39.520232+00:00,UGX,buy,3895.0
2026-09-16T07:05:39.520232+00:00,UGX,buy,3896.9
2026-09-16T07:05:39.520232+00:00,UGX,buy,3897.0
2026-09-16T07:05:39.520232+00:00,UGX,buy,3897.0
2026-09-16T07:05:39.520232+00:00,UGX,buy,3897.0
2026-09-16T07:05:39.520232+00:00,UGX,buy,3897.0
2026-09-16T07:05:39.520232+00:00,UGX,buy,3898.0
2026-09-16T07:05:39.520232+00:00,UGX,buy,3898.0
2026-09-16T07:05:39.520232+00:00,UGX,buy,3903.8
2026-09-16T07:05:39.520232+00:00,UGX,sell,3910.01
2026-09-16T07:05:39.520232+00:00,UGX,sell,3910.0
2026-09-16T07:05:39.520232+00:00,UGX,sell,3905.1
2026-09-16T07:05:39.520232+00:00,UGX,sell,3905.0
2026-09-16T07:05:39.520232+00:00,UGX,sell,3904.65
2026-09-16T07:05:39.520232+00:00,UGX,sell,3904.65
2026-09-16T07:05:39.520232+00:00,UGX,sell,3904.62
2026-09-16T07:05:39.520232+00:00,UGX,sell,3902.82
2026-09-16T07:05:39.520232+00:00,UGX,sell,3902.61
2026-09-16T07:05:39.520232+00:00,UGX,sell,3902.37
2026-09-16T07:05:39.520232+00:00,VES,buy,958.0
2026-09-16T07:05:39.520232+00:00,VES,buy,958.499
2026-09-16T07:05:39.520232+00:00,VES,buy,958.5
2026-09-16T07:05:39.520232+00:00,VES,buy,958.999
2026-09-16T07:05:39.520232+00:00,VES,buy,959.0
2026-09-16T07:05:39.520232+00:00,VES,buy,959.95
2026-09-16T07:05:39.520232+00:00,VES,buy,959.999
2026-09-16T07:05:39.520232+00:00,VES,buy,960.0
2026-09-16T07:05:39.520232+00:00,VES,buy,960.888
2026-09-16T07:05:39.520232+00:00,VES,buy,961.299
2026-09-16T07:05:39.520232+00:00,VES,sell,953.8
2026-09-16T07:05:39.520232+00:00,VES,sell,953.777
2026-09-16T07:05:39.520232+00:00,VES,sell,953.1
2026-09-16T07:05:39.520232+00:00,VES,sell,953.02
2026-09-16T07:05:39.520232+00:00,VES,sell,953.0
2026-09-16T07:05:39.520232+00:00,VES,sell,953.0
2026-09-16T07:05:39.520232+00:00,VES,sell,952.72
2026-09-16T07:05:39.520232+00:00,VES,sell,952.502
2026-09-16T07:05:39.520232+00:00,VES,sell,952.5
2026-09-16T07:05:39.520232+00:00,VES,sell,952.203
2026-09-16T07:05:39.520232+00:00,VND,buy,25751.0
2026-09-16T07:05:39.520232+00:00,VND,buy,25770.0
2026-09-16T07:05:39.520232+00:00,VND,buy,25772.0
2026-09-16T07:05:39.520232+00:00,VND,buy,25772.0
2026-09-16T07:05:39.520232+00:00,VND,buy,25772.0
2026-09-16T07:05:39.520232+00:00,VND,buy,25773.0
2026-09-16T07:05:39.520232+00:00,VND,buy,25773.0
2026-09-16T07:05:39.520232+00:00,VND,buy,25774.0
2026-09-16T07:05:39.520232+00:00,VND,buy,25774.0
2026-09-16T07:05:39.520232+00:00,VND,buy,25774.0
2026-09-16T07:05:39.520232+00:00,VND,sell,25760.0
2026-09-16T07:05:39.520232+00:00,VND,sell,25752.0
2026-09-16T07:05:39.520232+00:00,VND,sell,25752.0
2026-09-16T07:05:39.520232+00:00,VND,sell,25750.0
2026-09-16T07:05:39.520232+00:00,VND,sell,25749.0
2026-09-16T07:05:39.520232+00:00,VND,sell,25749.0
2026-09-16T07:05:39.520232+00:00,VND,sell,25747.0
2026-09-16T07:05:39.520232+00:00,VND,sell,25747.0
2026-09-16T07:05:39.520232+00:00,VND,sell,25747.0
2026-09-16T07:05:39.520232+00:00,VND,sell,25746.0
2026-09-16T07:05:39.520232+00:00,XAF,buy,606.6
2026-09-16T07:05:39.520232+00:00,XAF,buy,606.65
2026-09-16T07:05:39.520232+00:00,XAF,buy,606.7
2026-09-16T07:05:39.520232+00:00,XAF,buy,606.85
2026-09-16T07:05:39.520232+00:00,XAF,buy,606.94
2026-09-16T07:05:39.520232+00:00,XAF,buy,606.95
2026-09-16T07:05:39.520232+00:00,XAF,buy,606.99
2026-09-16T07:05:39.520232+00:00,XAF,buy,607.0
2026-09-16T07:05:39.520232+00:00,XAF,buy,607.0
2026-09-16T07:05:39.520232+00:00,XAF,buy,607.0
2026-09-16T07:05:39.520232+00:00,XAF,sell,609.0
2026-09-16T07:05:39.520232+00:00,XAF,sell,607.7
2026-09-16T07:05:39.520232+00:00,XAF,sell,607.61
2026-09-16T07:05:39.520232+00:00,XAF,sell,607.6
2026-09-16T07:05:39.520232+00:00,XAF,sell,607.59
2026-09-16T07:05:39.520232+00:00,XAF,sell,607.18
2026-09-16T07:05:39.520232+00:00,XAF,sell,607.15
2026-09-16T07:05:39.520232+00:00,XAF,sell,607.15
2026-09-16T07:05:39.520232+00:00,XAF,sell,607.13
2026-09-16T07:05:39.520232+00:00,XAF,sell,607.12
2026-09-16T07:05:39.520232+00:00,XOF,buy,584.89
2026-09-16T07:05:39.520232+00:00,XOF,buy,584.95
2026-09-16T07:05:39.520232+00:00,XOF,buy,584.99
2026-09-16T07:05:39.520232+00:00,XOF,buy,585.0
2026-09-16T07:05:39.520232+00:00,XOF,buy,585.5
2026-09-16T07:05:39.520232+00:00,XOF,buy,586.0
2026-09-16T07:05:39.520232+00:00,XOF,buy,586.89
2026-09-16T07:05:39.520232+00:00,XOF,buy,587.3
2026-09-16T07:05:39.520232+00:00,XOF,buy,587.5
2026-09-16T07:05:39.520232+00:00,XOF,buy,587.8
2026-09-16T07:05:39.520232+00:00,XOF,sell,602.3
2026-09-16T07:05:39.520232+00:00,XOF,sell,602.2
2026-09-16T07:05:39.520232+00:00,XOF,sell,596.4
2026-09-16T07:05:39.520232+00:00,XOF,sell,596.36
2026-09-16T07:05:39.520232+00:00,XOF,sell,594.42
2026-09-16T07:05:39.520232+00:00,XOF,sell,594.41
2026-09-16T07:05:39.520232+00:00,XOF,sell,594.41
2026-09-16T07:05:39.520232+00:00,XOF,sell,594.17
2026-09-16T07:05:39.520232+00:00,XOF,sell,594.16
2026-09-16T07:05:39.520232+00:00,XOF,sell,594.11
2026-09-16T07:05:39.520232+00:00,ZAR,buy,16.68
2026-09-16T07:05:39.520232+00:00,ZAR,buy,16.72
2026-09-16T07:05:39.520232+00:00,ZAR,buy,16.73
2026-09-16T07:05:39.520232+00:00,ZAR,buy,16.83
2026-09-16T07:05:39.520232+00:00,ZAR,buy,16.86
2026-09-16T07:05:39.520232+00:00,ZAR,buy,16.95
2026-09-16T07:05:39.520232+00:00,ZAR,buy,17.07
2026-09-16T07:05:39.520232+00:00,ZAR,buy,17.1
2026-09-16T07:05:39.520232+00:00,ZAR,buy,17.24
2026-09-16T07:05:39.520232+00:00,ZAR,buy,17.25
2026-09-16T07:05:39.520232+00:00,ZAR,sell,16.59
2026-09-16T07:05:39.520232+00:00,ZAR,sell,16.52
2026-09-16T07:05:39.520232+00:00,ZAR,sell,16.51
2026-09-16T07:05:39.520232+00:00,ZAR,sell,16.51
2026-09-16T07:05:39.520232+00:00,ZAR,sell,16.5
2026-09-16T07:05:39.520232+00:00,ZAR,sell,16.33
2026-09-16T07:05:39.520232+00:00,ZAR,sell,16.29
2026-09-16T07:05:39.520232+00:00,ZAR,sell,16.28
2026-09-16T07:05:39.520232+00:00,ZAR,sell,16.27
2026-09-16T07:05:39.520232+00:00,ZAR,sell,16.26
2026-09-16T07:05:39.520232+00:00,ZMW,buy,19.92
2026-09-16T07:05:39.520232+00:00,ZMW,buy,19.92
2026-09-16T07:05:39.520232+00:00,ZMW,buy,19.93
2026-09-16T07:05:39.520232+00:00,ZMW,buy,19.96
2026-09-16T07:05:39.520232+00:00,ZMW,buy,19.98
2026-09-16T07:05:39.520232+00:00,ZMW,buy,19.98
2026-09-16T07:05:39.520232+00:00,ZMW,buy,19.99
2026-09-16T07:05:39.520232+00:00,ZMW,buy,20.0
2026-09-16T07:05:39.520232+00:00,ZMW,buy,20.0
2026-09-16T07:05:39.520232+00:00,ZMW,buy,20.03
2026-09-16T07:05:39.520232+00:00,ZMW,sell,19.96
2026-09-16T07:05:39.520232+00:00,ZMW,sell,19.95
2026-09-16T07:05:39.520232+00:00,ZMW,sell,19.94
2026-09-16T07:05:39.520232+00:00,ZMW,sell,19.94
2026-09-16T07:05:39.520232+00:00,ZMW,sell,19.94
2026-09-16T07:05:39.520232+00:00,ZMW,sell,19.93
2026-09-16T07:05:39.520232+00:00,ZMW,sell,19.92
2026-09-16T07:05:39.520232+00:00,ZMW,sell,19.8
2026-09-16T07:05:39.520232+00:00,ZMW,sell,19.8
2026-09-16T07:05:39.520232+00:00,ZMW,sell,19.79
