ts_utc,corridor,size,provider,old_cost_pct,new_cost_pct,move_pct,n_agree,n_panel,old_day,prev_day_cost_pct,kind
2026-08-12T00:00:00+00:00,SGD->PHP,200,PayPal,8.1177,8.056,-0.0617,3,4,2026-08-11,7.4168,change
2026-08-12T00:00:00+00:00,SGD->PHP,1000,OFX,5.3193,5.1822,-0.1372,4,5,2026-08-11,4.6104,change
2026-08-12T00:00:00+00:00,SGD->PHP,5000,OFX,4.1555,4.0271,-0.1284,4,5,2026-08-11,3.4483,change
2026-08-12T00:00:00+00:00,SGD->PHP,25000,OFX,3.1385,3.0157,-0.1228,4,5,2026-08-11,2.4311,change
2026-08-12T00:00:00+00:00,SGD->PHP,50000,OFX,3.1391,3.0157,-0.1234,3,4,2026-08-11,2.4311,change
2026-08-13T00:00:00+00:00,SGD->PHP,200,HSBC Singapore,1.4689,1.5401,0.0712,3,4,2026-08-12,1.6696,change
2026-08-13T00:00:00+00:00,SGD->PHP,200,PayPal,7.919,7.3721,-0.5469,3,4,2026-08-12,8.056,change
2026-08-13T00:00:00+00:00,SGD->PHP,1000,OFX,4.9756,5.1243,0.1487,4,5,2026-08-12,5.1822,change
2026-08-13T00:00:00+00:00,SGD->PHP,1000,PayPal,5.5007,4.9272,-0.5735,4,5,2026-08-12,5.6295,change
2026-08-13T00:00:00+00:00,SGD->PHP,5000,OFX,3.8204,3.9685,0.1481,4,5,2026-08-12,4.0271,change
2026-08-13T00:00:00+00:00,SGD->PHP,5000,PayPal,5.0152,4.4381,-0.5771,4,5,2026-08-12,5.1442,change
2026-08-13T00:00:00+00:00,SGD->PHP,25000,OFX,2.8089,2.9566,0.1477,4,5,2026-08-12,3.0157,change
2026-08-13T00:00:00+00:00,SGD->PHP,25000,PayPal,4.9181,4.3402,-0.5779,4,5,2026-08-12,5.0472,change
2026-08-13T00:00:00+00:00,SGD->PHP,50000,OFX,2.828,2.9566,0.1287,3,4,2026-08-12,3.0157,change
2026-08-13T00:00:00+00:00,SGD->PHP,50000,Wise,0.3315,0.2605,-0.071,3,4,2026-08-12,0.4571,change
2026-08-14T00:00:00+00:00,SGD->PHP,200,HSBC Singapore,1.4202,1.2167,-0.2034,3,4,2026-08-13,1.5401,change
2026-08-14T00:00:00+00:00,SGD->PHP,200,PayPal,7.2368,7.5178,0.281,3,4,2026-08-13,7.3721,change
2026-08-14T00:00:00+00:00,SGD->PHP,1000,HSBC Singapore,1.4605,1.2167,-0.2438,4,5,2026-08-13,1.5401,change
2026-08-14T00:00:00+00:00,SGD->PHP,1000,PayPal,4.8046,5.0787,0.2741,4,5,2026-08-13,4.9272,change
2026-08-14T00:00:00+00:00,SGD->PHP,5000,HSBC Singapore,1.4597,1.2167,-0.243,4,5,2026-08-13,1.5401,change
2026-08-14T00:00:00+00:00,SGD->PHP,5000,PayPal,4.3157,4.5909,0.2751,4,5,2026-08-13,4.4381,change
2026-08-14T00:00:00+00:00,SGD->PHP,25000,HSBC Singapore,1.4592,1.2167,-0.2425,4,5,2026-08-13,1.5401,change
2026-08-14T00:00:00+00:00,SGD->PHP,25000,PayPal,4.218,4.4934,0.2754,4,5,2026-08-13,4.3402,change
2026-08-14T00:00:00+00:00,SGD->PHP,50000,HSBC Singapore,1.4194,1.2167,-0.2027,3,4,2026-08-13,1.5401,change
2026-08-14T00:00:00+00:00,SGD->PHP,50000,OFX,2.8168,2.895,0.0781,3,4,2026-08-13,2.9566,change
2026-08-15T00:00:00+00:00,SGD->PHP,200,Instarem,0.6843,0.818,0.1337,3,4,2026-08-14,0.4683,weekend_up
2026-08-15T00:00:00+00:00,SGD->PHP,200,PayPal,7.7801,7.5569,-0.2232,3,4,2026-08-14,7.5178,change
2026-08-15T00:00:00+00:00,SGD->PHP,1000,OFX,5.3246,5.576,0.2514,4,5,2026-08-14,5.064,weekend_up
2026-08-15T00:00:00+00:00,SGD->PHP,1000,PayPal,5.3768,5.1189,-0.2579,4,5,2026-08-14,5.0787,change
2026-08-15T00:00:00+00:00,SGD->PHP,5000,OFX,4.1675,4.4256,0.2581,4,5,2026-08-14,3.9074,weekend_up
2026-08-15T00:00:00+00:00,SGD->PHP,5000,PayPal,4.8897,4.6312,-0.2585,4,5,2026-08-14,4.5909,change
2026-08-15T00:00:00+00:00,SGD->PHP,25000,OFX,3.1546,3.4188,0.2642,4,5,2026-08-14,2.895,weekend_up
2026-08-15T00:00:00+00:00,SGD->PHP,25000,PayPal,4.7922,4.5337,-0.2585,4,5,2026-08-14,4.4934,change
2026-08-15T00:00:00+00:00,SGD->PHP,50000,HSBC Singapore,1.577,1.4426,-0.1344,3,4,2026-08-14,1.2167,change
2026-08-15T00:00:00+00:00,SGD->PHP,50000,OFX,3.1667,3.4188,0.2521,3,4,2026-08-14,2.895,weekend_up
2026-08-17T00:00:00+00:00,SGD->PHP,200,Instarem,0.598,0.5222,-0.0759,3,4,2026-08-16,0.7837,weekend_back
2026-08-17T00:00:00+00:00,SGD->PHP,200,PayPal,7.3308,7.5831,0.2523,3,4,2026-08-16,7.5249,change
2026-08-17T00:00:00+00:00,SGD->PHP,1000,OFX,5.3368,5.1109,-0.2258,4,5,2026-08-16,5.5433,weekend_back
2026-08-17T00:00:00+00:00,SGD->PHP,1000,PayPal,4.8572,5.1513,0.2941,4,5,2026-08-16,5.086,change
2026-08-17T00:00:00+00:00,SGD->PHP,5000,OFX,4.186,3.955,-0.231,4,5,2026-08-16,4.3926,weekend_back
2026-08-17T00:00:00+00:00,SGD->PHP,5000,PayPal,4.3697,4.6651,0.2954,4,5,2026-08-16,4.5982,change
2026-08-17T00:00:00+00:00,SGD->PHP,25000,OFX,3.1786,2.943,-0.2355,4,5,2026-08-16,3.3853,weekend_back
2026-08-17T00:00:00+00:00,SGD->PHP,25000,PayPal,4.2724,4.5678,0.2955,4,5,2026-08-16,4.5007,change
2026-08-17T00:00:00+00:00,SGD->PHP,50000,OFX,3.1735,2.943,-0.2305,3,4,2026-08-16,3.3853,weekend_back
2026-08-18T00:00:00+00:00,SGD->PHP,200,PayPal,7.4778,7.6692,0.1914,3,4,2026-08-17,7.5831,change
2026-08-18T00:00:00+00:00,SGD->PHP,1000,OFX,5.1392,4.9332,-0.206,4,5,2026-08-17,5.1109,change
2026-08-18T00:00:00+00:00,SGD->PHP,1000,PayPal,5.0343,5.2361,0.2019,4,5,2026-08-17,5.1513,change
2026-08-18T00:00:00+00:00,SGD->PHP,5000,OFX,3.9841,3.7751,-0.209,4,5,2026-08-17,3.955,change
2026-08-18T00:00:00+00:00,SGD->PHP,5000,PayPal,4.5475,4.7495,0.2021,4,5,2026-08-17,4.6651,change
2026-08-18T00:00:00+00:00,SGD->PHP,25000,OFX,2.9745,2.7612,-0.2133,4,5,2026-08-17,2.943,change
2026-08-18T00:00:00+00:00,SGD->PHP,25000,PayPal,4.4499,4.6521,0.2022,4,5,2026-08-17,4.5678,change
2026-08-18T00:00:00+00:00,SGD->PHP,50000,OFX,2.9624,2.7612,-0.2012,3,4,2026-08-17,2.943,change
2026-08-19T00:00:00+00:00,SGD->PHP,200,PayPal,7.8012,7.706,-0.0952,3,4,2026-08-18,7.6692,change
2026-08-19T00:00:00+00:00,SGD->PHP,1000,OFX,4.9167,4.8751,-0.0416,4,5,2026-08-18,4.9332,change
2026-08-20T00:00:00+00:00,SGD->PHP,200,PayPal,7.947,7.7025,-0.2445,3,4,2026-08-19,7.706,change
2026-08-20T00:00:00+00:00,SGD->PHP,1000,OFX,5.1662,5.2515,0.0852,4,5,2026-08-19,4.8751,change
2026-08-20T00:00:00+00:00,SGD->PHP,1000,PayPal,5.5447,5.2831,-0.2617,4,5,2026-08-19,5.2761,change
2026-08-20T00:00:00+00:00,SGD->PHP,5000,OFX,4.0066,4.0972,0.0905,4,5,2026-08-19,3.7162,change
2026-08-20T00:00:00+00:00,SGD->PHP,5000,PayPal,5.0598,4.7992,-0.2606,4,5,2026-08-19,4.7901,change
2026-08-20T00:00:00+00:00,SGD->PHP,25000,OFX,2.9932,3.0868,0.0935,4,5,2026-08-19,2.7017,change
2026-08-20T00:00:00+00:00,SGD->PHP,25000,PayPal,4.9628,4.7024,-0.2604,4,5,2026-08-19,4.693,change
2026-08-20T00:00:00+00:00,SGD->PHP,50000,OFX,2.9961,3.0868,0.0906,3,4,2026-08-19,2.7017,change
2026-08-20T00:00:00+00:00,USD->MXN,200,PayPal,6.3759,6.6052,0.2292,6,7,2026-08-19,6.659,change
2026-08-20T00:00:00+00:00,USD->MXN,1000,PayPal,4.4681,4.6932,0.2252,6,7,2026-08-19,4.7483,change
2026-08-20T00:00:00+00:00,USD->MXN,5000,PayPal,4.0863,4.3109,0.2245,6,7,2026-08-19,4.3661,change
2026-08-20T00:00:00+00:00,USD->MXN,5000,Wise,0.7286,0.6954,-0.0332,6,7,2026-08-19,1.1956,change
2026-08-20T00:00:00+00:00,USD->MXN,25000,Wise,0.6157,0.582,-0.0337,4,5,2026-08-19,1.0827,change
2026-08-20T00:00:00+00:00,USD->MXN,50000,Wise,0.5546,0.5186,-0.0361,3,4,2026-08-19,1.0195,change
2026-08-21T00:00:00+00:00,SGD->PHP,1000,OFX,4.9909,5.1344,0.1435,4,5,2026-08-20,5.2515,change
2026-08-21T00:00:00+00:00,SGD->PHP,5000,OFX,3.8381,3.9787,0.1406,4,5,2026-08-20,4.0972,change
2026-08-21T00:00:00+00:00,SGD->PHP,25000,OFX,2.8274,2.967,0.1396,4,5,2026-08-20,3.0868,change
2026-08-21T00:00:00+00:00,SGD->PHP,50000,OFX,2.8185,2.967,0.1485,3,4,2026-08-20,3.0868,change
2026-08-21T00:00:00+00:00,USD->MXN,200,PayPal,6.7862,6.5668,-0.2195,6,7,2026-08-20,6.6052,change
2026-08-21T00:00:00+00:00,USD->MXN,1000,PayPal,4.8738,4.6541,-0.2197,6,7,2026-08-20,4.6932,change
2026-08-21T00:00:00+00:00,USD->MXN,5000,PayPal,4.4914,4.2716,-0.2198,6,7,2026-08-20,4.3109,change
2026-08-22T00:00:00+00:00,SGD->PHP,200,Instarem,0.7815,0.8737,0.0922,3,4,2026-08-21,0.5934,weekend_up
2026-08-22T00:00:00+00:00,SGD->PHP,200,PayPal,7.6777,7.5019,-0.1758,3,4,2026-08-21,7.4579,change
2026-08-22T00:00:00+00:00,SGD->PHP,1000,OFX,5.3473,5.6301,0.2828,4,5,2026-08-21,5.1344,weekend_up
2026-08-22T00:00:00+00:00,SGD->PHP,1000,PayPal,5.2973,5.0811,-0.2161,4,5,2026-08-21,5.0349,change
2026-08-22T00:00:00+00:00,SGD->PHP,5000,OFX,4.1919,4.4804,0.2886,4,5,2026-08-21,3.9787,weekend_up
2026-08-22T00:00:00+00:00,SGD->PHP,5000,PayPal,4.8133,4.5969,-0.2164,4,5,2026-08-21,4.5504,change
2026-08-22T00:00:00+00:00,SGD->PHP,25000,OFX,3.1803,3.4741,0.2939,4,5,2026-08-21,2.967,weekend_up
2026-08-22T00:00:00+00:00,SGD->PHP,25000,PayPal,4.7165,4.5001,-0.2164,4,5,2026-08-21,4.4535,change
2026-08-22T00:00:00+00:00,SGD->PHP,50000,OFX,3.1869,3.4741,0.2872,3,4,2026-08-21,2.967,weekend_up
2026-08-22T00:00:00+00:00,USD->MXN,200,OFX,4.7233,5.5652,0.8418,6,7,2026-08-21,4.9305,weekend_up
2026-08-22T00:00:00+00:00,USD->MXN,1000,OFX,2.7639,3.6282,0.8643,6,7,2026-08-21,2.9802,weekend_up
2026-08-22T00:00:00+00:00,USD->MXN,5000,OFX,1.3365,2.2026,0.8661,6,7,2026-08-21,1.545,weekend_up
2026-08-22T00:00:00+00:00,USD->MXN,25000,OFX,1.3349,2.2026,0.8677,4,5,2026-08-21,1.545,weekend_up
2026-08-22T00:00:00+00:00,USD->MXN,50000,OFX,1.3305,2.2026,0.8721,3,4,2026-08-21,1.545,weekend_up
2026-08-24T00:00:00+00:00,SGD->PHP,200,Instarem,0.8681,0.7577,-0.1104,3,4,2026-08-23,0.8423,weekend_back
2026-08-24T00:00:00+00:00,SGD->PHP,1000,OFX,5.6189,5.1885,-0.4303,4,5,2026-08-23,5.6002,weekend_back
2026-08-24T00:00:00+00:00,SGD->PHP,5000,OFX,4.4688,4.0335,-0.4353,4,5,2026-08-23,4.4502,weekend_back
2026-08-24T00:00:00+00:00,SGD->PHP,25000,OFX,3.4619,3.0222,-0.4397,4,5,2026-08-23,3.4435,weekend_back
2026-08-24T00:00:00+00:00,SGD->PHP,50000,OFX,3.4797,3.0222,-0.4575,3,4,2026-08-23,3.4435,weekend_back
2026-08-24T00:00:00+00:00,USD->MXN,200,OFX,5.4434,4.5759,-0.8675,6,7,2026-08-23,5.5379,weekend_back
2026-08-24T00:00:00+00:00,USD->MXN,200,PayPal,6.5229,6.5926,0.0697,6,7,2026-08-23,6.5918,change
2026-08-24T00:00:00+00:00,USD->MXN,1000,OFX,3.5148,2.6296,-0.8852,6,7,2026-08-23,3.6003,weekend_back
2026-08-24T00:00:00+00:00,USD->MXN,1000,PayPal,4.6018,4.6805,0.0787,6,7,2026-08-23,4.6797,change
2026-08-24T00:00:00+00:00,USD->MXN,5000,OFX,2.0801,1.1782,-0.9019,6,7,2026-08-23,2.1743,weekend_back
2026-08-24T00:00:00+00:00,USD->MXN,5000,PayPal,4.2265,4.2981,0.0715,6,7,2026-08-23,4.2972,change
2026-08-24T00:00:00+00:00,USD->MXN,25000,OFX,2.0801,1.1782,-0.9019,4,5,2026-08-23,2.1743,weekend_back
2026-08-24T00:00:00+00:00,USD->MXN,50000,OFX,2.0761,1.1782,-0.8979,3,4,2026-08-23,2.1743,weekend_back
2026-08-25T00:00:00+00:00,SGD->PHP,200,HSBC Singapore,1.454,1.4921,0.0381,3,4,2026-08-24,1.427,change
2026-08-25T00:00:00+00:00,SGD->PHP,200,PayPal,7.4852,7.3083,-0.1769,3,4,2026-08-24,7.4602,change
2026-08-25T00:00:00+00:00,SGD->PHP,1000,PayPal,5.0667,4.881,-0.1857,4,5,2026-08-24,5.037,change
2026-08-25T00:00:00+00:00,SGD->PHP,5000,HSBC Singapore,1.4425,1.4921,0.0496,4,5,2026-08-24,1.427,change
2026-08-25T00:00:00+00:00,SGD->PHP,5000,PayPal,4.5824,4.3955,-0.1869,4,5,2026-08-24,4.5524,change
2026-08-25T00:00:00+00:00,SGD->PHP,25000,HSBC Singapore,1.4419,1.4921,0.0502,4,5,2026-08-24,1.427,change
2026-08-25T00:00:00+00:00,SGD->PHP,25000,PayPal,4.4858,4.2984,-0.1874,4,5,2026-08-24,4.4555,change
2026-08-25T00:00:00+00:00,SGD->PHP,50000,HSBC Singapore,1.4539,1.4921,0.0382,3,4,2026-08-24,1.427,change
2026-08-25T00:00:00+00:00,USD->MXN,200,PayPal,6.6824,6.9014,0.219,6,7,2026-08-24,6.5926,change
2026-08-25T00:00:00+00:00,USD->MXN,1000,PayPal,4.7709,4.9956,0.2247,6,7,2026-08-24,4.6805,change
2026-08-25T00:00:00+00:00,USD->MXN,5000,PayPal,4.3887,4.6145,0.2257,6,7,2026-08-24,4.2981,change
2026-08-26T00:00:00+00:00,SGD->PHP,200,HSBC Singapore,1.6139,1.8884,0.2745,3,4,2026-08-25,1.4921,change
2026-08-26T00:00:00+00:00,SGD->PHP,1000,HSBC Singapore,1.6541,1.8884,0.2343,4,5,2026-08-25,1.4921,change
2026-08-26T00:00:00+00:00,SGD->PHP,5000,HSBC Singapore,1.6551,1.8884,0.2333,4,5,2026-08-25,1.4921,change
2026-08-26T00:00:00+00:00,SGD->PHP,25000,HSBC Singapore,1.6553,1.8884,0.2331,4,5,2026-08-25,1.4921,change
2026-08-26T00:00:00+00:00,SGD->PHP,50000,HSBC Singapore,1.6142,1.8884,0.2742,3,4,2026-08-25,1.4921,change
2026-08-26T00:00:00+00:00,USD->MXN,200,Chase (US),5.4204,5.4587,0.0383,6,7,2026-08-25,5.4524,change
2026-08-26T00:00:00+00:00,USD->MXN,200,PayPal,6.9098,6.6533,-0.2565,6,7,2026-08-25,6.9014,change
2026-08-26T00:00:00+00:00,USD->MXN,1000,Chase (US),3.4803,3.5193,0.039,6,7,2026-08-25,3.513,change
2026-08-26T00:00:00+00:00,USD->MXN,1000,PayPal,5.0055,4.7426,-0.2629,6,7,2026-08-25,4.9956,change
2026-08-26T00:00:00+00:00,USD->MXN,5000,Chase (US),2.4797,2.5329,0.0532,6,7,2026-08-25,2.5128,change
2026-08-26T00:00:00+00:00,USD->MXN,5000,PayPal,4.6231,4.3604,-0.2627,6,7,2026-08-25,4.6145,change
2026-08-26T00:00:00+00:00,USD->MXN,25000,Chase (US),2.4825,2.5329,0.0503,4,5,2026-08-25,2.5128,change
2026-08-26T00:00:00+00:00,USD->MXN,50000,Chase (US),1.2435,1.2938,0.0503,3,4,2026-08-25,1.2734,change
2026-09-02T00:00:00+00:00,SGD->PHP,200,HSBC Singapore,1.276,1.3281,0.0521,3,4,2026-09-01,1.5322,change
2026-09-02T00:00:00+00:00,SGD->PHP,1000,OFX,5.219,4.9337,-0.2853,4,5,2026-09-01,5.4148,change
2026-09-02T00:00:00+00:00,SGD->PHP,5000,HSBC Singapore,1.2627,1.328,0.0653,4,5,2026-09-01,1.5323,change
2026-09-02T00:00:00+00:00,SGD->PHP,5000,OFX,4.0667,3.7756,-0.2911,4,5,2026-09-01,4.2625,change
2026-09-02T00:00:00+00:00,SGD->PHP,25000,HSBC Singapore,1.2626,1.328,0.0655,4,5,2026-09-01,1.5323,change
2026-09-02T00:00:00+00:00,SGD->PHP,25000,OFX,3.0589,2.7618,-0.2971,4,5,2026-09-01,3.2537,change
2026-09-02T00:00:00+00:00,SGD->PHP,50000,HSBC Singapore,1.2758,1.328,0.0522,3,4,2026-09-01,1.5322,change
2026-09-02T00:00:00+00:00,SGD->PHP,50000,OFX,3.0624,2.7618,-0.3006,3,4,2026-09-01,3.2537,change
2026-09-02T00:00:00+00:00,USD->MXN,200,PayPal,6.5342,6.6871,0.1529,6,7,2026-09-01,6.5937,change
2026-09-02T00:00:00+00:00,USD->MXN,200,WorldRemit,3.3906,3.2727,-0.1179,6,7,2026-09-01,3.408,change
2026-09-02T00:00:00+00:00,USD->MXN,1000,PayPal,4.6204,4.7768,0.1564,6,7,2026-09-01,4.6816,change
2026-09-02T00:00:00+00:00,USD->MXN,1000,WorldRemit,2.6153,2.4949,-0.1204,6,7,2026-09-01,2.6314,change
2026-09-02T00:00:00+00:00,USD->MXN,5000,PayPal,4.2371,4.3948,0.1577,6,7,2026-09-01,4.3003,change
2026-09-02T00:00:00+00:00,USD->MXN,5000,WorldRemit,2.4729,2.3394,-0.1336,6,7,2026-09-01,2.4761,change
2026-09-03T00:00:00+00:00,SGD->PHP,200,PayPal,7.5065,7.5767,0.0702,3,4,2026-09-02,7.5253,change
2026-09-03T00:00:00+00:00,SGD->PHP,1000,OFX,4.8558,5.1021,0.2463,4,5,2026-09-02,4.9337,change
2026-09-03T00:00:00+00:00,SGD->PHP,5000,OFX,3.6975,3.946,0.2484,4,5,2026-09-02,3.7756,change
2026-09-03T00:00:00+00:00,SGD->PHP,25000,OFX,2.6862,2.9339,0.2477,4,5,2026-09-02,2.7618,change
2026-09-03T00:00:00+00:00,SGD->PHP,50000,OFX,2.6761,2.9339,0.2578,3,4,2026-09-02,2.7618,change
2026-09-03T00:00:00+00:00,USD->MXN,200,PayPal,6.7802,6.7202,-0.06,6,7,2026-09-02,6.6871,change
2026-09-03T00:00:00+00:00,USD->MXN,1000,PayPal,4.8719,4.8108,-0.0611,6,7,2026-09-02,4.7768,change
2026-09-03T00:00:00+00:00,USD->MXN,5000,PayPal,4.4902,4.4288,-0.0614,6,7,2026-09-02,4.3948,change
2026-09-04T00:00:00+00:00,SGD->PHP,200,PayPal,7.5875,7.6661,0.0787,3,4,2026-09-03,7.5767,change
2026-09-04T00:00:00+00:00,SGD->PHP,1000,OFX,5.1843,5.3159,0.1316,4,5,2026-09-03,5.1021,change
2026-09-04T00:00:00+00:00,SGD->PHP,5000,OFX,4.0282,4.1623,0.1342,4,5,2026-09-03,3.946,change
2026-09-04T00:00:00+00:00,SGD->PHP,25000,OFX,3.0157,3.1526,0.1369,4,5,2026-09-03,2.9339,change
2026-09-04T00:00:00+00:00,SGD->PHP,50000,OFX,3.0115,3.1526,0.1411,3,4,2026-09-03,2.9339,change
2026-09-04T00:00:00+00:00,USD->MXN,200,PayPal,6.9012,6.6581,-0.2431,6,7,2026-09-03,6.7202,change
2026-09-04T00:00:00+00:00,USD->MXN,1000,PayPal,4.9897,4.7459,-0.2438,6,7,2026-09-03,4.8108,change
2026-09-04T00:00:00+00:00,USD->MXN,5000,PayPal,4.614,4.3652,-0.2489,6,7,2026-09-03,4.4288,change
2026-09-05T00:00:00+00:00,SGD->PHP,200,Instarem,0.8077,0.8823,0.0746,3,4,2026-09-04,0.5582,weekend_up
2026-09-05T00:00:00+00:00,SGD->PHP,1000,Instarem,0.7589,0.8324,0.0734,4,5,2026-09-04,0.5082,weekend_up
2026-09-05T00:00:00+00:00,SGD->PHP,1000,OFX,5.5533,5.3855,-0.1678,4,5,2026-09-04,5.3159,change
2026-09-05T00:00:00+00:00,SGD->PHP,5000,Instarem,0.6088,0.6828,0.074,4,5,2026-09-04,0.3581,weekend_up
2026-09-05T00:00:00+00:00,SGD->PHP,5000,OFX,4.4007,4.2329,-0.1678,4,5,2026-09-04,4.1623,change
2026-09-05T00:00:00+00:00,SGD->PHP,25000,Instarem,0.6088,0.6828,0.074,4,5,2026-09-04,0.3581,weekend_up
2026-09-05T00:00:00+00:00,SGD->PHP,25000,OFX,3.3916,3.2238,-0.1678,4,5,2026-09-04,3.1526,change
2026-09-05T00:00:00+00:00,SGD->PHP,50000,Instarem,0.6075,0.6828,0.0753,3,4,2026-09-04,0.3581,weekend_up
2026-09-05T00:00:00+00:00,SGD->PHP,50000,OFX,3.382,3.2238,-0.1582,3,4,2026-09-04,3.1526,change
2026-09-05T00:00:00+00:00,USD->MXN,200,Instarem,0.858,0.7726,-0.0854,6,7,2026-09-04,1.0226,change
2026-09-05T00:00:00+00:00,USD->MXN,200,OFX,4.7747,5.5854,0.8107,6,7,2026-09-04,4.9732,weekend_up
2026-09-05T00:00:00+00:00,USD->MXN,1000,OFX,2.8249,3.6487,0.8237,6,7,2026-09-04,3.0239,weekend_up
2026-09-05T00:00:00+00:00,USD->MXN,5000,OFX,1.3885,2.2234,0.8349,6,7,2026-09-04,1.5895,weekend_up
2026-09-05T00:00:00+00:00,USD->MXN,25000,OFX,1.3771,2.2234,0.8463,4,5,2026-09-04,1.5895,weekend_up
2026-09-05T00:00:00+00:00,USD->MXN,50000,OFX,1.3534,2.2234,0.87,3,4,2026-09-04,1.5895,weekend_up
2026-09-07T00:00:00+00:00,SGD->PHP,200,Instarem,0.8599,0.7973,-0.0626,3,4,2026-09-06,0.8547,weekend_back
2026-09-07T00:00:00+00:00,SGD->PHP,200,PayPal,7.8757,7.9474,0.0718,3,4,2026-09-06,7.8872,change
2026-09-07T00:00:00+00:00,SGD->PHP,1000,OFX,5.3752,5.2444,-0.1308,4,5,2026-09-06,5.3592,change
2026-09-07T00:00:00+00:00,SGD->PHP,1000,PayPal,5.4505,5.5453,0.0948,4,5,2026-09-06,5.4819,change
2026-09-07T00:00:00+00:00,SGD->PHP,5000,OFX,4.2229,4.09,-0.1329,4,5,2026-09-06,4.2062,change
2026-09-07T00:00:00+00:00,SGD->PHP,5000,PayPal,4.9695,5.0648,0.0953,4,5,2026-09-06,5.0009,change
2026-09-07T00:00:00+00:00,SGD->PHP,25000,OFX,3.2141,3.0796,-0.1345,4,5,2026-09-06,3.1969,change
2026-09-07T00:00:00+00:00,SGD->PHP,25000,PayPal,4.8733,4.9688,0.0954,4,5,2026-09-06,4.9047,change
2026-09-07T00:00:00+00:00,SGD->PHP,50000,OFX,3.2105,3.0796,-0.1309,3,4,2026-09-06,3.1969,change
2026-09-07T00:00:00+00:00,USD->MXN,200,OFX,5.426,4.5646,-0.8614,6,7,2026-09-06,5.5727,weekend_back
2026-09-07T00:00:00+00:00,USD->MXN,200,PayPal,6.4525,6.598,0.1455,6,7,2026-09-06,6.6193,change
2026-09-07T00:00:00+00:00,USD->MXN,1000,OFX,3.4895,2.6069,-0.8825,6,7,2026-09-06,3.6357,weekend_back
2026-09-07T00:00:00+00:00,USD->MXN,1000,PayPal,4.5401,4.686,0.1459,6,7,2026-09-06,4.7078,change
2026-09-07T00:00:00+00:00,USD->MXN,5000,OFX,2.0632,1.1658,-0.8974,6,7,2026-09-06,2.2102,weekend_back
2026-09-07T00:00:00+00:00,USD->MXN,5000,PayPal,4.1571,4.3037,0.1465,6,7,2026-09-06,4.3255,change
2026-09-07T00:00:00+00:00,USD->MXN,25000,OFX,2.0632,1.1658,-0.8974,4,5,2026-09-06,2.2102,weekend_back
2026-09-07T00:00:00+00:00,USD->MXN,50000,OFX,2.0606,1.1658,-0.8948,3,4,2026-09-06,2.2102,weekend_back
2026-09-08T00:00:00+00:00,SGD->PHP,200,PayPal,8.0843,7.5781,-0.5062,3,4,2026-09-07,7.9474,change
2026-09-08T00:00:00+00:00,SGD->PHP,1000,PayPal,5.6727,5.1688,-0.5039,4,5,2026-09-07,5.5453,change
2026-09-08T00:00:00+00:00,SGD->PHP,5000,PayPal,5.1911,4.6871,-0.5041,4,5,2026-09-07,5.0648,change
2026-09-08T00:00:00+00:00,SGD->PHP,25000,PayPal,5.095,4.5907,-0.5044,4,5,2026-09-07,4.9688,change
2026-09-08T00:00:00+00:00,SGD->PHP,50000,OFX,3.187,3.0652,-0.1217,3,4,2026-09-07,3.0796,change
2026-09-08T00:00:00+00:00,USD->MXN,200,PayPal,6.6205,6.7943,0.1738,6,7,2026-09-07,6.598,change
2026-09-08T00:00:00+00:00,USD->MXN,1000,PayPal,4.7092,4.8865,0.1773,6,7,2026-09-07,4.686,change
2026-09-08T00:00:00+00:00,USD->MXN,5000,PayPal,4.327,4.5048,0.1778,6,7,2026-09-07,4.3037,change
2026-09-09T00:00:00+00:00,SGD->PHP,200,Instarem,0.8841,0.7756,-0.1084,3,4,2026-09-08,0.9587,change
2026-09-09T00:00:00+00:00,SGD->PHP,1000,Instarem,0.836,0.7257,-0.1103,4,5,2026-09-08,0.9088,change
2026-09-09T00:00:00+00:00,SGD->PHP,1000,OFX,5.1501,5.2683,0.1182,4,5,2026-09-08,5.2304,change
2026-09-09T00:00:00+00:00,SGD->PHP,5000,Instarem,0.6865,0.5759,-0.1106,4,5,2026-09-08,0.7592,change
2026-09-09T00:00:00+00:00,SGD->PHP,5000,OFX,3.9951,4.1142,0.1191,4,5,2026-09-08,4.0758,change
2026-09-09T00:00:00+00:00,SGD->PHP,25000,Instarem,0.6864,0.5759,-0.1105,4,5,2026-09-08,0.7592,change
2026-09-09T00:00:00+00:00,SGD->PHP,25000,OFX,2.9842,3.1039,0.1197,4,5,2026-09-08,3.0652,change
2026-09-09T00:00:00+00:00,SGD->PHP,50000,Instarem,0.685,0.5759,-0.1091,3,4,2026-09-08,0.7592,change
2026-09-09T00:00:00+00:00,SGD->PHP,50000,OFX,2.9716,3.1039,0.1323,3,4,2026-09-08,3.0652,change
2026-09-09T00:00:00+00:00,USD->MXN,200,PayPal,7.0109,6.5801,-0.4308,6,7,2026-09-08,6.7943,change
2026-09-09T00:00:00+00:00,USD->MXN,1000,PayPal,5.1108,4.6678,-0.443,6,7,2026-09-08,4.8865,change
2026-09-09T00:00:00+00:00,USD->MXN,5000,PayPal,4.7301,4.2853,-0.4448,6,7,2026-09-08,4.5048,change
2026-09-09T00:00:00+00:00,USD->MXN,25000,Chase (US),2.7066,2.6418,-0.0647,4,5,2026-09-08,2.4924,change
2026-09-09T00:00:00+00:00,USD->MXN,50000,Chase (US),1.459,1.3902,-0.0688,3,4,2026-09-08,1.2422,change
2026-09-10T00:00:00+00:00,SGD->PHP,200,Instarem,0.7389,0.7897,0.0508,3,4,2026-09-09,0.7756,change
2026-09-10T00:00:00+00:00,SGD->PHP,200,PayPal,7.4949,7.4497,-0.0452,3,4,2026-09-09,7.5281,change
2026-09-10T00:00:00+00:00,SGD->PHP,1000,OFX,5.2933,5.4289,0.1356,4,5,2026-09-09,5.2683,change
2026-09-10T00:00:00+00:00,SGD->PHP,1000,PayPal,5.1013,5.0345,-0.0668,4,5,2026-09-09,5.1182,change
2026-09-10T00:00:00+00:00,SGD->PHP,5000,OFX,4.1389,4.2768,0.1379,4,5,2026-09-09,4.1142,change
2026-09-10T00:00:00+00:00,SGD->PHP,5000,PayPal,4.6172,4.5514,-0.0657,4,5,2026-09-09,4.6362,change
2026-09-10T00:00:00+00:00,SGD->PHP,25000,OFX,3.1291,3.2682,0.1391,4,5,2026-09-09,3.1039,change
2026-09-10T00:00:00+00:00,SGD->PHP,25000,PayPal,4.5208,4.4549,-0.0659,4,5,2026-09-09,4.5398,change
2026-09-10T00:00:00+00:00,SGD->PHP,50000,OFX,3.1356,3.2682,0.1326,3,4,2026-09-09,3.1039,change
2026-09-10T00:00:00+00:00,USD->MXN,200,PayPal,6.3655,6.5539,0.1884,6,7,2026-09-09,6.5801,change
2026-09-10T00:00:00+00:00,USD->MXN,1000,PayPal,4.4463,4.6411,0.1948,6,7,2026-09-09,4.6678,change
2026-09-10T00:00:00+00:00,USD->MXN,5000,PayPal,4.065,4.2585,0.1935,6,7,2026-09-09,4.2853,change
2026-09-11T00:00:00+00:00,AUD->PHP,200,Commonwealth Bank of Australia,4.7966,4.3988,-0.3978,9,10,2026-09-10,5.3224,change
2026-09-11T00:00:00+00:00,AUD->PHP,200,PayPal,6.8179,7.6064,0.7886,9,10,2026-09-10,7.3283,change
2026-09-11T00:00:00+00:00,AUD->PHP,1000,Commonwealth Bank of Australia,4.7533,4.3989,-0.3544,10,11,2026-09-10,5.3224,change
2026-09-11T00:00:00+00:00,AUD->PHP,1000,PayPal,4.5054,5.3243,0.819,10,11,2026-09-10,5.0393,change
2026-09-11T00:00:00+00:00,AUD->PHP,5000,Commonwealth Bank of Australia,4.753,4.3989,-0.3541,10,11,2026-09-10,5.3224,change
2026-09-11T00:00:00+00:00,AUD->PHP,5000,PayPal,4.0472,4.8679,0.8206,10,11,2026-09-10,4.5815,change
2026-09-11T00:00:00+00:00,AUD->PHP,25000,Commonwealth Bank of Australia,4.7107,4.3989,-0.3118,7,8,2026-09-10,5.3224,change
2026-09-11T00:00:00+00:00,AUD->PHP,25000,PayPal,3.9308,4.7765,0.8457,7,8,2026-09-10,4.4899,change
2026-09-11T00:00:00+00:00,AUD->PHP,50000,Commonwealth Bank of Australia,4.706,4.3989,-0.3071,6,7,2026-09-10,5.3224,change
2026-09-11T00:00:00+00:00,NZD->PHP,200,BNZ,1.8789,1.7057,-0.1732,5,6,2026-09-10,2.3421,change
2026-09-11T00:00:00+00:00,NZD->PHP,200,PayPal,7.3677,8.1708,0.8032,5,6,2026-09-10,7.8949,change
2026-09-11T00:00:00+00:00,NZD->PHP,1000,OFX,5.1678,4.8842,-0.2836,6,7,2026-09-10,5.5713,change
2026-09-11T00:00:00+00:00,NZD->PHP,1000,PayPal,4.6646,5.5103,0.8458,6,7,2026-09-10,5.2264,change
2026-09-11T00:00:00+00:00,NZD->PHP,5000,OFX,4.2503,3.9601,-0.2902,6,7,2026-09-10,4.6538,change
2026-09-11T00:00:00+00:00,NZD->PHP,5000,PayPal,4.1295,4.9783,0.8488,6,7,2026-09-10,4.6926,change
2026-09-11T00:00:00+00:00,NZD->PHP,25000,OFX,3.1866,2.8873,-0.2993,6,7,2026-09-10,3.5889,change
2026-09-11T00:00:00+00:00,NZD->PHP,25000,PayPal,4.0223,4.8717,0.8494,6,7,2026-09-10,4.5859,change
2026-09-11T00:00:00+00:00,NZD->PHP,50000,OFX,3.1602,2.8873,-0.2729,5,6,2026-09-10,3.5889,change
2026-09-11T00:00:00+00:00,SGD->PHP,200,PayPal,7.4954,7.6988,0.2035,3,4,2026-09-10,7.4497,change
2026-09-11T00:00:00+00:00,SGD->PHP,1000,OFX,5.4605,5.3203,-0.1402,4,5,2026-09-10,5.4289,change
2026-09-11T00:00:00+00:00,SGD->PHP,1000,PayPal,5.0753,5.2873,0.2121,4,5,2026-09-10,5.0345,change
2026-09-11T00:00:00+00:00,SGD->PHP,5000,OFX,4.3094,4.1668,-0.1426,4,5,2026-09-10,4.2768,change
2026-09-11T00:00:00+00:00,SGD->PHP,5000,PayPal,4.5921,4.805,0.2129,4,5,2026-09-10,4.5514,change
2026-09-11T00:00:00+00:00,SGD->PHP,25000,OFX,3.3009,3.1571,-0.1438,4,5,2026-09-10,3.2682,change
2026-09-11T00:00:00+00:00,SGD->PHP,25000,PayPal,4.4954,4.7085,0.2131,4,5,2026-09-10,4.4549,change
2026-09-11T00:00:00+00:00,SGD->PHP,50000,OFX,3.2965,3.1571,-0.1394,3,4,2026-09-10,3.2682,change
2026-09-11T00:00:00+00:00,SGD->PHP,50000,Wise,0.3958,0.4319,0.036,3,4,2026-09-10,0.355,change
2026-09-11T00:00:00+00:00,USD->MXN,200,PayPal,6.6417,6.909,0.2673,6,7,2026-09-10,6.5539,change
2026-09-11T00:00:00+00:00,USD->MXN,1000,PayPal,4.7301,5.0034,0.2734,6,7,2026-09-10,4.6411,change
2026-09-11T00:00:00+00:00,USD->MXN,5000,PayPal,4.3498,4.6223,0.2726,6,7,2026-09-10,4.2585,change
2026-09-11T00:00:00+00:00,AUD->PHP,50000,Wise,0.3902,0.5175,0.1273,5,6,2026-09-10,1.0417,change
2026-09-12T00:00:00+00:00,AUD->PHP,200,National Australia Bank,2.8727,3.7105,0.8378,8,9,2026-09-11,2.7892,change
2026-09-12T00:00:00+00:00,AUD->PHP,200,PayPal,7.6805,7.5114,-0.1691,8,9,2026-09-11,7.6064,change
2026-09-12T00:00:00+00:00,AUD->PHP,1000,National Australia Bank,2.8777,3.7105,0.8328,9,10,2026-09-11,2.7892,change
2026-09-12T00:00:00+00:00,AUD->PHP,1000,PayPal,5.3981,5.2269,-0.1712,9,10,2026-09-11,5.3243,change
2026-09-12T00:00:00+00:00,AUD->PHP,5000,National Australia Bank,2.8777,3.7105,0.8328,9,10,2026-09-11,2.7892,change
2026-09-12T00:00:00+00:00,AUD->PHP,5000,PayPal,4.9415,4.77,-0.1716,9,10,2026-09-11,4.8679,change
2026-09-12T00:00:00+00:00,AUD->PHP,25000,OFX,2.9912,3.3305,0.3394,6,7,2026-09-11,2.8923,change
2026-09-12T00:00:00+00:00,AUD->PHP,25000,PayPal,4.8399,4.6787,-0.1612,6,7,2026-09-11,4.7765,change
2026-09-12T00:00:00+00:00,AUD->PHP,50000,OFX,2.9951,3.3305,0.3354,5,6,2026-09-11,2.8923,change
2026-09-12T00:00:00+00:00,NZD->PHP,200,BNZ,1.8307,2.5355,0.7048,5,6,2026-09-11,1.7057,change
2026-09-12T00:00:00+00:00,NZD->PHP,200,PayPal,8.4039,8.1453,-0.2586,5,6,2026-09-11,8.1708,change
2026-09-12T00:00:00+00:00,NZD->PHP,1000,BNZ,1.8821,2.5355,0.6535,6,7,2026-09-11,1.7057,change
2026-09-12T00:00:00+00:00,NZD->PHP,1000,PayPal,5.7634,5.484,-0.2794,6,7,2026-09-11,5.5103,change
2026-09-12T00:00:00+00:00,NZD->PHP,5000,BNZ,1.8818,2.5355,0.6537,6,7,2026-09-11,1.7057,change
2026-09-12T00:00:00+00:00,NZD->PHP,5000,PayPal,5.234,4.9518,-0.2822,6,7,2026-09-11,4.9783,change
2026-09-12T00:00:00+00:00,NZD->PHP,25000,BNZ,1.8818,2.5355,0.6538,6,7,2026-09-11,1.7057,change
2026-09-12T00:00:00+00:00,NZD->PHP,25000,PayPal,5.1281,4.8453,-0.2828,6,7,2026-09-11,4.8717,change
2026-09-12T00:00:00+00:00,NZD->PHP,50000,BNZ,1.9368,2.5355,0.5987,5,6,2026-09-11,1.7057,change
2026-09-12T00:00:00+00:00,NZD->PHP,50000,Westpac NZ,2.6523,2.3547,-0.2976,5,6,2026-09-11,2.2831,change
2026-09-12T00:00:00+00:00,SGD->PHP,200,PayPal,7.7481,7.5702,-0.1779,3,4,2026-09-11,7.6988,change
2026-09-12T00:00:00+00:00,SGD->PHP,1000,OFX,5.3022,5.5764,0.2742,4,5,2026-09-11,5.3203,change
2026-09-12T00:00:00+00:00,SGD->PHP,1000,PayPal,5.3419,5.1561,-0.1858,4,5,2026-09-11,5.2873,change
2026-09-12T00:00:00+00:00,SGD->PHP,5000,OFX,4.1487,4.426,0.2773,4,5,2026-09-11,4.1668,change
2026-09-12T00:00:00+00:00,SGD->PHP,5000,PayPal,4.8596,4.6733,-0.1863,4,5,2026-09-11,4.805,change
2026-09-12T00:00:00+00:00,SGD->PHP,25000,OFX,3.1391,3.4191,0.2801,4,5,2026-09-11,3.1571,change
2026-09-12T00:00:00+00:00,SGD->PHP,25000,PayPal,4.7631,4.5767,-0.1864,4,5,2026-09-11,4.7085,change
2026-09-12T00:00:00+00:00,SGD->PHP,50000,HSBC Singapore,1.6628,1.602,-0.0609,3,4,2026-09-11,1.5731,change
2026-09-12T00:00:00+00:00,SGD->PHP,50000,OFX,3.1392,3.4191,0.28,3,4,2026-09-11,3.1571,change
2026-09-12T00:00:00+00:00,USD->MXN,200,OFX,4.6634,5.5632,0.8999,6,7,2026-09-11,4.6751,change
2026-09-12T00:00:00+00:00,USD->MXN,200,PayPal,6.9206,6.654,-0.2666,6,7,2026-09-11,6.909,change
2026-09-12T00:00:00+00:00,USD->MXN,1000,OFX,2.7087,3.626,0.9173,6,7,2026-09-11,2.7198,change
2026-09-12T00:00:00+00:00,USD->MXN,1000,PayPal,5.0155,4.743,-0.2725,6,7,2026-09-11,5.0034,change
2026-09-12T00:00:00+00:00,USD->MXN,5000,OFX,1.2681,2.2005,0.9324,6,7,2026-09-11,1.2803,change
2026-09-12T00:00:00+00:00,USD->MXN,5000,PayPal,4.6344,4.3609,-0.2735,6,7,2026-09-11,4.6223,change
2026-09-12T00:00:00+00:00,USD->MXN,25000,Chase (US),2.5355,2.469,-0.0665,4,5,2026-09-11,2.4956,change
2026-09-12T00:00:00+00:00,USD->MXN,25000,OFX,1.2682,2.2005,0.9323,4,5,2026-09-11,1.2803,change
2026-09-12T00:00:00+00:00,USD->MXN,50000,Chase (US),1.2493,1.2189,-0.0304,3,4,2026-09-11,1.2421,change
2026-09-12T00:00:00+00:00,USD->MXN,50000,OFX,1.261,2.2005,0.9395,3,4,2026-09-11,1.2803,change
2026-09-13T00:00:00+00:00,NZD->PHP,200,BNZ,2.516,2.4363,-0.0797,5,6,2026-09-12,2.5355,change
2026-09-13T00:00:00+00:00,NZD->PHP,1000,BNZ,2.5159,2.4363,-0.0796,6,7,2026-09-12,2.5355,change
2026-09-13T00:00:00+00:00,NZD->PHP,5000,BNZ,2.5157,2.4363,-0.0794,6,7,2026-09-12,2.5355,change
2026-09-13T00:00:00+00:00,NZD->PHP,25000,BNZ,2.5157,2.4363,-0.0794,6,7,2026-09-12,2.5355,change
2026-09-13T00:00:00+00:00,NZD->PHP,50000,BNZ,2.5156,2.4363,-0.0793,5,6,2026-09-12,2.5355,change
2026-09-14T00:00:00+00:00,AUD->PHP,200,Commonwealth Bank of Australia,4.3137,4.4667,0.1531,8,9,2026-09-13,4.405,change
2026-09-14T00:00:00+00:00,AUD->PHP,200,National Australia Bank,3.5587,2.7121,-0.8466,8,9,2026-09-13,3.6494,weekend_back
2026-09-14T00:00:00+00:00,AUD->PHP,1000,Commonwealth Bank of Australia,4.3013,4.4667,0.1655,9,10,2026-09-13,4.405,change
2026-09-14T00:00:00+00:00,AUD->PHP,1000,National Australia Bank,3.5553,2.712,-0.8433,9,10,2026-09-13,3.6494,weekend_back
2026-09-14T00:00:00+00:00,AUD->PHP,5000,Commonwealth Bank of Australia,4.3015,4.4667,0.1653,9,10,2026-09-13,4.405,change
2026-09-14T00:00:00+00:00,AUD->PHP,5000,National Australia Bank,3.5553,2.712,-0.8433,9,10,2026-09-13,3.6494,weekend_back
2026-09-14T00:00:00+00:00,AUD->PHP,25000,Commonwealth Bank of Australia,4.2959,4.4667,0.1708,6,7,2026-09-13,4.405,change
2026-09-14T00:00:00+00:00,AUD->PHP,25000,OFX,3.1627,2.8067,-0.356,6,7,2026-09-13,3.2691,weekend_back
2026-09-14T00:00:00+00:00,AUD->PHP,50000,Commonwealth Bank of Australia,4.3018,4.4667,0.165,5,6,2026-09-13,4.405,change
2026-09-14T00:00:00+00:00,AUD->PHP,50000,OFX,3.1768,2.8067,-0.3701,5,6,2026-09-13,3.2691,weekend_back
2026-09-14T00:00:00+00:00,NZD->PHP,200,BNZ,2.6102,2.0993,-0.5109,5,6,2026-09-13,2.4363,weekend_back
2026-09-14T00:00:00+00:00,NZD->PHP,200,Westpac NZ,2.3889,2.8117,0.4229,5,6,2026-09-13,2.3348,change
2026-09-14T00:00:00+00:00,NZD->PHP,1000,BNZ,2.5756,2.0993,-0.4763,6,7,2026-09-13,2.4363,weekend_back
2026-09-14T00:00:00+00:00,NZD->PHP,1000,Westpac NZ,2.3278,2.8117,0.4839,6,7,2026-09-13,2.3348,change
2026-09-14T00:00:00+00:00,NZD->PHP,5000,BNZ,2.5765,2.0993,-0.4772,6,7,2026-09-13,2.4363,weekend_back
2026-09-14T00:00:00+00:00,NZD->PHP,5000,Westpac NZ,2.3281,2.8117,0.4837,6,7,2026-09-13,2.3348,change
2026-09-14T00:00:00+00:00,NZD->PHP,25000,BNZ,2.5766,2.0993,-0.4772,6,7,2026-09-13,2.4363,weekend_back
2026-09-14T00:00:00+00:00,NZD->PHP,25000,Westpac NZ,2.3281,2.8117,0.4836,6,7,2026-09-13,2.3348,change
2026-09-14T00:00:00+00:00,NZD->PHP,50000,BNZ,2.6113,2.0993,-0.5119,5,6,2026-09-13,2.4363,weekend_back
2026-09-14T00:00:00+00:00,NZD->PHP,50000,Westpac NZ,2.3942,2.8117,0.4175,5,6,2026-09-13,2.3348,change
2026-09-14T00:00:00+00:00,SGD->PHP,200,PayPal,7.4162,7.5709,0.1547,3,4,2026-09-13,7.5442,change
2026-09-14T00:00:00+00:00,SGD->PHP,1000,OFX,5.4628,5.1984,-0.2644,4,5,2026-09-13,5.5498,weekend_back
2026-09-14T00:00:00+00:00,SGD->PHP,1000,PayPal,5.0007,5.1497,0.149,4,5,2026-09-13,5.1294,change
2026-09-14T00:00:00+00:00,SGD->PHP,5000,OFX,4.3121,4.0434,-0.2687,4,5,2026-09-13,4.3991,weekend_back
2026-09-14T00:00:00+00:00,SGD->PHP,5000,PayPal,4.5133,4.6655,0.1522,4,5,2026-09-13,4.6465,change
2026-09-14T00:00:00+00:00,SGD->PHP,25000,OFX,3.3049,3.0324,-0.2725,4,5,2026-09-13,3.3919,weekend_back
2026-09-14T00:00:00+00:00,SGD->PHP,25000,PayPal,4.4167,4.5686,0.152,4,5,2026-09-13,4.5499,change
2026-09-14T00:00:00+00:00,SGD->PHP,50000,OFX,3.2994,3.0324,-0.267,3,4,2026-09-13,3.3919,weekend_back
2026-09-14T00:00:00+00:00,USD->MXN,200,OFX,4.8698,3.9688,-0.9011,6,7,2026-09-13,5.5351,weekend_back
2026-09-14T00:00:00+00:00,USD->MXN,200,PayPal,5.948,6.6807,0.7326,6,7,2026-09-13,6.6262,change
2026-09-14T00:00:00+00:00,USD->MXN,1000,OFX,2.9201,1.9989,-0.9213,6,7,2026-09-13,3.5973,weekend_back
2026-09-14T00:00:00+00:00,USD->MXN,1000,PayPal,4.0349,4.7702,0.7353,6,7,2026-09-13,4.7147,change
2026-09-14T00:00:00+00:00,USD->MXN,5000,OFX,1.4858,0.5491,-0.9367,6,7,2026-09-13,2.1715,weekend_back
2026-09-14T00:00:00+00:00,USD->MXN,5000,PayPal,3.6521,4.3882,0.7361,6,7,2026-09-13,4.3324,change
2026-09-14T00:00:00+00:00,USD->MXN,25000,OFX,1.4821,0.5491,-0.9331,4,5,2026-09-13,2.1715,weekend_back
2026-09-14T00:00:00+00:00,USD->MXN,50000,OFX,1.4784,0.5491,-0.9293,3,4,2026-09-13,2.1715,weekend_back
2026-09-15T00:00:00+00:00,AUD->PHP,200,ANZ,4.4424,3.9701,-0.4722,8,9,2026-09-14,4.1996,change
2026-09-15T00:00:00+00:00,AUD->PHP,200,PayPal,7.5549,7.7482,0.1933,8,9,2026-09-14,7.3163,change
2026-09-15T00:00:00+00:00,AUD->PHP,1000,ANZ,4.4405,3.9701,-0.4704,9,10,2026-09-14,4.1996,change
2026-09-15T00:00:00+00:00,AUD->PHP,1000,PayPal,5.2605,5.4714,0.2108,9,10,2026-09-14,5.0271,change
2026-09-15T00:00:00+00:00,AUD->PHP,5000,ANZ,4.4411,3.9701,-0.471,9,10,2026-09-14,4.1996,change
2026-09-15T00:00:00+00:00,AUD->PHP,5000,PayPal,4.8159,5.0139,0.198,9,10,2026-09-14,4.5692,change
2026-09-15T00:00:00+00:00,AUD->PHP,25000,ANZ,4.4458,3.9701,-0.4757,6,7,2026-09-14,4.1996,change
2026-09-15T00:00:00+00:00,AUD->PHP,25000,PayPal,4.7418,4.9228,0.181,6,7,2026-09-14,4.4776,change
2026-09-15T00:00:00+00:00,AUD->PHP,50000,ANZ,4.4446,3.9701,-0.4745,5,6,2026-09-14,4.1996,change
2026-09-15T00:00:00+00:00,AUD->PHP,50000,OFX,3.087,3.1344,0.0474,5,6,2026-09-14,2.8067,change
2026-09-15T00:00:00+00:00,NZD->PHP,200,ASB NZ,4.7602,4.7071,-0.0532,5,6,2026-09-14,4.5858,change
2026-09-15T00:00:00+00:00,NZD->PHP,200,Westpac NZ,2.9796,3.0466,0.067,5,6,2026-09-14,2.8117,change
2026-09-15T00:00:00+00:00,SGD->PHP,200,PayPal,7.8798,7.7211,-0.1587,3,4,2026-09-14,7.5709,change
2026-09-15T00:00:00+00:00,SGD->PHP,1000,PayPal,5.4723,5.3008,-0.1715,4,5,2026-09-14,5.1497,change
2026-09-15T00:00:00+00:00,SGD->PHP,5000,OFX,4.3488,4.3884,0.0396,4,5,2026-09-14,4.0434,change
2026-09-15T00:00:00+00:00,SGD->PHP,5000,PayPal,4.99,4.8167,-0.1733,4,5,2026-09-14,4.6655,change
2026-09-15T00:00:00+00:00,SGD->PHP,25000,OFX,3.3378,3.3811,0.0433,4,5,2026-09-14,3.0324,change
2026-09-15T00:00:00+00:00,SGD->PHP,25000,PayPal,4.8933,4.7199,-0.1734,4,5,2026-09-14,4.5686,change
2026-09-15T00:00:00+00:00,SGD->PHP,50000,HSBC Singapore,1.7939,1.7671,-0.0269,3,4,2026-09-14,1.463,change
2026-09-15T00:00:00+00:00,SGD->PHP,50000,OFX,3.3439,3.3811,0.0372,3,4,2026-09-14,3.0324,change
2026-09-15T00:00:00+00:00,USD->MXN,200,OFX,4.5257,4.4933,-0.0325,6,7,2026-09-14,3.9688,change
2026-09-15T00:00:00+00:00,USD->MXN,200,PayPal,7.2456,7.4044,0.1588,6,7,2026-09-14,6.6807,change
2026-09-15T00:00:00+00:00,USD->MXN,1000,PayPal,5.3366,5.5091,0.1725,6,7,2026-09-14,4.7702,change
2026-09-15T00:00:00+00:00,USD->MXN,5000,PayPal,4.955,5.13,0.175,6,7,2026-09-14,4.3882,change
2026-09-16T00:00:00+00:00,AUD->PHP,200,ANZ,3.9299,4.2318,0.3019,8,9,2026-09-15,3.9701,change
2026-09-16T00:00:00+00:00,AUD->PHP,200,PayPal,7.7213,7.3537,-0.3676,8,9,2026-09-15,7.7482,change
2026-09-16T00:00:00+00:00,AUD->PHP,1000,ANZ,3.9367,4.2319,0.2952,9,10,2026-09-15,3.9701,change
2026-09-16T00:00:00+00:00,AUD->PHP,1000,PayPal,5.46,5.0654,-0.3946,9,10,2026-09-15,5.4714,change
2026-09-16T00:00:00+00:00,AUD->PHP,5000,ANZ,3.9366,4.2318,0.2952,9,10,2026-09-15,3.9701,change
2026-09-16T00:00:00+00:00,AUD->PHP,5000,PayPal,5.0036,4.6078,-0.3958,9,10,2026-09-15,5.0139,change
2026-09-16T00:00:00+00:00,AUD->PHP,25000,ANZ,3.9459,4.2318,0.2859,6,7,2026-09-15,3.9701,change
2026-09-16T00:00:00+00:00,AUD->PHP,25000,PayPal,4.9263,4.5162,-0.4101,6,7,2026-09-15,4.9228,change
2026-09-16T00:00:00+00:00,AUD->PHP,50000,ANZ,3.9543,4.2318,0.2775,5,6,2026-09-15,3.9701,change
2026-09-16T00:00:00+00:00,AUD->PHP,50000,Commonwealth Bank of Australia,4.6687,4.4703,-0.1984,5,6,2026-09-15,4.6555,change
2026-09-16T00:00:00+00:00,NZD->PHP,200,PayPal,8.0922,7.7622,-0.3301,5,6,2026-09-15,8.2426,change
2026-09-16T00:00:00+00:00,NZD->PHP,200,Westpac NZ,2.9125,3.0165,0.104,5,6,2026-09-15,3.0466,change
2026-09-16T00:00:00+00:00,NZD->PHP,1000,PayPal,5.4059,5.0898,-0.3162,6,7,2026-09-15,5.584,change
2026-09-16T00:00:00+00:00,NZD->PHP,1000,Westpac NZ,2.9036,3.0166,0.113,6,7,2026-09-15,3.0466,change
2026-09-16T00:00:00+00:00,NZD->PHP,5000,PayPal,4.8728,4.5553,-0.3175,6,7,2026-09-15,5.0524,change
2026-09-16T00:00:00+00:00,NZD->PHP,5000,Westpac NZ,2.9061,3.0166,0.1104,6,7,2026-09-15,3.0466,change
2026-09-16T00:00:00+00:00,NZD->PHP,25000,PayPal,4.7722,4.4524,-0.3198,6,7,2026-09-15,4.9461,change
2026-09-16T00:00:00+00:00,NZD->PHP,25000,Westpac NZ,2.9186,3.0257,0.1071,6,7,2026-09-15,3.0466,change
2026-09-16T00:00:00+00:00,NZD->PHP,50000,Westpac NZ,2.9283,3.0257,0.0974,5,6,2026-09-15,3.0466,change
2026-09-16T00:00:00+00:00,SGD->PHP,200,PayPal,7.715,7.4322,-0.2828,3,4,2026-09-15,7.7211,change
2026-09-16T00:00:00+00:00,SGD->PHP,1000,OFX,5.5226,5.5992,0.0766,4,5,2026-09-15,5.5391,change
2026-09-16T00:00:00+00:00,SGD->PHP,1000,PayPal,5.299,5.0026,-0.2964,4,5,2026-09-15,5.3008,change
2026-09-16T00:00:00+00:00,SGD->PHP,5000,OFX,4.3632,4.4491,0.086,4,5,2026-09-15,4.3884,change
2026-09-16T00:00:00+00:00,SGD->PHP,5000,PayPal,4.8153,4.5169,-0.2984,4,5,2026-09-15,4.8167,change
2026-09-16T00:00:00+00:00,SGD->PHP,25000,OFX,3.3558,3.4424,0.0867,4,5,2026-09-15,3.3811,change
2026-09-16T00:00:00+00:00,SGD->PHP,25000,PayPal,4.7185,4.4197,-0.2988,4,5,2026-09-15,4.7199,change
2026-09-16T00:00:00+00:00,SGD->PHP,50000,OFX,3.3629,3.447,0.0841,3,4,2026-09-15,3.3811,change
2026-09-16T00:00:00+00:00,USD->MXN,200,PayPal,7.6617,6.7386,-0.9231,6,7,2026-09-15,7.4044,change
2026-09-16T00:00:00+00:00,USD->MXN,1000,PayPal,5.7701,4.8296,-0.9405,6,7,2026-09-15,5.5091,change
2026-09-16T00:00:00+00:00,USD->MXN,5000,PayPal,5.3856,4.4371,-0.9485,6,7,2026-09-15,5.13,change
2026-09-16T00:00:00+00:00,USD->MXN,25000,Wells Fargo,3.3322,3.1478,-0.1844,4,5,2026-09-15,3.0617,change
2026-09-17T00:00:00+00:00,AUD->PHP,200,ANZ,4.107,4.5092,0.4023,8,9,2026-09-16,4.2318,change
2026-09-17T00:00:00+00:00,AUD->PHP,1000,ANZ,4.1069,4.5092,0.4023,9,10,2026-09-16,4.2319,change
2026-09-17T00:00:00+00:00,AUD->PHP,1000,OFX,5.265,5.0806,-0.1844,9,10,2026-09-16,5.3603,change
2026-09-17T00:00:00+00:00,AUD->PHP,5000,ANZ,4.1069,4.5092,0.4023,9,10,2026-09-16,4.2318,change
2026-09-17T00:00:00+00:00,AUD->PHP,5000,OFX,4.1201,3.9242,-0.1959,9,10,2026-09-16,4.2073,change
2026-09-17T00:00:00+00:00,AUD->PHP,25000,ANZ,4.1058,4.5092,0.4034,6,7,2026-09-16,4.2318,change
2026-09-17T00:00:00+00:00,AUD->PHP,25000,OFX,3.0712,2.8709,-0.2003,6,7,2026-09-16,3.157,change
2026-09-17T00:00:00+00:00,AUD->PHP,50000,ANZ,4.1048,4.5092,0.4044,5,6,2026-09-16,4.2318,change
2026-09-17T00:00:00+00:00,AUD->PHP,50000,OFX,3.07,2.8709,-0.1991,5,6,2026-09-16,3.157,change
2026-09-17T00:00:00+00:00,NZD->PHP,200,PayPal,7.7088,8.1998,0.491,5,6,2026-09-16,7.7622,change
2026-09-17T00:00:00+00:00,NZD->PHP,1000,PayPal,5.0351,5.5402,0.505,6,7,2026-09-16,5.0898,change
2026-09-17T00:00:00+00:00,NZD->PHP,5000,PayPal,4.4992,5.0082,0.5089,6,7,2026-09-16,4.5553,change
2026-09-17T00:00:00+00:00,NZD->PHP,25000,PayPal,4.3957,4.9018,0.5061,6,7,2026-09-16,4.4524,change
2026-09-17T00:00:00+00:00,NZD->PHP,50000,ASB NZ,1.9567,2.0515,0.0948,5,6,2026-09-16,2.12,change
2026-09-17T00:00:00+00:00,SGD->PHP,200,PayPal,7.2738,7.5501,0.2763,3,4,2026-09-16,7.4322,change
2026-09-17T00:00:00+00:00,SGD->PHP,1000,OFX,5.4698,5.2984,-0.1714,4,5,2026-09-16,5.5992,change
2026-09-17T00:00:00+00:00,SGD->PHP,1000,PayPal,4.8265,5.1193,0.2927,4,5,2026-09-16,5.0026,change
2026-09-17T00:00:00+00:00,SGD->PHP,5000,OFX,4.3199,4.1446,-0.1753,4,5,2026-09-16,4.4491,change
2026-09-17T00:00:00+00:00,SGD->PHP,5000,PayPal,4.3465,4.633,0.2865,4,5,2026-09-16,4.5169,change
2026-09-17T00:00:00+00:00,SGD->PHP,25000,OFX,3.3134,3.1347,-0.1787,4,5,2026-09-16,3.4424,change
2026-09-17T00:00:00+00:00,SGD->PHP,25000,PayPal,4.2493,4.5358,0.2865,4,5,2026-09-16,4.4197,change
2026-09-17T00:00:00+00:00,SGD->PHP,50000,OFX,3.2866,3.1347,-0.1519,3,4,2026-09-16,3.447,change
2026-09-17T00:00:00+00:00,USD->MXN,200,PayPal,6.5312,6.8891,0.3579,6,7,2026-09-16,6.7386,change
2026-09-17T00:00:00+00:00,USD->MXN,1000,PayPal,4.6199,4.983,0.3631,6,7,2026-09-16,4.8296,change
2026-09-17T00:00:00+00:00,USD->MXN,5000,PayPal,4.2349,4.6018,0.3669,6,7,2026-09-16,4.4371,change
2026-09-17T00:00:00+00:00,USD->MXN,25000,Wise,0.4091,0.434,0.0249,4,5,2026-09-16,0.5995,change
2026-09-17T00:00:00+00:00,USD->MXN,50000,Wise,0.3453,0.3705,0.0252,3,4,2026-09-16,0.5416,change
2026-09-18T00:00:00+00:00,AUD->PHP,200,ANZ,4.2786,3.8973,-0.3813,8,9,2026-09-17,4.5092,change
2026-09-18T00:00:00+00:00,AUD->PHP,1000,ANZ,4.2778,3.8973,-0.3805,9,10,2026-09-17,4.5092,change
2026-09-18T00:00:00+00:00,AUD->PHP,5000,ANZ,4.2778,3.8973,-0.3805,9,10,2026-09-17,4.5092,change
2026-09-18T00:00:00+00:00,AUD->PHP,25000,ANZ,4.3793,3.8973,-0.482,6,7,2026-09-17,4.5092,change
2026-09-18T00:00:00+00:00,AUD->PHP,50000,ANZ,4.2743,3.8973,-0.3769,5,6,2026-09-17,4.5092,change
2026-09-18T00:00:00+00:00,AUD->PHP,50000,Commonwealth Bank of Australia,4.0884,4.4318,0.3433,5,6,2026-09-17,4.3986,change
2026-09-18T00:00:00+00:00,NZD->PHP,200,BNZ,1.9812,2.0386,0.0574,5,6,2026-09-17,2.0305,change
2026-09-18T00:00:00+00:00,NZD->PHP,200,Westpac NZ,2.8555,2.7662,-0.0892,5,6,2026-09-17,2.8604,change
2026-09-18T00:00:00+00:00,NZD->PHP,1000,OFX,4.9649,5.1784,0.2135,6,7,2026-09-17,4.9991,change
2026-09-18T00:00:00+00:00,NZD->PHP,5000,OFX,4.0418,4.257,0.2153,6,7,2026-09-17,4.0761,change
2026-09-18T00:00:00+00:00,NZD->PHP,25000,OFX,2.9702,3.1876,0.2174,6,7,2026-09-17,3.0047,change
2026-09-18T00:00:00+00:00,NZD->PHP,50000,OFX,2.9474,3.1876,0.2402,5,6,2026-09-17,3.0047,change
2026-09-18T00:00:00+00:00,SGD->PHP,200,PayPal,7.4865,7.7439,0.2574,3,4,2026-09-17,7.5501,change
2026-09-18T00:00:00+00:00,SGD->PHP,1000,PayPal,5.0583,5.3155,0.2572,4,5,2026-09-17,5.1193,change
2026-09-18T00:00:00+00:00,SGD->PHP,5000,PayPal,4.5723,4.8301,0.2578,4,5,2026-09-17,4.633,change
2026-09-18T00:00:00+00:00,SGD->PHP,25000,PayPal,4.4749,4.733,0.2581,4,5,2026-09-17,4.5358,change
2026-09-18T00:00:00+00:00,SGD->PHP,50000,OFX,2.9909,3.209,0.2181,3,4,2026-09-17,3.1347,change
2026-09-18T00:00:00+00:00,USD->MXN,200,PayPal,7.0699,6.6157,-0.4543,6,7,2026-09-17,6.8891,change
2026-09-18T00:00:00+00:00,USD->MXN,1000,PayPal,5.1657,4.7041,-0.4616,6,7,2026-09-17,4.983,change
2026-09-18T00:00:00+00:00,USD->MXN,5000,PayPal,4.7854,4.3218,-0.4636,6,7,2026-09-17,4.6018,change
