ts_utc,corridor,size_src,provider,payout_type
2026-09-26T04:06:56.558549+00:00,AUD->PHP,200,Airwallex,bank
2026-09-26T04:06:56.558549+00:00,AUD->PHP,200,Wise,bank
2026-09-26T04:06:56.558549+00:00,AUD->PHP,200,Instarem,bank
2026-09-26T04:06:56.558549+00:00,AUD->PHP,1000,Airwallex,bank
2026-09-26T04:06:56.558549+00:00,AUD->PHP,1000,Wise,bank
2026-09-26T04:06:56.558549+00:00,AUD->PHP,1000,Instarem,bank
2026-09-26T04:06:56.558549+00:00,AUD->PHP,5000,Airwallex,bank
2026-09-26T04:06:56.558549+00:00,AUD->PHP,5000,Wise,bank
2026-09-26T04:06:56.558549+00:00,AUD->PHP,5000,Instarem,bank
2026-09-26T04:06:56.558549+00:00,AUD->PHP,25000,Airwallex,bank
2026-09-26T04:06:56.558549+00:00,AUD->PHP,25000,Wise,bank
2026-09-26T04:06:56.558549+00:00,AUD->PHP,25000,Instarem,bank
2026-09-26T04:06:56.558549+00:00,AUD->PHP,50000,Airwallex,bank
2026-09-26T04:06:56.558549+00:00,AUD->PHP,50000,Wise,bank
2026-09-26T04:06:56.558549+00:00,AUD->PHP,50000,Instarem,bank
2026-09-26T04:06:56.558549+00:00,NZD->PHP,200,Airwallex,bank
2026-09-26T04:06:56.558549+00:00,NZD->PHP,200,Wise,bank
2026-09-26T04:06:56.558549+00:00,NZD->PHP,1000,Airwallex,bank
2026-09-26T04:06:56.558549+00:00,NZD->PHP,1000,Wise,bank
2026-09-26T04:06:56.558549+00:00,NZD->PHP,5000,Airwallex,bank
2026-09-26T04:06:56.558549+00:00,NZD->PHP,5000,Wise,bank
2026-09-26T04:06:56.558549+00:00,NZD->PHP,25000,Airwallex,bank
2026-09-26T04:06:56.558549+00:00,NZD->PHP,25000,Wise,bank
2026-09-26T04:06:56.558549+00:00,NZD->PHP,50000,Airwallex,bank
2026-09-26T04:06:56.558549+00:00,NZD->PHP,50000,Wise,bank
2026-09-26T04:06:56.558549+00:00,SGD->PHP,200,Airwallex,bank
2026-09-26T04:06:56.558549+00:00,SGD->PHP,200,Wise,bank
2026-09-26T04:06:56.558549+00:00,SGD->PHP,200,Instarem,bank
2026-09-26T04:06:56.558549+00:00,SGD->PHP,1000,Airwallex,bank
2026-09-26T04:06:56.558549+00:00,SGD->PHP,1000,Wise,bank
2026-09-26T04:06:56.558549+00:00,SGD->PHP,1000,Instarem,bank
2026-09-26T04:06:56.558549+00:00,SGD->PHP,5000,Airwallex,bank
2026-09-26T04:06:56.558549+00:00,SGD->PHP,5000,Wise,bank
2026-09-26T04:06:56.558549+00:00,SGD->PHP,5000,Instarem,bank
2026-09-26T04:06:56.558549+00:00,SGD->PHP,25000,Airwallex,bank
2026-09-26T04:06:56.558549+00:00,SGD->PHP,25000,Wise,bank
2026-09-26T04:06:56.558549+00:00,SGD->PHP,25000,Instarem,bank
2026-09-26T04:06:56.558549+00:00,SGD->PHP,50000,Airwallex,bank
2026-09-26T04:06:56.558549+00:00,SGD->PHP,50000,Wise,bank
2026-09-26T04:06:56.558549+00:00,SGD->PHP,50000,Instarem,bank
2026-09-26T04:06:56.558549+00:00,USD->MXN,200,Airwallex,bank
2026-09-26T04:06:56.558549+00:00,USD->MXN,200,Wise,bank
2026-09-26T04:06:56.558549+00:00,USD->MXN,1000,Airwallex,bank
2026-09-26T04:06:56.558549+00:00,USD->MXN,1000,Wise,bank
2026-09-26T04:06:56.558549+00:00,USD->MXN,5000,Airwallex,bank
2026-09-26T04:06:56.558549+00:00,USD->MXN,5000,Wise,bank
2026-09-26T04:06:56.558549+00:00,USD->MXN,25000,Airwallex,bank
2026-09-26T04:06:56.558549+00:00,USD->MXN,25000,Wise,bank
2026-09-26T04:06:56.558549+00:00,USD->MXN,50000,Airwallex,bank
2026-09-26T04:06:56.558549+00:00,USD->MXN,50000,Wise,bank
2026-09-26T05:06:58.952910+00:00,AUD->PHP,200,Airwallex,bank
2026-09-26T05:06:58.952910+00:00,AUD->PHP,200,Wise,bank
2026-09-26T05:06:58.952910+00:00,AUD->PHP,200,Instarem,bank
2026-09-26T05:06:58.952910+00:00,AUD->PHP,1000,Airwallex,bank
2026-09-26T05:06:58.952910+00:00,AUD->PHP,1000,Wise,bank
2026-09-26T05:06:58.952910+00:00,AUD->PHP,1000,Instarem,bank
2026-09-26T05:06:58.952910+00:00,AUD->PHP,5000,Airwallex,bank
2026-09-26T05:06:58.952910+00:00,AUD->PHP,5000,Wise,bank
2026-09-26T05:06:58.952910+00:00,AUD->PHP,5000,Instarem,bank
2026-09-26T05:06:58.952910+00:00,AUD->PHP,25000,Airwallex,bank
2026-09-26T05:06:58.952910+00:00,AUD->PHP,25000,Wise,bank
2026-09-26T05:06:58.952910+00:00,AUD->PHP,25000,Instarem,bank
2026-09-26T05:06:58.952910+00:00,AUD->PHP,50000,Airwallex,bank
2026-09-26T05:06:58.952910+00:00,AUD->PHP,50000,Wise,bank
2026-09-26T05:06:58.952910+00:00,AUD->PHP,50000,Instarem,bank
2026-09-26T05:06:58.952910+00:00,NZD->PHP,200,Airwallex,bank
2026-09-26T05:06:58.952910+00:00,NZD->PHP,200,Wise,bank
2026-09-26T05:06:58.952910+00:00,NZD->PHP,1000,Airwallex,bank
2026-09-26T05:06:58.952910+00:00,NZD->PHP,1000,Wise,bank
2026-09-26T05:06:58.952910+00:00,NZD->PHP,5000,Airwallex,bank
2026-09-26T05:06:58.952910+00:00,NZD->PHP,5000,Wise,bank
2026-09-26T05:06:58.952910+00:00,NZD->PHP,25000,Airwallex,bank
2026-09-26T05:06:58.952910+00:00,NZD->PHP,25000,Wise,bank
2026-09-26T05:06:58.952910+00:00,NZD->PHP,50000,Airwallex,bank
2026-09-26T05:06:58.952910+00:00,NZD->PHP,50000,Wise,bank
2026-09-26T05:06:58.952910+00:00,SGD->PHP,200,Airwallex,bank
2026-09-26T05:06:58.952910+00:00,SGD->PHP,200,Wise,bank
2026-09-26T05:06:58.952910+00:00,SGD->PHP,200,Instarem,bank
2026-09-26T05:06:58.952910+00:00,SGD->PHP,1000,Airwallex,bank
2026-09-26T05:06:58.952910+00:00,SGD->PHP,1000,Wise,bank
2026-09-26T05:06:58.952910+00:00,SGD->PHP,1000,Instarem,bank
2026-09-26T05:06:58.952910+00:00,SGD->PHP,5000,Airwallex,bank
2026-09-26T05:06:58.952910+00:00,SGD->PHP,5000,Wise,bank
2026-09-26T05:06:58.952910+00:00,SGD->PHP,5000,Instarem,bank
2026-09-26T05:06:58.952910+00:00,SGD->PHP,25000,Airwallex,bank
2026-09-26T05:06:58.952910+00:00,SGD->PHP,25000,Wise,bank
2026-09-26T05:06:58.952910+00:00,SGD->PHP,25000,Instarem,bank
2026-09-26T05:06:58.952910+00:00,SGD->PHP,50000,Airwallex,bank
2026-09-26T05:06:58.952910+00:00,SGD->PHP,50000,Wise,bank
2026-09-26T05:06:58.952910+00:00,SGD->PHP,50000,Instarem,bank
2026-09-26T05:06:58.952910+00:00,USD->MXN,200,Airwallex,bank
2026-09-26T05:06:58.952910+00:00,USD->MXN,200,Wise,bank
2026-09-26T05:06:58.952910+00:00,USD->MXN,1000,Airwallex,bank
2026-09-26T05:06:58.952910+00:00,USD->MXN,1000,Wise,bank
2026-09-26T05:06:58.952910+00:00,USD->MXN,5000,Airwallex,bank
2026-09-26T05:06:58.952910+00:00,USD->MXN,5000,Wise,bank
2026-09-26T05:06:58.952910+00:00,USD->MXN,25000,Airwallex,bank
2026-09-26T05:06:58.952910+00:00,USD->MXN,25000,Wise,bank
2026-09-26T05:06:58.952910+00:00,USD->MXN,50000,Airwallex,bank
2026-09-26T05:06:58.952910+00:00,USD->MXN,50000,Wise,bank
2026-09-26T06:06:55.772132+00:00,AUD->PHP,200,Airwallex,bank
2026-09-26T06:06:55.772132+00:00,AUD->PHP,200,Wise,bank
2026-09-26T06:06:55.772132+00:00,AUD->PHP,200,Instarem,bank
2026-09-26T06:06:55.772132+00:00,AUD->PHP,1000,Airwallex,bank
2026-09-26T06:06:55.772132+00:00,AUD->PHP,1000,Wise,bank
2026-09-26T06:06:55.772132+00:00,AUD->PHP,1000,Instarem,bank
2026-09-26T06:06:55.772132+00:00,AUD->PHP,5000,Airwallex,bank
2026-09-26T06:06:55.772132+00:00,AUD->PHP,5000,Wise,bank
2026-09-26T06:06:55.772132+00:00,AUD->PHP,5000,Instarem,bank
2026-09-26T06:06:55.772132+00:00,AUD->PHP,25000,Airwallex,bank
2026-09-26T06:06:55.772132+00:00,AUD->PHP,25000,Wise,bank
2026-09-26T06:06:55.772132+00:00,AUD->PHP,25000,Instarem,bank
2026-09-26T06:06:55.772132+00:00,AUD->PHP,50000,Airwallex,bank
2026-09-26T06:06:55.772132+00:00,AUD->PHP,50000,Wise,bank
2026-09-26T06:06:55.772132+00:00,AUD->PHP,50000,Instarem,bank
2026-09-26T06:06:55.772132+00:00,NZD->PHP,200,Airwallex,bank
2026-09-26T06:06:55.772132+00:00,NZD->PHP,200,Wise,bank
2026-09-26T06:06:55.772132+00:00,NZD->PHP,1000,Airwallex,bank
2026-09-26T06:06:55.772132+00:00,NZD->PHP,1000,Wise,bank
2026-09-26T06:06:55.772132+00:00,NZD->PHP,5000,Airwallex,bank
2026-09-26T06:06:55.772132+00:00,NZD->PHP,5000,Wise,bank
2026-09-26T06:06:55.772132+00:00,NZD->PHP,25000,Airwallex,bank
2026-09-26T06:06:55.772132+00:00,NZD->PHP,25000,Wise,bank
2026-09-26T06:06:55.772132+00:00,NZD->PHP,50000,Airwallex,bank
2026-09-26T06:06:55.772132+00:00,NZD->PHP,50000,Wise,bank
2026-09-26T06:06:55.772132+00:00,SGD->PHP,200,Airwallex,bank
2026-09-26T06:06:55.772132+00:00,SGD->PHP,200,Wise,bank
2026-09-26T06:06:55.772132+00:00,SGD->PHP,200,Instarem,bank
2026-09-26T06:06:55.772132+00:00,SGD->PHP,1000,Airwallex,bank
2026-09-26T06:06:55.772132+00:00,SGD->PHP,1000,Wise,bank
2026-09-26T06:06:55.772132+00:00,SGD->PHP,1000,Instarem,bank
2026-09-26T06:06:55.772132+00:00,SGD->PHP,5000,Airwallex,bank
2026-09-26T06:06:55.772132+00:00,SGD->PHP,5000,Wise,bank
2026-09-26T06:06:55.772132+00:00,SGD->PHP,5000,Instarem,bank
2026-09-26T06:06:55.772132+00:00,SGD->PHP,25000,Airwallex,bank
2026-09-26T06:06:55.772132+00:00,SGD->PHP,25000,Wise,bank
2026-09-26T06:06:55.772132+00:00,SGD->PHP,25000,Instarem,bank
2026-09-26T06:06:55.772132+00:00,SGD->PHP,50000,Airwallex,bank
2026-09-26T06:06:55.772132+00:00,SGD->PHP,50000,Wise,bank
2026-09-26T06:06:55.772132+00:00,SGD->PHP,50000,Instarem,bank
2026-09-26T06:06:55.772132+00:00,USD->MXN,200,Airwallex,bank
2026-09-26T06:06:55.772132+00:00,USD->MXN,200,Wise,bank
2026-09-26T06:06:55.772132+00:00,USD->MXN,1000,Airwallex,bank
2026-09-26T06:06:55.772132+00:00,USD->MXN,1000,Wise,bank
2026-09-26T06:06:55.772132+00:00,USD->MXN,5000,Airwallex,bank
2026-09-26T06:06:55.772132+00:00,USD->MXN,5000,Wise,bank
2026-09-26T06:06:55.772132+00:00,USD->MXN,25000,Airwallex,bank
2026-09-26T06:06:55.772132+00:00,USD->MXN,25000,Wise,bank
2026-09-26T06:06:55.772132+00:00,USD->MXN,50000,Airwallex,bank
2026-09-26T06:06:55.772132+00:00,USD->MXN,50000,Wise,bank
2026-09-26T07:06:54.500667+00:00,AUD->PHP,200,Airwallex,bank
2026-09-26T07:06:54.500667+00:00,AUD->PHP,200,Wise,bank
2026-09-26T07:06:54.500667+00:00,AUD->PHP,200,Instarem,bank
2026-09-26T07:06:54.500667+00:00,AUD->PHP,1000,Airwallex,bank
2026-09-26T07:06:54.500667+00:00,AUD->PHP,1000,Wise,bank
2026-09-26T07:06:54.500667+00:00,AUD->PHP,1000,Instarem,bank
2026-09-26T07:06:54.500667+00:00,AUD->PHP,5000,Airwallex,bank
2026-09-26T07:06:54.500667+00:00,AUD->PHP,5000,Wise,bank
2026-09-26T07:06:54.500667+00:00,AUD->PHP,5000,Instarem,bank
2026-09-26T07:06:54.500667+00:00,AUD->PHP,25000,Airwallex,bank
2026-09-26T07:06:54.500667+00:00,AUD->PHP,25000,Wise,bank
2026-09-26T07:06:54.500667+00:00,AUD->PHP,25000,Instarem,bank
2026-09-26T07:06:54.500667+00:00,AUD->PHP,50000,Airwallex,bank
2026-09-26T07:06:54.500667+00:00,AUD->PHP,50000,Wise,bank
2026-09-26T07:06:54.500667+00:00,AUD->PHP,50000,Instarem,bank
2026-09-26T07:06:54.500667+00:00,NZD->PHP,200,Airwallex,bank
2026-09-26T07:06:54.500667+00:00,NZD->PHP,200,Wise,bank
2026-09-26T07:06:54.500667+00:00,NZD->PHP,1000,Airwallex,bank
2026-09-26T07:06:54.500667+00:00,NZD->PHP,1000,Wise,bank
2026-09-26T07:06:54.500667+00:00,NZD->PHP,5000,Airwallex,bank
2026-09-26T07:06:54.500667+00:00,NZD->PHP,5000,Wise,bank
2026-09-26T07:06:54.500667+00:00,NZD->PHP,25000,Airwallex,bank
2026-09-26T07:06:54.500667+00:00,NZD->PHP,25000,Wise,bank
2026-09-26T07:06:54.500667+00:00,NZD->PHP,50000,Airwallex,bank
2026-09-26T07:06:54.500667+00:00,NZD->PHP,50000,Wise,bank
2026-09-26T07:06:54.500667+00:00,SGD->PHP,200,Airwallex,bank
2026-09-26T07:06:54.500667+00:00,SGD->PHP,200,Wise,bank
2026-09-26T07:06:54.500667+00:00,SGD->PHP,200,Instarem,bank
2026-09-26T07:06:54.500667+00:00,SGD->PHP,1000,Airwallex,bank
2026-09-26T07:06:54.500667+00:00,SGD->PHP,1000,Wise,bank
2026-09-26T07:06:54.500667+00:00,SGD->PHP,1000,Instarem,bank
2026-09-26T07:06:54.500667+00:00,SGD->PHP,5000,Airwallex,bank
2026-09-26T07:06:54.500667+00:00,SGD->PHP,5000,Wise,bank
2026-09-26T07:06:54.500667+00:00,SGD->PHP,5000,Instarem,bank
2026-09-26T07:06:54.500667+00:00,SGD->PHP,25000,Airwallex,bank
2026-09-26T07:06:54.500667+00:00,SGD->PHP,25000,Wise,bank
2026-09-26T07:06:54.500667+00:00,SGD->PHP,25000,Instarem,bank
2026-09-26T07:06:54.500667+00:00,SGD->PHP,50000,Airwallex,bank
2026-09-26T07:06:54.500667+00:00,SGD->PHP,50000,Wise,bank
2026-09-26T07:06:54.500667+00:00,SGD->PHP,50000,Instarem,bank
2026-09-26T07:06:54.500667+00:00,USD->MXN,200,Airwallex,bank
2026-09-26T07:06:54.500667+00:00,USD->MXN,200,Wise,bank
2026-09-26T07:06:54.500667+00:00,USD->MXN,1000,Airwallex,bank
2026-09-26T07:06:54.500667+00:00,USD->MXN,1000,Wise,bank
2026-09-26T07:06:54.500667+00:00,USD->MXN,5000,Airwallex,bank
2026-09-26T07:06:54.500667+00:00,USD->MXN,5000,Wise,bank
2026-09-26T07:06:54.500667+00:00,USD->MXN,25000,Airwallex,bank
2026-09-26T07:06:54.500667+00:00,USD->MXN,25000,Wise,bank
2026-09-26T07:06:54.500667+00:00,USD->MXN,50000,Airwallex,bank
2026-09-26T07:06:54.500667+00:00,USD->MXN,50000,Wise,bank
2026-09-26T08:06:53.350174+00:00,AUD->PHP,200,Airwallex,bank
2026-09-26T08:06:53.350174+00:00,AUD->PHP,200,Wise,bank
2026-09-26T08:06:53.350174+00:00,AUD->PHP,200,Instarem,bank
2026-09-26T08:06:53.350174+00:00,AUD->PHP,1000,Airwallex,bank
2026-09-26T08:06:53.350174+00:00,AUD->PHP,1000,Wise,bank
2026-09-26T08:06:53.350174+00:00,AUD->PHP,1000,Instarem,bank
2026-09-26T08:06:53.350174+00:00,AUD->PHP,5000,Airwallex,bank
2026-09-26T08:06:53.350174+00:00,AUD->PHP,5000,Wise,bank
2026-09-26T08:06:53.350174+00:00,AUD->PHP,5000,Instarem,bank
2026-09-26T08:06:53.350174+00:00,AUD->PHP,25000,Airwallex,bank
2026-09-26T08:06:53.350174+00:00,AUD->PHP,25000,Wise,bank
2026-09-26T08:06:53.350174+00:00,AUD->PHP,25000,Instarem,bank
2026-09-26T08:06:53.350174+00:00,AUD->PHP,50000,Airwallex,bank
2026-09-26T08:06:53.350174+00:00,AUD->PHP,50000,Wise,bank
2026-09-26T08:06:53.350174+00:00,AUD->PHP,50000,Instarem,bank
2026-09-26T08:06:53.350174+00:00,NZD->PHP,200,Airwallex,bank
2026-09-26T08:06:53.350174+00:00,NZD->PHP,200,Wise,bank
2026-09-26T08:06:53.350174+00:00,NZD->PHP,1000,Airwallex,bank
2026-09-26T08:06:53.350174+00:00,NZD->PHP,1000,Wise,bank
2026-09-26T08:06:53.350174+00:00,NZD->PHP,5000,Airwallex,bank
2026-09-26T08:06:53.350174+00:00,NZD->PHP,5000,Wise,bank
2026-09-26T08:06:53.350174+00:00,NZD->PHP,25000,Airwallex,bank
2026-09-26T08:06:53.350174+00:00,NZD->PHP,25000,Wise,bank
2026-09-26T08:06:53.350174+00:00,NZD->PHP,50000,Airwallex,bank
2026-09-26T08:06:53.350174+00:00,NZD->PHP,50000,Wise,bank
2026-09-26T08:06:53.350174+00:00,SGD->PHP,200,Airwallex,bank
2026-09-26T08:06:53.350174+00:00,SGD->PHP,200,Wise,bank
2026-09-26T08:06:53.350174+00:00,SGD->PHP,200,Instarem,bank
2026-09-26T08:06:53.350174+00:00,SGD->PHP,1000,Airwallex,bank
2026-09-26T08:06:53.350174+00:00,SGD->PHP,1000,Wise,bank
2026-09-26T08:06:53.350174+00:00,SGD->PHP,1000,Instarem,bank
2026-09-26T08:06:53.350174+00:00,SGD->PHP,5000,Airwallex,bank
2026-09-26T08:06:53.350174+00:00,SGD->PHP,5000,Wise,bank
2026-09-26T08:06:53.350174+00:00,SGD->PHP,5000,Instarem,bank
2026-09-26T08:06:53.350174+00:00,SGD->PHP,25000,Airwallex,bank
2026-09-26T08:06:53.350174+00:00,SGD->PHP,25000,Wise,bank
2026-09-26T08:06:53.350174+00:00,SGD->PHP,25000,Instarem,bank
2026-09-26T08:06:53.350174+00:00,SGD->PHP,50000,Airwallex,bank
2026-09-26T08:06:53.350174+00:00,SGD->PHP,50000,Wise,bank
2026-09-26T08:06:53.350174+00:00,SGD->PHP,50000,Instarem,bank
2026-09-26T08:06:53.350174+00:00,USD->MXN,200,Airwallex,bank
2026-09-26T08:06:53.350174+00:00,USD->MXN,200,Wise,bank
2026-09-26T08:06:53.350174+00:00,USD->MXN,1000,Airwallex,bank
2026-09-26T08:06:53.350174+00:00,USD->MXN,1000,Wise,bank
2026-09-26T08:06:53.350174+00:00,USD->MXN,5000,Airwallex,bank
2026-09-26T08:06:53.350174+00:00,USD->MXN,5000,Wise,bank
2026-09-26T08:06:53.350174+00:00,USD->MXN,25000,Airwallex,bank
2026-09-26T08:06:53.350174+00:00,USD->MXN,25000,Wise,bank
2026-09-26T08:06:53.350174+00:00,USD->MXN,50000,Airwallex,bank
2026-09-26T08:06:53.350174+00:00,USD->MXN,50000,Wise,bank
2026-09-26T09:06:50.564237+00:00,AUD->PHP,200,Airwallex,bank
2026-09-26T09:06:50.564237+00:00,AUD->PHP,200,Wise,bank
2026-09-26T09:06:50.564237+00:00,AUD->PHP,200,Instarem,bank
2026-09-26T09:06:50.564237+00:00,AUD->PHP,1000,Airwallex,bank
2026-09-26T09:06:50.564237+00:00,AUD->PHP,1000,Wise,bank
2026-09-26T09:06:50.564237+00:00,AUD->PHP,1000,Instarem,bank
2026-09-26T09:06:50.564237+00:00,AUD->PHP,5000,Airwallex,bank
2026-09-26T09:06:50.564237+00:00,AUD->PHP,5000,Wise,bank
2026-09-26T09:06:50.564237+00:00,AUD->PHP,5000,Instarem,bank
2026-09-26T09:06:50.564237+00:00,AUD->PHP,25000,Airwallex,bank
2026-09-26T09:06:50.564237+00:00,AUD->PHP,25000,Wise,bank
2026-09-26T09:06:50.564237+00:00,AUD->PHP,25000,Instarem,bank
2026-09-26T09:06:50.564237+00:00,AUD->PHP,50000,Airwallex,bank
2026-09-26T09:06:50.564237+00:00,AUD->PHP,50000,Wise,bank
2026-09-26T09:06:50.564237+00:00,AUD->PHP,50000,Instarem,bank
2026-09-26T09:06:50.564237+00:00,NZD->PHP,200,Airwallex,bank
2026-09-26T09:06:50.564237+00:00,NZD->PHP,200,Wise,bank
2026-09-26T09:06:50.564237+00:00,NZD->PHP,1000,Airwallex,bank
2026-09-26T09:06:50.564237+00:00,NZD->PHP,1000,Wise,bank
2026-09-26T09:06:50.564237+00:00,NZD->PHP,5000,Airwallex,bank
2026-09-26T09:06:50.564237+00:00,NZD->PHP,5000,Wise,bank
2026-09-26T09:06:50.564237+00:00,NZD->PHP,25000,Airwallex,bank
2026-09-26T09:06:50.564237+00:00,NZD->PHP,25000,Wise,bank
2026-09-26T09:06:50.564237+00:00,NZD->PHP,50000,Airwallex,bank
2026-09-26T09:06:50.564237+00:00,NZD->PHP,50000,Wise,bank
2026-09-26T09:06:50.564237+00:00,SGD->PHP,200,Airwallex,bank
2026-09-26T09:06:50.564237+00:00,SGD->PHP,200,Wise,bank
2026-09-26T09:06:50.564237+00:00,SGD->PHP,200,Instarem,bank
2026-09-26T09:06:50.564237+00:00,SGD->PHP,1000,Airwallex,bank
2026-09-26T09:06:50.564237+00:00,SGD->PHP,1000,Wise,bank
2026-09-26T09:06:50.564237+00:00,SGD->PHP,1000,Instarem,bank
2026-09-26T09:06:50.564237+00:00,SGD->PHP,5000,Airwallex,bank
2026-09-26T09:06:50.564237+00:00,SGD->PHP,5000,Wise,bank
2026-09-26T09:06:50.564237+00:00,SGD->PHP,5000,Instarem,bank
2026-09-26T09:06:50.564237+00:00,SGD->PHP,25000,Airwallex,bank
2026-09-26T09:06:50.564237+00:00,SGD->PHP,25000,Wise,bank
2026-09-26T09:06:50.564237+00:00,SGD->PHP,25000,Instarem,bank
2026-09-26T09:06:50.564237+00:00,SGD->PHP,50000,Airwallex,bank
2026-09-26T09:06:50.564237+00:00,SGD->PHP,50000,Wise,bank
2026-09-26T09:06:50.564237+00:00,SGD->PHP,50000,Instarem,bank
2026-09-26T09:06:50.564237+00:00,USD->MXN,200,Airwallex,bank
2026-09-26T09:06:50.564237+00:00,USD->MXN,200,Wise,bank
2026-09-26T09:06:50.564237+00:00,USD->MXN,1000,Airwallex,bank
2026-09-26T09:06:50.564237+00:00,USD->MXN,1000,Wise,bank
2026-09-26T09:06:50.564237+00:00,USD->MXN,5000,Airwallex,bank
2026-09-26T09:06:50.564237+00:00,USD->MXN,5000,Wise,bank
2026-09-26T09:06:50.564237+00:00,USD->MXN,25000,Airwallex,bank
2026-09-26T09:06:50.564237+00:00,USD->MXN,25000,Wise,bank
2026-09-26T09:06:50.564237+00:00,USD->MXN,50000,Airwallex,bank
2026-09-26T09:06:50.564237+00:00,USD->MXN,50000,Wise,bank
2026-09-26T10:06:56.809508+00:00,AUD->PHP,200,Airwallex,bank
2026-09-26T10:06:56.809508+00:00,AUD->PHP,200,Wise,bank
2026-09-26T10:06:56.809508+00:00,AUD->PHP,200,Instarem,bank
2026-09-26T10:06:56.809508+00:00,AUD->PHP,1000,Airwallex,bank
2026-09-26T10:06:56.809508+00:00,AUD->PHP,1000,Wise,bank
2026-09-26T10:06:56.809508+00:00,AUD->PHP,1000,Instarem,bank
2026-09-26T10:06:56.809508+00:00,AUD->PHP,5000,Airwallex,bank
2026-09-26T10:06:56.809508+00:00,AUD->PHP,5000,Wise,bank
2026-09-26T10:06:56.809508+00:00,AUD->PHP,5000,Instarem,bank
2026-09-26T10:06:56.809508+00:00,AUD->PHP,25000,Airwallex,bank
2026-09-26T10:06:56.809508+00:00,AUD->PHP,25000,Wise,bank
2026-09-26T10:06:56.809508+00:00,AUD->PHP,25000,Instarem,bank
2026-09-26T10:06:56.809508+00:00,AUD->PHP,50000,Airwallex,bank
2026-09-26T10:06:56.809508+00:00,AUD->PHP,50000,Wise,bank
2026-09-26T10:06:56.809508+00:00,AUD->PHP,50000,Instarem,bank
2026-09-26T10:06:56.809508+00:00,NZD->PHP,200,Airwallex,bank
2026-09-26T10:06:56.809508+00:00,NZD->PHP,200,Wise,bank
2026-09-26T10:06:56.809508+00:00,NZD->PHP,1000,Airwallex,bank
2026-09-26T10:06:56.809508+00:00,NZD->PHP,1000,Wise,bank
2026-09-26T10:06:56.809508+00:00,NZD->PHP,5000,Airwallex,bank
2026-09-26T10:06:56.809508+00:00,NZD->PHP,5000,Wise,bank
2026-09-26T10:06:56.809508+00:00,NZD->PHP,25000,Airwallex,bank
2026-09-26T10:06:56.809508+00:00,NZD->PHP,25000,Wise,bank
2026-09-26T10:06:56.809508+00:00,NZD->PHP,50000,Airwallex,bank
2026-09-26T10:06:56.809508+00:00,NZD->PHP,50000,Wise,bank
2026-09-26T10:06:56.809508+00:00,SGD->PHP,200,Airwallex,bank
2026-09-26T10:06:56.809508+00:00,SGD->PHP,200,Wise,bank
2026-09-26T10:06:56.809508+00:00,SGD->PHP,200,Instarem,bank
2026-09-26T10:06:56.809508+00:00,SGD->PHP,1000,Airwallex,bank
2026-09-26T10:06:56.809508+00:00,SGD->PHP,1000,Wise,bank
2026-09-26T10:06:56.809508+00:00,SGD->PHP,1000,Instarem,bank
2026-09-26T10:06:56.809508+00:00,SGD->PHP,5000,Airwallex,bank
2026-09-26T10:06:56.809508+00:00,SGD->PHP,5000,Wise,bank
2026-09-26T10:06:56.809508+00:00,SGD->PHP,5000,Instarem,bank
2026-09-26T10:06:56.809508+00:00,SGD->PHP,25000,Airwallex,bank
2026-09-26T10:06:56.809508+00:00,SGD->PHP,25000,Wise,bank
2026-09-26T10:06:56.809508+00:00,SGD->PHP,25000,Instarem,bank
2026-09-26T10:06:56.809508+00:00,SGD->PHP,50000,Airwallex,bank
2026-09-26T10:06:56.809508+00:00,SGD->PHP,50000,Wise,bank
2026-09-26T10:06:56.809508+00:00,SGD->PHP,50000,Instarem,bank
2026-09-26T10:06:56.809508+00:00,USD->MXN,200,Airwallex,bank
2026-09-26T10:06:56.809508+00:00,USD->MXN,200,Wise,bank
2026-09-26T10:06:56.809508+00:00,USD->MXN,1000,Airwallex,bank
2026-09-26T10:06:56.809508+00:00,USD->MXN,1000,Wise,bank
2026-09-26T10:06:56.809508+00:00,USD->MXN,5000,Airwallex,bank
2026-09-26T10:06:56.809508+00:00,USD->MXN,5000,Wise,bank
2026-09-26T10:06:56.809508+00:00,USD->MXN,25000,Airwallex,bank
2026-09-26T10:06:56.809508+00:00,USD->MXN,25000,Wise,bank
2026-09-26T10:06:56.809508+00:00,USD->MXN,50000,Airwallex,bank
2026-09-26T10:06:56.809508+00:00,USD->MXN,50000,Wise,bank
2026-09-26T11:07:03.720525+00:00,AUD->PHP,200,Airwallex,bank
2026-09-26T11:07:03.720525+00:00,AUD->PHP,200,Wise,bank
2026-09-26T11:07:03.720525+00:00,AUD->PHP,200,Instarem,bank
2026-09-26T11:07:03.720525+00:00,AUD->PHP,1000,Airwallex,bank
2026-09-26T11:07:03.720525+00:00,AUD->PHP,1000,Wise,bank
2026-09-26T11:07:03.720525+00:00,AUD->PHP,1000,Instarem,bank
2026-09-26T11:07:03.720525+00:00,AUD->PHP,5000,Airwallex,bank
2026-09-26T11:07:03.720525+00:00,AUD->PHP,5000,Wise,bank
2026-09-26T11:07:03.720525+00:00,AUD->PHP,5000,Instarem,bank
2026-09-26T11:07:03.720525+00:00,AUD->PHP,25000,Airwallex,bank
2026-09-26T11:07:03.720525+00:00,AUD->PHP,25000,Wise,bank
2026-09-26T11:07:03.720525+00:00,AUD->PHP,25000,Instarem,bank
2026-09-26T11:07:03.720525+00:00,AUD->PHP,50000,Airwallex,bank
2026-09-26T11:07:03.720525+00:00,AUD->PHP,50000,Wise,bank
2026-09-26T11:07:03.720525+00:00,AUD->PHP,50000,Instarem,bank
2026-09-26T11:07:03.720525+00:00,NZD->PHP,200,Airwallex,bank
2026-09-26T11:07:03.720525+00:00,NZD->PHP,200,Wise,bank
2026-09-26T11:07:03.720525+00:00,NZD->PHP,1000,Airwallex,bank
2026-09-26T11:07:03.720525+00:00,NZD->PHP,1000,Wise,bank
2026-09-26T11:07:03.720525+00:00,NZD->PHP,5000,Airwallex,bank
2026-09-26T11:07:03.720525+00:00,NZD->PHP,5000,Wise,bank
2026-09-26T11:07:03.720525+00:00,NZD->PHP,25000,Airwallex,bank
2026-09-26T11:07:03.720525+00:00,NZD->PHP,25000,Wise,bank
2026-09-26T11:07:03.720525+00:00,NZD->PHP,50000,Airwallex,bank
2026-09-26T11:07:03.720525+00:00,NZD->PHP,50000,Wise,bank
2026-09-26T11:07:03.720525+00:00,SGD->PHP,200,Airwallex,bank
2026-09-26T11:07:03.720525+00:00,SGD->PHP,200,Wise,bank
2026-09-26T11:07:03.720525+00:00,SGD->PHP,200,Instarem,bank
2026-09-26T11:07:03.720525+00:00,SGD->PHP,1000,Airwallex,bank
2026-09-26T11:07:03.720525+00:00,SGD->PHP,1000,Wise,bank
2026-09-26T11:07:03.720525+00:00,SGD->PHP,1000,Instarem,bank
2026-09-26T11:07:03.720525+00:00,SGD->PHP,5000,Airwallex,bank
2026-09-26T11:07:03.720525+00:00,SGD->PHP,5000,Wise,bank
2026-09-26T11:07:03.720525+00:00,SGD->PHP,5000,Instarem,bank
2026-09-26T11:07:03.720525+00:00,SGD->PHP,25000,Airwallex,bank
2026-09-26T11:07:03.720525+00:00,SGD->PHP,25000,Wise,bank
2026-09-26T11:07:03.720525+00:00,SGD->PHP,25000,Instarem,bank
2026-09-26T11:07:03.720525+00:00,SGD->PHP,50000,Airwallex,bank
2026-09-26T11:07:03.720525+00:00,SGD->PHP,50000,Wise,bank
2026-09-26T11:07:03.720525+00:00,SGD->PHP,50000,Instarem,bank
2026-09-26T11:07:03.720525+00:00,USD->MXN,200,Airwallex,bank
2026-09-26T11:07:03.720525+00:00,USD->MXN,200,Wise,bank
2026-09-26T11:07:03.720525+00:00,USD->MXN,1000,Airwallex,bank
2026-09-26T11:07:03.720525+00:00,USD->MXN,1000,Wise,bank
2026-09-26T11:07:03.720525+00:00,USD->MXN,5000,Airwallex,bank
2026-09-26T11:07:03.720525+00:00,USD->MXN,5000,Wise,bank
2026-09-26T11:07:03.720525+00:00,USD->MXN,25000,Airwallex,bank
2026-09-26T11:07:03.720525+00:00,USD->MXN,25000,Wise,bank
2026-09-26T11:07:03.720525+00:00,USD->MXN,50000,Airwallex,bank
2026-09-26T11:07:03.720525+00:00,USD->MXN,50000,Wise,bank
2026-09-26T12:56:15.797876+00:00,AUD->PHP,200,Airwallex,bank
2026-09-26T12:56:15.797876+00:00,AUD->PHP,200,Wise,bank
2026-09-26T12:56:15.797876+00:00,AUD->PHP,200,Instarem,bank
2026-09-26T12:56:15.797876+00:00,AUD->PHP,1000,Airwallex,bank
2026-09-26T12:56:15.797876+00:00,AUD->PHP,1000,Wise,bank
2026-09-26T12:56:15.797876+00:00,AUD->PHP,1000,Instarem,bank
2026-09-26T12:56:15.797876+00:00,AUD->PHP,5000,Airwallex,bank
2026-09-26T12:56:15.797876+00:00,AUD->PHP,5000,Wise,bank
2026-09-26T12:56:15.797876+00:00,AUD->PHP,5000,Instarem,bank
2026-09-26T12:56:15.797876+00:00,AUD->PHP,25000,Airwallex,bank
2026-09-26T12:56:15.797876+00:00,AUD->PHP,25000,Wise,bank
2026-09-26T12:56:15.797876+00:00,AUD->PHP,25000,Instarem,bank
2026-09-26T12:56:15.797876+00:00,AUD->PHP,50000,Airwallex,bank
2026-09-26T12:56:15.797876+00:00,AUD->PHP,50000,Wise,bank
2026-09-26T12:56:15.797876+00:00,AUD->PHP,50000,Instarem,bank
2026-09-26T12:56:15.797876+00:00,NZD->PHP,200,Airwallex,bank
2026-09-26T12:56:15.797876+00:00,NZD->PHP,200,Wise,bank
2026-09-26T12:56:15.797876+00:00,NZD->PHP,1000,Airwallex,bank
2026-09-26T12:56:15.797876+00:00,NZD->PHP,1000,Wise,bank
2026-09-26T12:56:15.797876+00:00,NZD->PHP,5000,Airwallex,bank
2026-09-26T12:56:15.797876+00:00,NZD->PHP,5000,Wise,bank
2026-09-26T12:56:15.797876+00:00,NZD->PHP,25000,Airwallex,bank
2026-09-26T12:56:15.797876+00:00,NZD->PHP,25000,Wise,bank
2026-09-26T12:56:15.797876+00:00,NZD->PHP,50000,Airwallex,bank
2026-09-26T12:56:15.797876+00:00,NZD->PHP,50000,Wise,bank
2026-09-26T12:56:15.797876+00:00,SGD->PHP,200,Airwallex,bank
2026-09-26T12:56:15.797876+00:00,SGD->PHP,200,Wise,bank
2026-09-26T12:56:15.797876+00:00,SGD->PHP,200,Instarem,bank
2026-09-26T12:56:15.797876+00:00,SGD->PHP,1000,Airwallex,bank
2026-09-26T12:56:15.797876+00:00,SGD->PHP,1000,Wise,bank
2026-09-26T12:56:15.797876+00:00,SGD->PHP,1000,Instarem,bank
2026-09-26T12:56:15.797876+00:00,SGD->PHP,5000,Airwallex,bank
2026-09-26T12:56:15.797876+00:00,SGD->PHP,5000,Wise,bank
2026-09-26T12:56:15.797876+00:00,SGD->PHP,5000,Instarem,bank
2026-09-26T12:56:15.797876+00:00,SGD->PHP,25000,Airwallex,bank
2026-09-26T12:56:15.797876+00:00,SGD->PHP,25000,Wise,bank
2026-09-26T12:56:15.797876+00:00,SGD->PHP,25000,Instarem,bank
2026-09-26T12:56:15.797876+00:00,SGD->PHP,50000,Airwallex,bank
2026-09-26T12:56:15.797876+00:00,SGD->PHP,50000,Wise,bank
2026-09-26T12:56:15.797876+00:00,SGD->PHP,50000,Instarem,bank
2026-09-26T12:56:15.797876+00:00,USD->MXN,200,Airwallex,bank
2026-09-26T12:56:15.797876+00:00,USD->MXN,200,Wise,bank
2026-09-26T12:56:15.797876+00:00,USD->MXN,1000,Airwallex,bank
2026-09-26T12:56:15.797876+00:00,USD->MXN,1000,Wise,bank
2026-09-26T12:56:15.797876+00:00,USD->MXN,5000,Airwallex,bank
2026-09-26T12:56:15.797876+00:00,USD->MXN,5000,Wise,bank
2026-09-26T12:56:15.797876+00:00,USD->MXN,25000,Airwallex,bank
2026-09-26T12:56:15.797876+00:00,USD->MXN,25000,Wise,bank
2026-09-26T12:56:15.797876+00:00,USD->MXN,50000,Airwallex,bank
2026-09-26T12:56:15.797876+00:00,USD->MXN,50000,Wise,bank
2026-09-26T13:06:57.129768+00:00,AUD->PHP,200,Airwallex,bank
2026-09-26T13:06:57.129768+00:00,AUD->PHP,200,Wise,bank
2026-09-26T13:06:57.129768+00:00,AUD->PHP,200,Instarem,bank
2026-09-26T13:06:57.129768+00:00,AUD->PHP,1000,Airwallex,bank
2026-09-26T13:06:57.129768+00:00,AUD->PHP,1000,Wise,bank
2026-09-26T13:06:57.129768+00:00,AUD->PHP,1000,Instarem,bank
2026-09-26T13:06:57.129768+00:00,AUD->PHP,5000,Airwallex,bank
2026-09-26T13:06:57.129768+00:00,AUD->PHP,5000,Wise,bank
2026-09-26T13:06:57.129768+00:00,AUD->PHP,5000,Instarem,bank
2026-09-26T13:06:57.129768+00:00,AUD->PHP,25000,Airwallex,bank
2026-09-26T13:06:57.129768+00:00,AUD->PHP,25000,Wise,bank
2026-09-26T13:06:57.129768+00:00,AUD->PHP,25000,Instarem,bank
2026-09-26T13:06:57.129768+00:00,AUD->PHP,50000,Airwallex,bank
2026-09-26T13:06:57.129768+00:00,AUD->PHP,50000,Wise,bank
2026-09-26T13:06:57.129768+00:00,AUD->PHP,50000,Instarem,bank
2026-09-26T13:06:57.129768+00:00,NZD->PHP,200,Airwallex,bank
2026-09-26T13:06:57.129768+00:00,NZD->PHP,200,Wise,bank
2026-09-26T13:06:57.129768+00:00,NZD->PHP,1000,Airwallex,bank
2026-09-26T13:06:57.129768+00:00,NZD->PHP,1000,Wise,bank
2026-09-26T13:06:57.129768+00:00,NZD->PHP,5000,Airwallex,bank
2026-09-26T13:06:57.129768+00:00,NZD->PHP,5000,Wise,bank
2026-09-26T13:06:57.129768+00:00,NZD->PHP,25000,Airwallex,bank
2026-09-26T13:06:57.129768+00:00,NZD->PHP,25000,Wise,bank
2026-09-26T13:06:57.129768+00:00,NZD->PHP,50000,Airwallex,bank
2026-09-26T13:06:57.129768+00:00,NZD->PHP,50000,Wise,bank
2026-09-26T13:06:57.129768+00:00,SGD->PHP,200,Airwallex,bank
2026-09-26T13:06:57.129768+00:00,SGD->PHP,200,Wise,bank
2026-09-26T13:06:57.129768+00:00,SGD->PHP,200,Instarem,bank
2026-09-26T13:06:57.129768+00:00,SGD->PHP,1000,Airwallex,bank
2026-09-26T13:06:57.129768+00:00,SGD->PHP,1000,Wise,bank
2026-09-26T13:06:57.129768+00:00,SGD->PHP,1000,Instarem,bank
2026-09-26T13:06:57.129768+00:00,SGD->PHP,5000,Airwallex,bank
2026-09-26T13:06:57.129768+00:00,SGD->PHP,5000,Wise,bank
2026-09-26T13:06:57.129768+00:00,SGD->PHP,5000,Instarem,bank
2026-09-26T13:06:57.129768+00:00,SGD->PHP,25000,Airwallex,bank
2026-09-26T13:06:57.129768+00:00,SGD->PHP,25000,Wise,bank
2026-09-26T13:06:57.129768+00:00,SGD->PHP,25000,Instarem,bank
2026-09-26T13:06:57.129768+00:00,SGD->PHP,50000,Airwallex,bank
2026-09-26T13:06:57.129768+00:00,SGD->PHP,50000,Wise,bank
2026-09-26T13:06:57.129768+00:00,SGD->PHP,50000,Instarem,bank
2026-09-26T13:06:57.129768+00:00,USD->MXN,200,Airwallex,bank
2026-09-26T13:06:57.129768+00:00,USD->MXN,200,Wise,bank
2026-09-26T13:06:57.129768+00:00,USD->MXN,1000,Airwallex,bank
2026-09-26T13:06:57.129768+00:00,USD->MXN,1000,Wise,bank
2026-09-26T13:06:57.129768+00:00,USD->MXN,5000,Airwallex,bank
2026-09-26T13:06:57.129768+00:00,USD->MXN,5000,Wise,bank
2026-09-26T13:06:57.129768+00:00,USD->MXN,25000,Airwallex,bank
2026-09-26T13:06:57.129768+00:00,USD->MXN,25000,Wise,bank
2026-09-26T13:06:57.129768+00:00,USD->MXN,50000,Airwallex,bank
2026-09-26T13:06:57.129768+00:00,USD->MXN,50000,Wise,bank
2026-09-26T14:06:54.917494+00:00,AUD->PHP,200,Airwallex,bank
2026-09-26T14:06:54.917494+00:00,AUD->PHP,200,Wise,bank
2026-09-26T14:06:54.917494+00:00,AUD->PHP,200,Instarem,bank
2026-09-26T14:06:54.917494+00:00,AUD->PHP,1000,Airwallex,bank
2026-09-26T14:06:54.917494+00:00,AUD->PHP,1000,Wise,bank
2026-09-26T14:06:54.917494+00:00,AUD->PHP,1000,Instarem,bank
2026-09-26T14:06:54.917494+00:00,AUD->PHP,5000,Airwallex,bank
2026-09-26T14:06:54.917494+00:00,AUD->PHP,5000,Wise,bank
2026-09-26T14:06:54.917494+00:00,AUD->PHP,5000,Instarem,bank
2026-09-26T14:06:54.917494+00:00,AUD->PHP,25000,Airwallex,bank
2026-09-26T14:06:54.917494+00:00,AUD->PHP,25000,Wise,bank
2026-09-26T14:06:54.917494+00:00,AUD->PHP,25000,Instarem,bank
2026-09-26T14:06:54.917494+00:00,AUD->PHP,50000,Airwallex,bank
2026-09-26T14:06:54.917494+00:00,AUD->PHP,50000,Wise,bank
2026-09-26T14:06:54.917494+00:00,AUD->PHP,50000,Instarem,bank
2026-09-26T14:06:54.917494+00:00,NZD->PHP,200,Airwallex,bank
2026-09-26T14:06:54.917494+00:00,NZD->PHP,200,Wise,bank
2026-09-26T14:06:54.917494+00:00,NZD->PHP,1000,Airwallex,bank
2026-09-26T14:06:54.917494+00:00,NZD->PHP,1000,Wise,bank
2026-09-26T14:06:54.917494+00:00,NZD->PHP,5000,Airwallex,bank
2026-09-26T14:06:54.917494+00:00,NZD->PHP,5000,Wise,bank
2026-09-26T14:06:54.917494+00:00,NZD->PHP,25000,Airwallex,bank
2026-09-26T14:06:54.917494+00:00,NZD->PHP,25000,Wise,bank
2026-09-26T14:06:54.917494+00:00,NZD->PHP,50000,Airwallex,bank
2026-09-26T14:06:54.917494+00:00,NZD->PHP,50000,Wise,bank
2026-09-26T14:06:54.917494+00:00,SGD->PHP,200,Airwallex,bank
2026-09-26T14:06:54.917494+00:00,SGD->PHP,200,Wise,bank
2026-09-26T14:06:54.917494+00:00,SGD->PHP,200,Instarem,bank
2026-09-26T14:06:54.917494+00:00,SGD->PHP,1000,Airwallex,bank
2026-09-26T14:06:54.917494+00:00,SGD->PHP,1000,Wise,bank
2026-09-26T14:06:54.917494+00:00,SGD->PHP,1000,Instarem,bank
2026-09-26T14:06:54.917494+00:00,SGD->PHP,5000,Airwallex,bank
2026-09-26T14:06:54.917494+00:00,SGD->PHP,5000,Wise,bank
2026-09-26T14:06:54.917494+00:00,SGD->PHP,5000,Instarem,bank
2026-09-26T14:06:54.917494+00:00,SGD->PHP,25000,Airwallex,bank
2026-09-26T14:06:54.917494+00:00,SGD->PHP,25000,Wise,bank
2026-09-26T14:06:54.917494+00:00,SGD->PHP,25000,Instarem,bank
2026-09-26T14:06:54.917494+00:00,SGD->PHP,50000,Airwallex,bank
2026-09-26T14:06:54.917494+00:00,SGD->PHP,50000,Wise,bank
2026-09-26T14:06:54.917494+00:00,SGD->PHP,50000,Instarem,bank
2026-09-26T14:06:54.917494+00:00,USD->MXN,200,Airwallex,bank
2026-09-26T14:06:54.917494+00:00,USD->MXN,200,Wise,bank
2026-09-26T14:06:54.917494+00:00,USD->MXN,1000,Airwallex,bank
2026-09-26T14:06:54.917494+00:00,USD->MXN,1000,Wise,bank
2026-09-26T14:06:54.917494+00:00,USD->MXN,5000,Airwallex,bank
2026-09-26T14:06:54.917494+00:00,USD->MXN,5000,Wise,bank
2026-09-26T14:06:54.917494+00:00,USD->MXN,25000,Airwallex,bank
2026-09-26T14:06:54.917494+00:00,USD->MXN,25000,Wise,bank
2026-09-26T14:06:54.917494+00:00,USD->MXN,50000,Airwallex,bank
2026-09-26T14:06:54.917494+00:00,USD->MXN,50000,Wise,bank
2026-09-26T15:06:53.904182+00:00,AUD->PHP,200,Airwallex,bank
2026-09-26T15:06:53.904182+00:00,AUD->PHP,200,Wise,bank
2026-09-26T15:06:53.904182+00:00,AUD->PHP,200,Instarem,bank
2026-09-26T15:06:53.904182+00:00,AUD->PHP,1000,Airwallex,bank
2026-09-26T15:06:53.904182+00:00,AUD->PHP,1000,Wise,bank
2026-09-26T15:06:53.904182+00:00,AUD->PHP,1000,Instarem,bank
2026-09-26T15:06:53.904182+00:00,AUD->PHP,5000,Airwallex,bank
2026-09-26T15:06:53.904182+00:00,AUD->PHP,5000,Wise,bank
2026-09-26T15:06:53.904182+00:00,AUD->PHP,5000,Instarem,bank
2026-09-26T15:06:53.904182+00:00,AUD->PHP,25000,Airwallex,bank
2026-09-26T15:06:53.904182+00:00,AUD->PHP,25000,Wise,bank
2026-09-26T15:06:53.904182+00:00,AUD->PHP,25000,Instarem,bank
2026-09-26T15:06:53.904182+00:00,AUD->PHP,50000,Airwallex,bank
2026-09-26T15:06:53.904182+00:00,AUD->PHP,50000,Wise,bank
2026-09-26T15:06:53.904182+00:00,AUD->PHP,50000,Instarem,bank
2026-09-26T15:06:53.904182+00:00,NZD->PHP,200,Airwallex,bank
2026-09-26T15:06:53.904182+00:00,NZD->PHP,200,Wise,bank
2026-09-26T15:06:53.904182+00:00,NZD->PHP,1000,Airwallex,bank
2026-09-26T15:06:53.904182+00:00,NZD->PHP,1000,Wise,bank
2026-09-26T15:06:53.904182+00:00,NZD->PHP,5000,Airwallex,bank
2026-09-26T15:06:53.904182+00:00,NZD->PHP,5000,Wise,bank
2026-09-26T15:06:53.904182+00:00,NZD->PHP,25000,Airwallex,bank
2026-09-26T15:06:53.904182+00:00,NZD->PHP,25000,Wise,bank
2026-09-26T15:06:53.904182+00:00,NZD->PHP,50000,Airwallex,bank
2026-09-26T15:06:53.904182+00:00,NZD->PHP,50000,Wise,bank
2026-09-26T15:06:53.904182+00:00,SGD->PHP,200,Airwallex,bank
2026-09-26T15:06:53.904182+00:00,SGD->PHP,200,Wise,bank
2026-09-26T15:06:53.904182+00:00,SGD->PHP,200,Instarem,bank
2026-09-26T15:06:53.904182+00:00,SGD->PHP,1000,Airwallex,bank
2026-09-26T15:06:53.904182+00:00,SGD->PHP,1000,Wise,bank
2026-09-26T15:06:53.904182+00:00,SGD->PHP,1000,Instarem,bank
2026-09-26T15:06:53.904182+00:00,SGD->PHP,5000,Airwallex,bank
2026-09-26T15:06:53.904182+00:00,SGD->PHP,5000,Wise,bank
2026-09-26T15:06:53.904182+00:00,SGD->PHP,5000,Instarem,bank
2026-09-26T15:06:53.904182+00:00,SGD->PHP,25000,Airwallex,bank
2026-09-26T15:06:53.904182+00:00,SGD->PHP,25000,Wise,bank
2026-09-26T15:06:53.904182+00:00,SGD->PHP,25000,Instarem,bank
2026-09-26T15:06:53.904182+00:00,SGD->PHP,50000,Airwallex,bank
2026-09-26T15:06:53.904182+00:00,SGD->PHP,50000,Wise,bank
2026-09-26T15:06:53.904182+00:00,SGD->PHP,50000,Instarem,bank
2026-09-26T15:06:53.904182+00:00,USD->MXN,200,Airwallex,bank
2026-09-26T15:06:53.904182+00:00,USD->MXN,200,Wise,bank
2026-09-26T15:06:53.904182+00:00,USD->MXN,1000,Airwallex,bank
2026-09-26T15:06:53.904182+00:00,USD->MXN,1000,Wise,bank
2026-09-26T15:06:53.904182+00:00,USD->MXN,5000,Airwallex,bank
2026-09-26T15:06:53.904182+00:00,USD->MXN,5000,Wise,bank
2026-09-26T15:06:53.904182+00:00,USD->MXN,25000,Airwallex,bank
2026-09-26T15:06:53.904182+00:00,USD->MXN,25000,Wise,bank
2026-09-26T15:06:53.904182+00:00,USD->MXN,50000,Airwallex,bank
2026-09-26T15:06:53.904182+00:00,USD->MXN,50000,Wise,bank
2026-09-26T16:06:52.700518+00:00,AUD->PHP,200,Airwallex,bank
2026-09-26T16:06:52.700518+00:00,AUD->PHP,200,Wise,bank
2026-09-26T16:06:52.700518+00:00,AUD->PHP,200,Instarem,bank
2026-09-26T16:06:52.700518+00:00,AUD->PHP,1000,Airwallex,bank
2026-09-26T16:06:52.700518+00:00,AUD->PHP,1000,Wise,bank
2026-09-26T16:06:52.700518+00:00,AUD->PHP,1000,Instarem,bank
2026-09-26T16:06:52.700518+00:00,AUD->PHP,5000,Airwallex,bank
2026-09-26T16:06:52.700518+00:00,AUD->PHP,5000,Wise,bank
2026-09-26T16:06:52.700518+00:00,AUD->PHP,5000,Instarem,bank
2026-09-26T16:06:52.700518+00:00,AUD->PHP,25000,Airwallex,bank
2026-09-26T16:06:52.700518+00:00,AUD->PHP,25000,Wise,bank
2026-09-26T16:06:52.700518+00:00,AUD->PHP,25000,Instarem,bank
2026-09-26T16:06:52.700518+00:00,AUD->PHP,50000,Airwallex,bank
2026-09-26T16:06:52.700518+00:00,AUD->PHP,50000,Wise,bank
2026-09-26T16:06:52.700518+00:00,AUD->PHP,50000,Instarem,bank
2026-09-26T16:06:52.700518+00:00,NZD->PHP,200,Airwallex,bank
2026-09-26T16:06:52.700518+00:00,NZD->PHP,200,Wise,bank
2026-09-26T16:06:52.700518+00:00,NZD->PHP,1000,Airwallex,bank
2026-09-26T16:06:52.700518+00:00,NZD->PHP,1000,Wise,bank
2026-09-26T16:06:52.700518+00:00,NZD->PHP,5000,Airwallex,bank
2026-09-26T16:06:52.700518+00:00,NZD->PHP,5000,Wise,bank
2026-09-26T16:06:52.700518+00:00,NZD->PHP,25000,Airwallex,bank
2026-09-26T16:06:52.700518+00:00,NZD->PHP,25000,Wise,bank
2026-09-26T16:06:52.700518+00:00,NZD->PHP,50000,Airwallex,bank
2026-09-26T16:06:52.700518+00:00,NZD->PHP,50000,Wise,bank
2026-09-26T16:06:52.700518+00:00,SGD->PHP,200,Airwallex,bank
2026-09-26T16:06:52.700518+00:00,SGD->PHP,200,Wise,bank
2026-09-26T16:06:52.700518+00:00,SGD->PHP,200,Instarem,bank
2026-09-26T16:06:52.700518+00:00,SGD->PHP,1000,Airwallex,bank
2026-09-26T16:06:52.700518+00:00,SGD->PHP,1000,Wise,bank
2026-09-26T16:06:52.700518+00:00,SGD->PHP,1000,Instarem,bank
2026-09-26T16:06:52.700518+00:00,SGD->PHP,5000,Airwallex,bank
2026-09-26T16:06:52.700518+00:00,SGD->PHP,5000,Wise,bank
2026-09-26T16:06:52.700518+00:00,SGD->PHP,5000,Instarem,bank
2026-09-26T16:06:52.700518+00:00,SGD->PHP,25000,Airwallex,bank
2026-09-26T16:06:52.700518+00:00,SGD->PHP,25000,Wise,bank
2026-09-26T16:06:52.700518+00:00,SGD->PHP,25000,Instarem,bank
2026-09-26T16:06:52.700518+00:00,SGD->PHP,50000,Airwallex,bank
2026-09-26T16:06:52.700518+00:00,SGD->PHP,50000,Wise,bank
2026-09-26T16:06:52.700518+00:00,SGD->PHP,50000,Instarem,bank
2026-09-26T16:06:52.700518+00:00,USD->MXN,200,Airwallex,bank
2026-09-26T16:06:52.700518+00:00,USD->MXN,200,Wise,bank
2026-09-26T16:06:52.700518+00:00,USD->MXN,1000,Airwallex,bank
2026-09-26T16:06:52.700518+00:00,USD->MXN,1000,Wise,bank
2026-09-26T16:06:52.700518+00:00,USD->MXN,5000,Airwallex,bank
2026-09-26T16:06:52.700518+00:00,USD->MXN,5000,Wise,bank
2026-09-26T16:06:52.700518+00:00,USD->MXN,25000,Airwallex,bank
2026-09-26T16:06:52.700518+00:00,USD->MXN,25000,Wise,bank
2026-09-26T16:06:52.700518+00:00,USD->MXN,50000,Airwallex,bank
2026-09-26T16:06:52.700518+00:00,USD->MXN,50000,Wise,bank
2026-09-26T17:07:33.673080+00:00,AUD->PHP,200,Airwallex,bank
2026-09-26T17:07:33.673080+00:00,AUD->PHP,200,Wise,bank
2026-09-26T17:07:33.673080+00:00,AUD->PHP,200,Instarem,bank
2026-09-26T17:07:33.673080+00:00,AUD->PHP,1000,Airwallex,bank
2026-09-26T17:07:33.673080+00:00,AUD->PHP,1000,Wise,bank
2026-09-26T17:07:33.673080+00:00,AUD->PHP,1000,Instarem,bank
2026-09-26T17:07:33.673080+00:00,AUD->PHP,5000,Airwallex,bank
2026-09-26T17:07:33.673080+00:00,AUD->PHP,5000,Wise,bank
2026-09-26T17:07:33.673080+00:00,AUD->PHP,5000,Instarem,bank
2026-09-26T17:07:33.673080+00:00,AUD->PHP,25000,Airwallex,bank
2026-09-26T17:07:33.673080+00:00,AUD->PHP,25000,Wise,bank
2026-09-26T17:07:33.673080+00:00,AUD->PHP,25000,Instarem,bank
2026-09-26T17:07:33.673080+00:00,AUD->PHP,50000,Airwallex,bank
2026-09-26T17:07:33.673080+00:00,AUD->PHP,50000,Wise,bank
2026-09-26T17:07:33.673080+00:00,AUD->PHP,50000,Instarem,bank
2026-09-26T17:07:33.673080+00:00,NZD->PHP,200,Airwallex,bank
2026-09-26T17:07:33.673080+00:00,NZD->PHP,200,Wise,bank
2026-09-26T17:07:33.673080+00:00,NZD->PHP,1000,Airwallex,bank
2026-09-26T17:07:33.673080+00:00,NZD->PHP,1000,Wise,bank
2026-09-26T17:07:33.673080+00:00,NZD->PHP,5000,Airwallex,bank
2026-09-26T17:07:33.673080+00:00,NZD->PHP,5000,Wise,bank
2026-09-26T17:07:33.673080+00:00,NZD->PHP,25000,Airwallex,bank
2026-09-26T17:07:33.673080+00:00,NZD->PHP,25000,Wise,bank
2026-09-26T17:07:33.673080+00:00,NZD->PHP,50000,Airwallex,bank
2026-09-26T17:07:33.673080+00:00,NZD->PHP,50000,Wise,bank
2026-09-26T17:07:33.673080+00:00,SGD->PHP,200,Airwallex,bank
2026-09-26T17:07:33.673080+00:00,SGD->PHP,200,Wise,bank
2026-09-26T17:07:33.673080+00:00,SGD->PHP,200,Instarem,bank
2026-09-26T17:07:33.673080+00:00,SGD->PHP,1000,Airwallex,bank
2026-09-26T17:07:33.673080+00:00,SGD->PHP,1000,Wise,bank
2026-09-26T17:07:33.673080+00:00,SGD->PHP,1000,Instarem,bank
2026-09-26T17:07:33.673080+00:00,SGD->PHP,5000,Airwallex,bank
2026-09-26T17:07:33.673080+00:00,SGD->PHP,5000,Wise,bank
2026-09-26T17:07:33.673080+00:00,SGD->PHP,5000,Instarem,bank
2026-09-26T17:07:33.673080+00:00,SGD->PHP,25000,Airwallex,bank
2026-09-26T17:07:33.673080+00:00,SGD->PHP,25000,Wise,bank
2026-09-26T17:07:33.673080+00:00,SGD->PHP,25000,Instarem,bank
2026-09-26T17:07:33.673080+00:00,SGD->PHP,50000,Airwallex,bank
2026-09-26T17:07:33.673080+00:00,SGD->PHP,50000,Wise,bank
2026-09-26T17:07:33.673080+00:00,SGD->PHP,50000,Instarem,bank
2026-09-26T17:07:33.673080+00:00,USD->MXN,200,Airwallex,bank
2026-09-26T17:07:33.673080+00:00,USD->MXN,200,Wise,bank
2026-09-26T17:07:33.673080+00:00,USD->MXN,1000,Airwallex,bank
2026-09-26T17:07:33.673080+00:00,USD->MXN,1000,Wise,bank
2026-09-26T17:07:33.673080+00:00,USD->MXN,5000,Airwallex,bank
2026-09-26T17:07:33.673080+00:00,USD->MXN,5000,Wise,bank
2026-09-26T17:07:33.673080+00:00,USD->MXN,25000,Airwallex,bank
2026-09-26T17:07:33.673080+00:00,USD->MXN,25000,Wise,bank
2026-09-26T17:07:33.673080+00:00,USD->MXN,50000,Airwallex,bank
2026-09-26T17:07:33.673080+00:00,USD->MXN,50000,Wise,bank
2026-09-26T18:06:51.961765+00:00,AUD->PHP,200,Airwallex,bank
2026-09-26T18:06:51.961765+00:00,AUD->PHP,200,Wise,bank
2026-09-26T18:06:51.961765+00:00,AUD->PHP,200,Instarem,bank
2026-09-26T18:06:51.961765+00:00,AUD->PHP,1000,Airwallex,bank
2026-09-26T18:06:51.961765+00:00,AUD->PHP,1000,Wise,bank
2026-09-26T18:06:51.961765+00:00,AUD->PHP,1000,Instarem,bank
2026-09-26T18:06:51.961765+00:00,AUD->PHP,5000,Airwallex,bank
2026-09-26T18:06:51.961765+00:00,AUD->PHP,5000,Wise,bank
2026-09-26T18:06:51.961765+00:00,AUD->PHP,5000,Instarem,bank
2026-09-26T18:06:51.961765+00:00,AUD->PHP,25000,Airwallex,bank
2026-09-26T18:06:51.961765+00:00,AUD->PHP,25000,Wise,bank
2026-09-26T18:06:51.961765+00:00,AUD->PHP,25000,Instarem,bank
2026-09-26T18:06:51.961765+00:00,AUD->PHP,50000,Airwallex,bank
2026-09-26T18:06:51.961765+00:00,AUD->PHP,50000,Wise,bank
2026-09-26T18:06:51.961765+00:00,AUD->PHP,50000,Instarem,bank
2026-09-26T18:06:51.961765+00:00,NZD->PHP,200,Airwallex,bank
2026-09-26T18:06:51.961765+00:00,NZD->PHP,200,Wise,bank
2026-09-26T18:06:51.961765+00:00,NZD->PHP,1000,Airwallex,bank
2026-09-26T18:06:51.961765+00:00,NZD->PHP,1000,Wise,bank
2026-09-26T18:06:51.961765+00:00,NZD->PHP,5000,Airwallex,bank
2026-09-26T18:06:51.961765+00:00,NZD->PHP,5000,Wise,bank
2026-09-26T18:06:51.961765+00:00,NZD->PHP,25000,Airwallex,bank
2026-09-26T18:06:51.961765+00:00,NZD->PHP,25000,Wise,bank
2026-09-26T18:06:51.961765+00:00,NZD->PHP,50000,Airwallex,bank
2026-09-26T18:06:51.961765+00:00,NZD->PHP,50000,Wise,bank
2026-09-26T18:06:51.961765+00:00,SGD->PHP,200,Airwallex,bank
2026-09-26T18:06:51.961765+00:00,SGD->PHP,200,Wise,bank
2026-09-26T18:06:51.961765+00:00,SGD->PHP,200,Instarem,bank
2026-09-26T18:06:51.961765+00:00,SGD->PHP,1000,Airwallex,bank
2026-09-26T18:06:51.961765+00:00,SGD->PHP,1000,Wise,bank
2026-09-26T18:06:51.961765+00:00,SGD->PHP,1000,Instarem,bank
2026-09-26T18:06:51.961765+00:00,SGD->PHP,5000,Airwallex,bank
2026-09-26T18:06:51.961765+00:00,SGD->PHP,5000,Wise,bank
2026-09-26T18:06:51.961765+00:00,SGD->PHP,5000,Instarem,bank
2026-09-26T18:06:51.961765+00:00,SGD->PHP,25000,Airwallex,bank
2026-09-26T18:06:51.961765+00:00,SGD->PHP,25000,Wise,bank
2026-09-26T18:06:51.961765+00:00,SGD->PHP,25000,Instarem,bank
2026-09-26T18:06:51.961765+00:00,SGD->PHP,50000,Airwallex,bank
2026-09-26T18:06:51.961765+00:00,SGD->PHP,50000,Wise,bank
2026-09-26T18:06:51.961765+00:00,SGD->PHP,50000,Instarem,bank
2026-09-26T18:06:51.961765+00:00,USD->MXN,200,Airwallex,bank
2026-09-26T18:06:51.961765+00:00,USD->MXN,200,Wise,bank
2026-09-26T18:06:51.961765+00:00,USD->MXN,1000,Airwallex,bank
2026-09-26T18:06:51.961765+00:00,USD->MXN,1000,Wise,bank
2026-09-26T18:06:51.961765+00:00,USD->MXN,5000,Airwallex,bank
2026-09-26T18:06:51.961765+00:00,USD->MXN,5000,Wise,bank
2026-09-26T18:06:51.961765+00:00,USD->MXN,25000,Airwallex,bank
2026-09-26T18:06:51.961765+00:00,USD->MXN,25000,Wise,bank
2026-09-26T18:06:51.961765+00:00,USD->MXN,50000,Airwallex,bank
2026-09-26T18:06:51.961765+00:00,USD->MXN,50000,Wise,bank
2026-09-26T19:06:53.261192+00:00,AUD->PHP,200,Airwallex,bank
2026-09-26T19:06:53.261192+00:00,AUD->PHP,200,Wise,bank
2026-09-26T19:06:53.261192+00:00,AUD->PHP,200,Instarem,bank
2026-09-26T19:06:53.261192+00:00,AUD->PHP,1000,Airwallex,bank
2026-09-26T19:06:53.261192+00:00,AUD->PHP,1000,Wise,bank
2026-09-26T19:06:53.261192+00:00,AUD->PHP,1000,Instarem,bank
2026-09-26T19:06:53.261192+00:00,AUD->PHP,5000,Airwallex,bank
2026-09-26T19:06:53.261192+00:00,AUD->PHP,5000,Wise,bank
2026-09-26T19:06:53.261192+00:00,AUD->PHP,5000,Instarem,bank
2026-09-26T19:06:53.261192+00:00,AUD->PHP,25000,Airwallex,bank
2026-09-26T19:06:53.261192+00:00,AUD->PHP,25000,Wise,bank
2026-09-26T19:06:53.261192+00:00,AUD->PHP,25000,Instarem,bank
2026-09-26T19:06:53.261192+00:00,AUD->PHP,50000,Airwallex,bank
2026-09-26T19:06:53.261192+00:00,AUD->PHP,50000,Wise,bank
2026-09-26T19:06:53.261192+00:00,AUD->PHP,50000,Instarem,bank
2026-09-26T19:06:53.261192+00:00,NZD->PHP,200,Airwallex,bank
2026-09-26T19:06:53.261192+00:00,NZD->PHP,200,Wise,bank
2026-09-26T19:06:53.261192+00:00,NZD->PHP,1000,Airwallex,bank
2026-09-26T19:06:53.261192+00:00,NZD->PHP,1000,Wise,bank
2026-09-26T19:06:53.261192+00:00,NZD->PHP,5000,Airwallex,bank
2026-09-26T19:06:53.261192+00:00,NZD->PHP,5000,Wise,bank
2026-09-26T19:06:53.261192+00:00,NZD->PHP,25000,Airwallex,bank
2026-09-26T19:06:53.261192+00:00,NZD->PHP,25000,Wise,bank
2026-09-26T19:06:53.261192+00:00,NZD->PHP,50000,Airwallex,bank
2026-09-26T19:06:53.261192+00:00,NZD->PHP,50000,Wise,bank
2026-09-26T19:06:53.261192+00:00,SGD->PHP,200,Airwallex,bank
2026-09-26T19:06:53.261192+00:00,SGD->PHP,200,Wise,bank
2026-09-26T19:06:53.261192+00:00,SGD->PHP,200,Instarem,bank
2026-09-26T19:06:53.261192+00:00,SGD->PHP,1000,Airwallex,bank
2026-09-26T19:06:53.261192+00:00,SGD->PHP,1000,Wise,bank
2026-09-26T19:06:53.261192+00:00,SGD->PHP,1000,Instarem,bank
2026-09-26T19:06:53.261192+00:00,SGD->PHP,5000,Airwallex,bank
2026-09-26T19:06:53.261192+00:00,SGD->PHP,5000,Wise,bank
2026-09-26T19:06:53.261192+00:00,SGD->PHP,5000,Instarem,bank
2026-09-26T19:06:53.261192+00:00,SGD->PHP,25000,Airwallex,bank
2026-09-26T19:06:53.261192+00:00,SGD->PHP,25000,Wise,bank
2026-09-26T19:06:53.261192+00:00,SGD->PHP,25000,Instarem,bank
2026-09-26T19:06:53.261192+00:00,SGD->PHP,50000,Airwallex,bank
2026-09-26T19:06:53.261192+00:00,SGD->PHP,50000,Wise,bank
2026-09-26T19:06:53.261192+00:00,SGD->PHP,50000,Instarem,bank
2026-09-26T19:06:53.261192+00:00,USD->MXN,200,Airwallex,bank
2026-09-26T19:06:53.261192+00:00,USD->MXN,200,Wise,bank
2026-09-26T19:06:53.261192+00:00,USD->MXN,1000,Airwallex,bank
2026-09-26T19:06:53.261192+00:00,USD->MXN,1000,Wise,bank
2026-09-26T19:06:53.261192+00:00,USD->MXN,5000,Airwallex,bank
2026-09-26T19:06:53.261192+00:00,USD->MXN,5000,Wise,bank
2026-09-26T19:06:53.261192+00:00,USD->MXN,25000,Airwallex,bank
2026-09-26T19:06:53.261192+00:00,USD->MXN,25000,Wise,bank
2026-09-26T19:06:53.261192+00:00,USD->MXN,50000,Airwallex,bank
2026-09-26T19:06:53.261192+00:00,USD->MXN,50000,Wise,bank
2026-09-26T20:06:59.862439+00:00,AUD->PHP,200,Airwallex,bank
2026-09-26T20:06:59.862439+00:00,AUD->PHP,200,Wise,bank
2026-09-26T20:06:59.862439+00:00,AUD->PHP,200,Instarem,bank
2026-09-26T20:06:59.862439+00:00,AUD->PHP,1000,Airwallex,bank
2026-09-26T20:06:59.862439+00:00,AUD->PHP,1000,Wise,bank
2026-09-26T20:06:59.862439+00:00,AUD->PHP,1000,Instarem,bank
2026-09-26T20:06:59.862439+00:00,AUD->PHP,5000,Airwallex,bank
2026-09-26T20:06:59.862439+00:00,AUD->PHP,5000,Wise,bank
2026-09-26T20:06:59.862439+00:00,AUD->PHP,5000,Instarem,bank
2026-09-26T20:06:59.862439+00:00,AUD->PHP,25000,Airwallex,bank
2026-09-26T20:06:59.862439+00:00,AUD->PHP,25000,Wise,bank
2026-09-26T20:06:59.862439+00:00,AUD->PHP,25000,Instarem,bank
2026-09-26T20:06:59.862439+00:00,AUD->PHP,50000,Airwallex,bank
2026-09-26T20:06:59.862439+00:00,AUD->PHP,50000,Wise,bank
2026-09-26T20:06:59.862439+00:00,AUD->PHP,50000,Instarem,bank
2026-09-26T20:06:59.862439+00:00,NZD->PHP,200,Airwallex,bank
2026-09-26T20:06:59.862439+00:00,NZD->PHP,200,Wise,bank
2026-09-26T20:06:59.862439+00:00,NZD->PHP,1000,Airwallex,bank
2026-09-26T20:06:59.862439+00:00,NZD->PHP,1000,Wise,bank
2026-09-26T20:06:59.862439+00:00,NZD->PHP,5000,Airwallex,bank
2026-09-26T20:06:59.862439+00:00,NZD->PHP,5000,Wise,bank
2026-09-26T20:06:59.862439+00:00,NZD->PHP,25000,Airwallex,bank
2026-09-26T20:06:59.862439+00:00,NZD->PHP,25000,Wise,bank
2026-09-26T20:06:59.862439+00:00,NZD->PHP,50000,Airwallex,bank
2026-09-26T20:06:59.862439+00:00,NZD->PHP,50000,Wise,bank
2026-09-26T20:06:59.862439+00:00,SGD->PHP,200,Airwallex,bank
2026-09-26T20:06:59.862439+00:00,SGD->PHP,200,Wise,bank
2026-09-26T20:06:59.862439+00:00,SGD->PHP,200,Instarem,bank
2026-09-26T20:06:59.862439+00:00,SGD->PHP,1000,Airwallex,bank
2026-09-26T20:06:59.862439+00:00,SGD->PHP,1000,Wise,bank
2026-09-26T20:06:59.862439+00:00,SGD->PHP,1000,Instarem,bank
2026-09-26T20:06:59.862439+00:00,SGD->PHP,5000,Airwallex,bank
2026-09-26T20:06:59.862439+00:00,SGD->PHP,5000,Wise,bank
2026-09-26T20:06:59.862439+00:00,SGD->PHP,5000,Instarem,bank
2026-09-26T20:06:59.862439+00:00,SGD->PHP,25000,Airwallex,bank
2026-09-26T20:06:59.862439+00:00,SGD->PHP,25000,Wise,bank
2026-09-26T20:06:59.862439+00:00,SGD->PHP,25000,Instarem,bank
2026-09-26T20:06:59.862439+00:00,SGD->PHP,50000,Airwallex,bank
2026-09-26T20:06:59.862439+00:00,SGD->PHP,50000,Wise,bank
2026-09-26T20:06:59.862439+00:00,SGD->PHP,50000,Instarem,bank
2026-09-26T20:06:59.862439+00:00,USD->MXN,200,Airwallex,bank
2026-09-26T20:06:59.862439+00:00,USD->MXN,200,Wise,bank
2026-09-26T20:06:59.862439+00:00,USD->MXN,1000,Airwallex,bank
2026-09-26T20:06:59.862439+00:00,USD->MXN,1000,Wise,bank
2026-09-26T20:06:59.862439+00:00,USD->MXN,5000,Airwallex,bank
2026-09-26T20:06:59.862439+00:00,USD->MXN,5000,Wise,bank
2026-09-26T20:06:59.862439+00:00,USD->MXN,25000,Airwallex,bank
2026-09-26T20:06:59.862439+00:00,USD->MXN,25000,Wise,bank
2026-09-26T20:06:59.862439+00:00,USD->MXN,50000,Airwallex,bank
2026-09-26T20:06:59.862439+00:00,USD->MXN,50000,Wise,bank
2026-09-26T21:06:59.744387+00:00,AUD->PHP,200,Airwallex,bank
2026-09-26T21:06:59.744387+00:00,AUD->PHP,200,Wise,bank
2026-09-26T21:06:59.744387+00:00,AUD->PHP,200,Instarem,bank
2026-09-26T21:06:59.744387+00:00,AUD->PHP,1000,Airwallex,bank
2026-09-26T21:06:59.744387+00:00,AUD->PHP,1000,Wise,bank
2026-09-26T21:06:59.744387+00:00,AUD->PHP,1000,Instarem,bank
2026-09-26T21:06:59.744387+00:00,AUD->PHP,5000,Airwallex,bank
2026-09-26T21:06:59.744387+00:00,AUD->PHP,5000,Wise,bank
2026-09-26T21:06:59.744387+00:00,AUD->PHP,5000,Instarem,bank
2026-09-26T21:06:59.744387+00:00,AUD->PHP,25000,Airwallex,bank
2026-09-26T21:06:59.744387+00:00,AUD->PHP,25000,Wise,bank
2026-09-26T21:06:59.744387+00:00,AUD->PHP,25000,Instarem,bank
2026-09-26T21:06:59.744387+00:00,AUD->PHP,50000,Airwallex,bank
2026-09-26T21:06:59.744387+00:00,AUD->PHP,50000,Wise,bank
2026-09-26T21:06:59.744387+00:00,AUD->PHP,50000,Instarem,bank
2026-09-26T21:06:59.744387+00:00,NZD->PHP,200,Airwallex,bank
2026-09-26T21:06:59.744387+00:00,NZD->PHP,200,Wise,bank
2026-09-26T21:06:59.744387+00:00,NZD->PHP,1000,Airwallex,bank
2026-09-26T21:06:59.744387+00:00,NZD->PHP,1000,Wise,bank
2026-09-26T21:06:59.744387+00:00,NZD->PHP,5000,Airwallex,bank
2026-09-26T21:06:59.744387+00:00,NZD->PHP,5000,Wise,bank
2026-09-26T21:06:59.744387+00:00,NZD->PHP,25000,Airwallex,bank
2026-09-26T21:06:59.744387+00:00,NZD->PHP,25000,Wise,bank
2026-09-26T21:06:59.744387+00:00,NZD->PHP,50000,Airwallex,bank
2026-09-26T21:06:59.744387+00:00,NZD->PHP,50000,Wise,bank
2026-09-26T21:06:59.744387+00:00,SGD->PHP,200,Airwallex,bank
2026-09-26T21:06:59.744387+00:00,SGD->PHP,200,Wise,bank
2026-09-26T21:06:59.744387+00:00,SGD->PHP,200,Instarem,bank
2026-09-26T21:06:59.744387+00:00,SGD->PHP,1000,Airwallex,bank
2026-09-26T21:06:59.744387+00:00,SGD->PHP,1000,Wise,bank
2026-09-26T21:06:59.744387+00:00,SGD->PHP,1000,Instarem,bank
2026-09-26T21:06:59.744387+00:00,SGD->PHP,5000,Airwallex,bank
2026-09-26T21:06:59.744387+00:00,SGD->PHP,5000,Wise,bank
2026-09-26T21:06:59.744387+00:00,SGD->PHP,5000,Instarem,bank
2026-09-26T21:06:59.744387+00:00,SGD->PHP,25000,Airwallex,bank
2026-09-26T21:06:59.744387+00:00,SGD->PHP,25000,Wise,bank
2026-09-26T21:06:59.744387+00:00,SGD->PHP,25000,Instarem,bank
2026-09-26T21:06:59.744387+00:00,SGD->PHP,50000,Airwallex,bank
2026-09-26T21:06:59.744387+00:00,SGD->PHP,50000,Wise,bank
2026-09-26T21:06:59.744387+00:00,SGD->PHP,50000,Instarem,bank
2026-09-26T21:06:59.744387+00:00,USD->MXN,200,Airwallex,bank
2026-09-26T21:06:59.744387+00:00,USD->MXN,200,Wise,bank
2026-09-26T21:06:59.744387+00:00,USD->MXN,1000,Airwallex,bank
2026-09-26T21:06:59.744387+00:00,USD->MXN,1000,Wise,bank
2026-09-26T21:06:59.744387+00:00,USD->MXN,5000,Airwallex,bank
2026-09-26T21:06:59.744387+00:00,USD->MXN,5000,Wise,bank
2026-09-26T21:06:59.744387+00:00,USD->MXN,25000,Airwallex,bank
2026-09-26T21:06:59.744387+00:00,USD->MXN,25000,Wise,bank
2026-09-26T21:06:59.744387+00:00,USD->MXN,50000,Airwallex,bank
2026-09-26T21:06:59.744387+00:00,USD->MXN,50000,Wise,bank
2026-09-26T22:06:52.226456+00:00,AUD->PHP,200,Airwallex,bank
2026-09-26T22:06:52.226456+00:00,AUD->PHP,200,Wise,bank
2026-09-26T22:06:52.226456+00:00,AUD->PHP,200,Instarem,bank
2026-09-26T22:06:52.226456+00:00,AUD->PHP,1000,Airwallex,bank
2026-09-26T22:06:52.226456+00:00,AUD->PHP,1000,Wise,bank
2026-09-26T22:06:52.226456+00:00,AUD->PHP,1000,Instarem,bank
2026-09-26T22:06:52.226456+00:00,AUD->PHP,5000,Airwallex,bank
2026-09-26T22:06:52.226456+00:00,AUD->PHP,5000,Wise,bank
2026-09-26T22:06:52.226456+00:00,AUD->PHP,5000,Instarem,bank
2026-09-26T22:06:52.226456+00:00,AUD->PHP,25000,Airwallex,bank
2026-09-26T22:06:52.226456+00:00,AUD->PHP,25000,Wise,bank
2026-09-26T22:06:52.226456+00:00,AUD->PHP,25000,Instarem,bank
2026-09-26T22:06:52.226456+00:00,AUD->PHP,50000,Airwallex,bank
2026-09-26T22:06:52.226456+00:00,AUD->PHP,50000,Wise,bank
2026-09-26T22:06:52.226456+00:00,AUD->PHP,50000,Instarem,bank
2026-09-26T22:06:52.226456+00:00,NZD->PHP,200,Airwallex,bank
2026-09-26T22:06:52.226456+00:00,NZD->PHP,200,Wise,bank
2026-09-26T22:06:52.226456+00:00,NZD->PHP,1000,Airwallex,bank
2026-09-26T22:06:52.226456+00:00,NZD->PHP,1000,Wise,bank
2026-09-26T22:06:52.226456+00:00,NZD->PHP,5000,Airwallex,bank
2026-09-26T22:06:52.226456+00:00,NZD->PHP,5000,Wise,bank
2026-09-26T22:06:52.226456+00:00,NZD->PHP,25000,Airwallex,bank
2026-09-26T22:06:52.226456+00:00,NZD->PHP,25000,Wise,bank
2026-09-26T22:06:52.226456+00:00,NZD->PHP,50000,Airwallex,bank
2026-09-26T22:06:52.226456+00:00,NZD->PHP,50000,Wise,bank
2026-09-26T22:06:52.226456+00:00,SGD->PHP,200,Airwallex,bank
2026-09-26T22:06:52.226456+00:00,SGD->PHP,200,Wise,bank
2026-09-26T22:06:52.226456+00:00,SGD->PHP,200,Instarem,bank
2026-09-26T22:06:52.226456+00:00,SGD->PHP,1000,Airwallex,bank
2026-09-26T22:06:52.226456+00:00,SGD->PHP,1000,Wise,bank
2026-09-26T22:06:52.226456+00:00,SGD->PHP,1000,Instarem,bank
2026-09-26T22:06:52.226456+00:00,SGD->PHP,5000,Airwallex,bank
2026-09-26T22:06:52.226456+00:00,SGD->PHP,5000,Wise,bank
2026-09-26T22:06:52.226456+00:00,SGD->PHP,5000,Instarem,bank
2026-09-26T22:06:52.226456+00:00,SGD->PHP,25000,Airwallex,bank
2026-09-26T22:06:52.226456+00:00,SGD->PHP,25000,Wise,bank
2026-09-26T22:06:52.226456+00:00,SGD->PHP,25000,Instarem,bank
2026-09-26T22:06:52.226456+00:00,SGD->PHP,50000,Airwallex,bank
2026-09-26T22:06:52.226456+00:00,SGD->PHP,50000,Wise,bank
2026-09-26T22:06:52.226456+00:00,SGD->PHP,50000,Instarem,bank
2026-09-26T22:06:52.226456+00:00,USD->MXN,200,Airwallex,bank
2026-09-26T22:06:52.226456+00:00,USD->MXN,200,Wise,bank
2026-09-26T22:06:52.226456+00:00,USD->MXN,1000,Airwallex,bank
2026-09-26T22:06:52.226456+00:00,USD->MXN,1000,Wise,bank
2026-09-26T22:06:52.226456+00:00,USD->MXN,5000,Airwallex,bank
2026-09-26T22:06:52.226456+00:00,USD->MXN,5000,Wise,bank
2026-09-26T22:06:52.226456+00:00,USD->MXN,25000,Airwallex,bank
2026-09-26T22:06:52.226456+00:00,USD->MXN,25000,Wise,bank
2026-09-26T22:06:52.226456+00:00,USD->MXN,50000,Airwallex,bank
2026-09-26T22:06:52.226456+00:00,USD->MXN,50000,Wise,bank
2026-09-26T23:06:56.784623+00:00,AUD->PHP,200,Airwallex,bank
2026-09-26T23:06:56.784623+00:00,AUD->PHP,200,Wise,bank
2026-09-26T23:06:56.784623+00:00,AUD->PHP,200,Instarem,bank
2026-09-26T23:06:56.784623+00:00,AUD->PHP,1000,Airwallex,bank
2026-09-26T23:06:56.784623+00:00,AUD->PHP,1000,Wise,bank
2026-09-26T23:06:56.784623+00:00,AUD->PHP,1000,Instarem,bank
2026-09-26T23:06:56.784623+00:00,AUD->PHP,5000,Airwallex,bank
2026-09-26T23:06:56.784623+00:00,AUD->PHP,5000,Wise,bank
2026-09-26T23:06:56.784623+00:00,AUD->PHP,5000,Instarem,bank
2026-09-26T23:06:56.784623+00:00,AUD->PHP,25000,Airwallex,bank
2026-09-26T23:06:56.784623+00:00,AUD->PHP,25000,Wise,bank
2026-09-26T23:06:56.784623+00:00,AUD->PHP,25000,Instarem,bank
2026-09-26T23:06:56.784623+00:00,AUD->PHP,50000,Airwallex,bank
2026-09-26T23:06:56.784623+00:00,AUD->PHP,50000,Wise,bank
2026-09-26T23:06:56.784623+00:00,AUD->PHP,50000,Instarem,bank
2026-09-26T23:06:56.784623+00:00,NZD->PHP,200,Airwallex,bank
2026-09-26T23:06:56.784623+00:00,NZD->PHP,200,Wise,bank
2026-09-26T23:06:56.784623+00:00,NZD->PHP,1000,Airwallex,bank
2026-09-26T23:06:56.784623+00:00,NZD->PHP,1000,Wise,bank
2026-09-26T23:06:56.784623+00:00,NZD->PHP,5000,Airwallex,bank
2026-09-26T23:06:56.784623+00:00,NZD->PHP,5000,Wise,bank
2026-09-26T23:06:56.784623+00:00,NZD->PHP,25000,Airwallex,bank
2026-09-26T23:06:56.784623+00:00,NZD->PHP,25000,Wise,bank
2026-09-26T23:06:56.784623+00:00,NZD->PHP,50000,Airwallex,bank
2026-09-26T23:06:56.784623+00:00,NZD->PHP,50000,Wise,bank
2026-09-26T23:06:56.784623+00:00,SGD->PHP,200,Airwallex,bank
2026-09-26T23:06:56.784623+00:00,SGD->PHP,200,Wise,bank
2026-09-26T23:06:56.784623+00:00,SGD->PHP,200,Instarem,bank
2026-09-26T23:06:56.784623+00:00,SGD->PHP,1000,Airwallex,bank
2026-09-26T23:06:56.784623+00:00,SGD->PHP,1000,Wise,bank
2026-09-26T23:06:56.784623+00:00,SGD->PHP,1000,Instarem,bank
2026-09-26T23:06:56.784623+00:00,SGD->PHP,5000,Airwallex,bank
2026-09-26T23:06:56.784623+00:00,SGD->PHP,5000,Wise,bank
2026-09-26T23:06:56.784623+00:00,SGD->PHP,5000,Instarem,bank
2026-09-26T23:06:56.784623+00:00,SGD->PHP,25000,Airwallex,bank
2026-09-26T23:06:56.784623+00:00,SGD->PHP,25000,Wise,bank
2026-09-26T23:06:56.784623+00:00,SGD->PHP,25000,Instarem,bank
2026-09-26T23:06:56.784623+00:00,SGD->PHP,50000,Airwallex,bank
2026-09-26T23:06:56.784623+00:00,SGD->PHP,50000,Wise,bank
2026-09-26T23:06:56.784623+00:00,SGD->PHP,50000,Instarem,bank
2026-09-26T23:06:56.784623+00:00,USD->MXN,200,Airwallex,bank
2026-09-26T23:06:56.784623+00:00,USD->MXN,200,Wise,bank
2026-09-26T23:06:56.784623+00:00,USD->MXN,1000,Airwallex,bank
2026-09-26T23:06:56.784623+00:00,USD->MXN,1000,Wise,bank
2026-09-26T23:06:56.784623+00:00,USD->MXN,5000,Airwallex,bank
2026-09-26T23:06:56.784623+00:00,USD->MXN,5000,Wise,bank
2026-09-26T23:06:56.784623+00:00,USD->MXN,25000,Airwallex,bank
2026-09-26T23:06:56.784623+00:00,USD->MXN,25000,Wise,bank
2026-09-26T23:06:56.784623+00:00,USD->MXN,50000,Airwallex,bank
2026-09-26T23:06:56.784623+00:00,USD->MXN,50000,Wise,bank
2026-09-27T00:06:52.435615+00:00,AUD->PHP,200,Airwallex,bank
2026-09-27T00:06:52.435615+00:00,AUD->PHP,200,Wise,bank
2026-09-27T00:06:52.435615+00:00,AUD->PHP,200,Instarem,bank
2026-09-27T00:06:52.435615+00:00,AUD->PHP,1000,Airwallex,bank
2026-09-27T00:06:52.435615+00:00,AUD->PHP,1000,Wise,bank
2026-09-27T00:06:52.435615+00:00,AUD->PHP,1000,Instarem,bank
2026-09-27T00:06:52.435615+00:00,AUD->PHP,5000,Airwallex,bank
2026-09-27T00:06:52.435615+00:00,AUD->PHP,5000,Wise,bank
2026-09-27T00:06:52.435615+00:00,AUD->PHP,5000,Instarem,bank
2026-09-27T00:06:52.435615+00:00,AUD->PHP,25000,Airwallex,bank
2026-09-27T00:06:52.435615+00:00,AUD->PHP,25000,Wise,bank
2026-09-27T00:06:52.435615+00:00,AUD->PHP,25000,Instarem,bank
2026-09-27T00:06:52.435615+00:00,AUD->PHP,50000,Airwallex,bank
2026-09-27T00:06:52.435615+00:00,AUD->PHP,50000,Wise,bank
2026-09-27T00:06:52.435615+00:00,AUD->PHP,50000,Instarem,bank
2026-09-27T00:06:52.435615+00:00,NZD->PHP,200,Airwallex,bank
2026-09-27T00:06:52.435615+00:00,NZD->PHP,200,Wise,bank
2026-09-27T00:06:52.435615+00:00,NZD->PHP,1000,Airwallex,bank
2026-09-27T00:06:52.435615+00:00,NZD->PHP,1000,Wise,bank
2026-09-27T00:06:52.435615+00:00,NZD->PHP,5000,Airwallex,bank
2026-09-27T00:06:52.435615+00:00,NZD->PHP,5000,Wise,bank
2026-09-27T00:06:52.435615+00:00,NZD->PHP,25000,Airwallex,bank
2026-09-27T00:06:52.435615+00:00,NZD->PHP,25000,Wise,bank
2026-09-27T00:06:52.435615+00:00,NZD->PHP,50000,Airwallex,bank
2026-09-27T00:06:52.435615+00:00,NZD->PHP,50000,Wise,bank
2026-09-27T00:06:52.435615+00:00,SGD->PHP,200,Airwallex,bank
2026-09-27T00:06:52.435615+00:00,SGD->PHP,200,Wise,bank
2026-09-27T00:06:52.435615+00:00,SGD->PHP,200,Instarem,bank
2026-09-27T00:06:52.435615+00:00,SGD->PHP,1000,Airwallex,bank
2026-09-27T00:06:52.435615+00:00,SGD->PHP,1000,Wise,bank
2026-09-27T00:06:52.435615+00:00,SGD->PHP,1000,Instarem,bank
2026-09-27T00:06:52.435615+00:00,SGD->PHP,5000,Airwallex,bank
2026-09-27T00:06:52.435615+00:00,SGD->PHP,5000,Wise,bank
2026-09-27T00:06:52.435615+00:00,SGD->PHP,5000,Instarem,bank
2026-09-27T00:06:52.435615+00:00,SGD->PHP,25000,Airwallex,bank
2026-09-27T00:06:52.435615+00:00,SGD->PHP,25000,Wise,bank
2026-09-27T00:06:52.435615+00:00,SGD->PHP,25000,Instarem,bank
2026-09-27T00:06:52.435615+00:00,SGD->PHP,50000,Airwallex,bank
2026-09-27T00:06:52.435615+00:00,SGD->PHP,50000,Wise,bank
2026-09-27T00:06:52.435615+00:00,SGD->PHP,50000,Instarem,bank
2026-09-27T00:06:52.435615+00:00,USD->MXN,200,Airwallex,bank
2026-09-27T00:06:52.435615+00:00,USD->MXN,200,Wise,bank
2026-09-27T00:06:52.435615+00:00,USD->MXN,1000,Airwallex,bank
2026-09-27T00:06:52.435615+00:00,USD->MXN,1000,Wise,bank
2026-09-27T00:06:52.435615+00:00,USD->MXN,5000,Airwallex,bank
2026-09-27T00:06:52.435615+00:00,USD->MXN,5000,Wise,bank
2026-09-27T00:06:52.435615+00:00,USD->MXN,25000,Airwallex,bank
2026-09-27T00:06:52.435615+00:00,USD->MXN,25000,Wise,bank
2026-09-27T00:06:52.435615+00:00,USD->MXN,50000,Airwallex,bank
2026-09-27T00:06:52.435615+00:00,USD->MXN,50000,Wise,bank
2026-09-27T01:06:59.376547+00:00,AUD->PHP,200,Airwallex,bank
2026-09-27T01:06:59.376547+00:00,AUD->PHP,200,Wise,bank
2026-09-27T01:06:59.376547+00:00,AUD->PHP,200,Instarem,bank
2026-09-27T01:06:59.376547+00:00,AUD->PHP,1000,Airwallex,bank
2026-09-27T01:06:59.376547+00:00,AUD->PHP,1000,Wise,bank
2026-09-27T01:06:59.376547+00:00,AUD->PHP,1000,Instarem,bank
2026-09-27T01:06:59.376547+00:00,AUD->PHP,5000,Airwallex,bank
2026-09-27T01:06:59.376547+00:00,AUD->PHP,5000,Wise,bank
2026-09-27T01:06:59.376547+00:00,AUD->PHP,5000,Instarem,bank
2026-09-27T01:06:59.376547+00:00,AUD->PHP,25000,Airwallex,bank
2026-09-27T01:06:59.376547+00:00,AUD->PHP,25000,Wise,bank
2026-09-27T01:06:59.376547+00:00,AUD->PHP,25000,Instarem,bank
2026-09-27T01:06:59.376547+00:00,AUD->PHP,50000,Airwallex,bank
2026-09-27T01:06:59.376547+00:00,AUD->PHP,50000,Wise,bank
2026-09-27T01:06:59.376547+00:00,AUD->PHP,50000,Instarem,bank
2026-09-27T01:06:59.376547+00:00,NZD->PHP,200,Airwallex,bank
2026-09-27T01:06:59.376547+00:00,NZD->PHP,200,Wise,bank
2026-09-27T01:06:59.376547+00:00,NZD->PHP,1000,Airwallex,bank
2026-09-27T01:06:59.376547+00:00,NZD->PHP,1000,Wise,bank
2026-09-27T01:06:59.376547+00:00,NZD->PHP,5000,Airwallex,bank
2026-09-27T01:06:59.376547+00:00,NZD->PHP,5000,Wise,bank
2026-09-27T01:06:59.376547+00:00,NZD->PHP,25000,Airwallex,bank
2026-09-27T01:06:59.376547+00:00,NZD->PHP,25000,Wise,bank
2026-09-27T01:06:59.376547+00:00,NZD->PHP,50000,Airwallex,bank
2026-09-27T01:06:59.376547+00:00,NZD->PHP,50000,Wise,bank
2026-09-27T01:06:59.376547+00:00,SGD->PHP,200,Airwallex,bank
2026-09-27T01:06:59.376547+00:00,SGD->PHP,200,Wise,bank
2026-09-27T01:06:59.376547+00:00,SGD->PHP,200,Instarem,bank
2026-09-27T01:06:59.376547+00:00,SGD->PHP,1000,Airwallex,bank
2026-09-27T01:06:59.376547+00:00,SGD->PHP,1000,Wise,bank
2026-09-27T01:06:59.376547+00:00,SGD->PHP,1000,Instarem,bank
2026-09-27T01:06:59.376547+00:00,SGD->PHP,5000,Airwallex,bank
2026-09-27T01:06:59.376547+00:00,SGD->PHP,5000,Wise,bank
2026-09-27T01:06:59.376547+00:00,SGD->PHP,5000,Instarem,bank
2026-09-27T01:06:59.376547+00:00,SGD->PHP,25000,Airwallex,bank
2026-09-27T01:06:59.376547+00:00,SGD->PHP,25000,Wise,bank
2026-09-27T01:06:59.376547+00:00,SGD->PHP,25000,Instarem,bank
2026-09-27T01:06:59.376547+00:00,SGD->PHP,50000,Airwallex,bank
2026-09-27T01:06:59.376547+00:00,SGD->PHP,50000,Wise,bank
2026-09-27T01:06:59.376547+00:00,SGD->PHP,50000,Instarem,bank
2026-09-27T01:06:59.376547+00:00,USD->MXN,200,Airwallex,bank
2026-09-27T01:06:59.376547+00:00,USD->MXN,200,Wise,bank
2026-09-27T01:06:59.376547+00:00,USD->MXN,1000,Airwallex,bank
2026-09-27T01:06:59.376547+00:00,USD->MXN,1000,Wise,bank
2026-09-27T01:06:59.376547+00:00,USD->MXN,5000,Airwallex,bank
2026-09-27T01:06:59.376547+00:00,USD->MXN,5000,Wise,bank
2026-09-27T01:06:59.376547+00:00,USD->MXN,25000,Airwallex,bank
2026-09-27T01:06:59.376547+00:00,USD->MXN,25000,Wise,bank
2026-09-27T01:06:59.376547+00:00,USD->MXN,50000,Airwallex,bank
2026-09-27T01:06:59.376547+00:00,USD->MXN,50000,Wise,bank
2026-09-27T02:06:53.905859+00:00,AUD->PHP,200,Airwallex,bank
2026-09-27T02:06:53.905859+00:00,AUD->PHP,200,Wise,bank
2026-09-27T02:06:53.905859+00:00,AUD->PHP,200,Instarem,bank
2026-09-27T02:06:53.905859+00:00,AUD->PHP,1000,Airwallex,bank
2026-09-27T02:06:53.905859+00:00,AUD->PHP,1000,Wise,bank
2026-09-27T02:06:53.905859+00:00,AUD->PHP,1000,Instarem,bank
2026-09-27T02:06:53.905859+00:00,AUD->PHP,5000,Airwallex,bank
2026-09-27T02:06:53.905859+00:00,AUD->PHP,5000,Wise,bank
2026-09-27T02:06:53.905859+00:00,AUD->PHP,5000,Instarem,bank
2026-09-27T02:06:53.905859+00:00,AUD->PHP,25000,Airwallex,bank
2026-09-27T02:06:53.905859+00:00,AUD->PHP,25000,Wise,bank
2026-09-27T02:06:53.905859+00:00,AUD->PHP,25000,Instarem,bank
2026-09-27T02:06:53.905859+00:00,AUD->PHP,50000,Airwallex,bank
2026-09-27T02:06:53.905859+00:00,AUD->PHP,50000,Wise,bank
2026-09-27T02:06:53.905859+00:00,AUD->PHP,50000,Instarem,bank
2026-09-27T02:06:53.905859+00:00,NZD->PHP,200,Airwallex,bank
2026-09-27T02:06:53.905859+00:00,NZD->PHP,200,Wise,bank
2026-09-27T02:06:53.905859+00:00,NZD->PHP,1000,Airwallex,bank
2026-09-27T02:06:53.905859+00:00,NZD->PHP,1000,Wise,bank
2026-09-27T02:06:53.905859+00:00,NZD->PHP,5000,Airwallex,bank
2026-09-27T02:06:53.905859+00:00,NZD->PHP,5000,Wise,bank
2026-09-27T02:06:53.905859+00:00,NZD->PHP,25000,Airwallex,bank
2026-09-27T02:06:53.905859+00:00,NZD->PHP,25000,Wise,bank
2026-09-27T02:06:53.905859+00:00,NZD->PHP,50000,Airwallex,bank
2026-09-27T02:06:53.905859+00:00,NZD->PHP,50000,Wise,bank
2026-09-27T02:06:53.905859+00:00,SGD->PHP,200,Airwallex,bank
2026-09-27T02:06:53.905859+00:00,SGD->PHP,200,Wise,bank
2026-09-27T02:06:53.905859+00:00,SGD->PHP,200,Instarem,bank
2026-09-27T02:06:53.905859+00:00,SGD->PHP,1000,Airwallex,bank
2026-09-27T02:06:53.905859+00:00,SGD->PHP,1000,Wise,bank
2026-09-27T02:06:53.905859+00:00,SGD->PHP,1000,Instarem,bank
2026-09-27T02:06:53.905859+00:00,SGD->PHP,5000,Airwallex,bank
2026-09-27T02:06:53.905859+00:00,SGD->PHP,5000,Wise,bank
2026-09-27T02:06:53.905859+00:00,SGD->PHP,5000,Instarem,bank
2026-09-27T02:06:53.905859+00:00,SGD->PHP,25000,Airwallex,bank
2026-09-27T02:06:53.905859+00:00,SGD->PHP,25000,Wise,bank
2026-09-27T02:06:53.905859+00:00,SGD->PHP,25000,Instarem,bank
2026-09-27T02:06:53.905859+00:00,SGD->PHP,50000,Airwallex,bank
2026-09-27T02:06:53.905859+00:00,SGD->PHP,50000,Wise,bank
2026-09-27T02:06:53.905859+00:00,SGD->PHP,50000,Instarem,bank
2026-09-27T02:06:53.905859+00:00,USD->MXN,200,Airwallex,bank
2026-09-27T02:06:53.905859+00:00,USD->MXN,200,Wise,bank
2026-09-27T02:06:53.905859+00:00,USD->MXN,1000,Airwallex,bank
2026-09-27T02:06:53.905859+00:00,USD->MXN,1000,Wise,bank
2026-09-27T02:06:53.905859+00:00,USD->MXN,5000,Airwallex,bank
2026-09-27T02:06:53.905859+00:00,USD->MXN,5000,Wise,bank
2026-09-27T02:06:53.905859+00:00,USD->MXN,25000,Airwallex,bank
2026-09-27T02:06:53.905859+00:00,USD->MXN,25000,Wise,bank
2026-09-27T02:06:53.905859+00:00,USD->MXN,50000,Airwallex,bank
2026-09-27T02:06:53.905859+00:00,USD->MXN,50000,Wise,bank
2026-09-27T03:06:52.638800+00:00,AUD->PHP,200,Airwallex,bank
2026-09-27T03:06:52.638800+00:00,AUD->PHP,200,Wise,bank
2026-09-27T03:06:52.638800+00:00,AUD->PHP,200,Instarem,bank
2026-09-27T03:06:52.638800+00:00,AUD->PHP,1000,Airwallex,bank
2026-09-27T03:06:52.638800+00:00,AUD->PHP,1000,Wise,bank
2026-09-27T03:06:52.638800+00:00,AUD->PHP,1000,Instarem,bank
2026-09-27T03:06:52.638800+00:00,AUD->PHP,5000,Airwallex,bank
2026-09-27T03:06:52.638800+00:00,AUD->PHP,5000,Wise,bank
2026-09-27T03:06:52.638800+00:00,AUD->PHP,5000,Instarem,bank
2026-09-27T03:06:52.638800+00:00,AUD->PHP,25000,Airwallex,bank
2026-09-27T03:06:52.638800+00:00,AUD->PHP,25000,Wise,bank
2026-09-27T03:06:52.638800+00:00,AUD->PHP,25000,Instarem,bank
2026-09-27T03:06:52.638800+00:00,AUD->PHP,50000,Airwallex,bank
2026-09-27T03:06:52.638800+00:00,AUD->PHP,50000,Wise,bank
2026-09-27T03:06:52.638800+00:00,AUD->PHP,50000,Instarem,bank
2026-09-27T03:06:52.638800+00:00,NZD->PHP,200,Airwallex,bank
2026-09-27T03:06:52.638800+00:00,NZD->PHP,200,Wise,bank
2026-09-27T03:06:52.638800+00:00,NZD->PHP,1000,Airwallex,bank
2026-09-27T03:06:52.638800+00:00,NZD->PHP,1000,Wise,bank
2026-09-27T03:06:52.638800+00:00,NZD->PHP,5000,Airwallex,bank
2026-09-27T03:06:52.638800+00:00,NZD->PHP,5000,Wise,bank
2026-09-27T03:06:52.638800+00:00,NZD->PHP,25000,Airwallex,bank
2026-09-27T03:06:52.638800+00:00,NZD->PHP,25000,Wise,bank
2026-09-27T03:06:52.638800+00:00,NZD->PHP,50000,Airwallex,bank
2026-09-27T03:06:52.638800+00:00,NZD->PHP,50000,Wise,bank
2026-09-27T03:06:52.638800+00:00,SGD->PHP,200,Airwallex,bank
2026-09-27T03:06:52.638800+00:00,SGD->PHP,200,Wise,bank
2026-09-27T03:06:52.638800+00:00,SGD->PHP,200,Instarem,bank
2026-09-27T03:06:52.638800+00:00,SGD->PHP,1000,Airwallex,bank
2026-09-27T03:06:52.638800+00:00,SGD->PHP,1000,Wise,bank
2026-09-27T03:06:52.638800+00:00,SGD->PHP,1000,Instarem,bank
2026-09-27T03:06:52.638800+00:00,SGD->PHP,5000,Airwallex,bank
2026-09-27T03:06:52.638800+00:00,SGD->PHP,5000,Wise,bank
2026-09-27T03:06:52.638800+00:00,SGD->PHP,5000,Instarem,bank
2026-09-27T03:06:52.638800+00:00,SGD->PHP,25000,Airwallex,bank
2026-09-27T03:06:52.638800+00:00,SGD->PHP,25000,Wise,bank
2026-09-27T03:06:52.638800+00:00,SGD->PHP,25000,Instarem,bank
2026-09-27T03:06:52.638800+00:00,SGD->PHP,50000,Airwallex,bank
2026-09-27T03:06:52.638800+00:00,SGD->PHP,50000,Wise,bank
2026-09-27T03:06:52.638800+00:00,SGD->PHP,50000,Instarem,bank
2026-09-27T03:06:52.638800+00:00,USD->MXN,200,Airwallex,bank
2026-09-27T03:06:52.638800+00:00,USD->MXN,200,Wise,bank
2026-09-27T03:06:52.638800+00:00,USD->MXN,1000,Airwallex,bank
2026-09-27T03:06:52.638800+00:00,USD->MXN,1000,Wise,bank
2026-09-27T03:06:52.638800+00:00,USD->MXN,5000,Airwallex,bank
2026-09-27T03:06:52.638800+00:00,USD->MXN,5000,Wise,bank
2026-09-27T03:06:52.638800+00:00,USD->MXN,25000,Airwallex,bank
2026-09-27T03:06:52.638800+00:00,USD->MXN,25000,Wise,bank
2026-09-27T03:06:52.638800+00:00,USD->MXN,50000,Airwallex,bank
2026-09-27T03:06:52.638800+00:00,USD->MXN,50000,Wise,bank
2026-09-27T04:07:08.223387+00:00,AUD->PHP,200,Airwallex,bank
2026-09-27T04:07:08.223387+00:00,AUD->PHP,200,Wise,bank
2026-09-27T04:07:08.223387+00:00,AUD->PHP,200,Instarem,bank
2026-09-27T04:07:08.223387+00:00,AUD->PHP,1000,Airwallex,bank
2026-09-27T04:07:08.223387+00:00,AUD->PHP,1000,Wise,bank
2026-09-27T04:07:08.223387+00:00,AUD->PHP,1000,Instarem,bank
2026-09-27T04:07:08.223387+00:00,AUD->PHP,5000,Airwallex,bank
2026-09-27T04:07:08.223387+00:00,AUD->PHP,5000,Wise,bank
2026-09-27T04:07:08.223387+00:00,AUD->PHP,5000,Instarem,bank
2026-09-27T04:07:08.223387+00:00,AUD->PHP,25000,Airwallex,bank
2026-09-27T04:07:08.223387+00:00,AUD->PHP,25000,Wise,bank
2026-09-27T04:07:08.223387+00:00,AUD->PHP,25000,Instarem,bank
2026-09-27T04:07:08.223387+00:00,AUD->PHP,50000,Airwallex,bank
2026-09-27T04:07:08.223387+00:00,AUD->PHP,50000,Wise,bank
2026-09-27T04:07:08.223387+00:00,AUD->PHP,50000,Instarem,bank
2026-09-27T04:07:08.223387+00:00,NZD->PHP,200,Airwallex,bank
2026-09-27T04:07:08.223387+00:00,NZD->PHP,200,Wise,bank
2026-09-27T04:07:08.223387+00:00,NZD->PHP,1000,Airwallex,bank
2026-09-27T04:07:08.223387+00:00,NZD->PHP,1000,Wise,bank
2026-09-27T04:07:08.223387+00:00,NZD->PHP,5000,Airwallex,bank
2026-09-27T04:07:08.223387+00:00,NZD->PHP,5000,Wise,bank
2026-09-27T04:07:08.223387+00:00,NZD->PHP,25000,Airwallex,bank
2026-09-27T04:07:08.223387+00:00,NZD->PHP,25000,Wise,bank
2026-09-27T04:07:08.223387+00:00,NZD->PHP,50000,Airwallex,bank
2026-09-27T04:07:08.223387+00:00,NZD->PHP,50000,Wise,bank
2026-09-27T04:07:08.223387+00:00,SGD->PHP,200,Airwallex,bank
2026-09-27T04:07:08.223387+00:00,SGD->PHP,200,Wise,bank
2026-09-27T04:07:08.223387+00:00,SGD->PHP,200,Instarem,bank
2026-09-27T04:07:08.223387+00:00,SGD->PHP,1000,Airwallex,bank
2026-09-27T04:07:08.223387+00:00,SGD->PHP,1000,Wise,bank
2026-09-27T04:07:08.223387+00:00,SGD->PHP,1000,Instarem,bank
2026-09-27T04:07:08.223387+00:00,SGD->PHP,5000,Airwallex,bank
2026-09-27T04:07:08.223387+00:00,SGD->PHP,5000,Wise,bank
2026-09-27T04:07:08.223387+00:00,SGD->PHP,5000,Instarem,bank
2026-09-27T04:07:08.223387+00:00,SGD->PHP,25000,Airwallex,bank
2026-09-27T04:07:08.223387+00:00,SGD->PHP,25000,Wise,bank
2026-09-27T04:07:08.223387+00:00,SGD->PHP,25000,Instarem,bank
2026-09-27T04:07:08.223387+00:00,SGD->PHP,50000,Airwallex,bank
2026-09-27T04:07:08.223387+00:00,SGD->PHP,50000,Wise,bank
2026-09-27T04:07:08.223387+00:00,SGD->PHP,50000,Instarem,bank
2026-09-27T04:07:08.223387+00:00,USD->MXN,200,Airwallex,bank
2026-09-27T04:07:08.223387+00:00,USD->MXN,200,Wise,bank
2026-09-27T04:07:08.223387+00:00,USD->MXN,1000,Airwallex,bank
2026-09-27T04:07:08.223387+00:00,USD->MXN,1000,Wise,bank
2026-09-27T04:07:08.223387+00:00,USD->MXN,5000,Airwallex,bank
2026-09-27T04:07:08.223387+00:00,USD->MXN,5000,Wise,bank
2026-09-27T04:07:08.223387+00:00,USD->MXN,25000,Airwallex,bank
2026-09-27T04:07:08.223387+00:00,USD->MXN,25000,Wise,bank
2026-09-27T04:07:08.223387+00:00,USD->MXN,50000,Airwallex,bank
2026-09-27T04:07:08.223387+00:00,USD->MXN,50000,Wise,bank
2026-09-27T05:06:52.120693+00:00,AUD->PHP,200,Airwallex,bank
2026-09-27T05:06:52.120693+00:00,AUD->PHP,200,Wise,bank
2026-09-27T05:06:52.120693+00:00,AUD->PHP,200,Instarem,bank
2026-09-27T05:06:52.120693+00:00,AUD->PHP,1000,Airwallex,bank
2026-09-27T05:06:52.120693+00:00,AUD->PHP,1000,Wise,bank
2026-09-27T05:06:52.120693+00:00,AUD->PHP,1000,Instarem,bank
2026-09-27T05:06:52.120693+00:00,AUD->PHP,5000,Airwallex,bank
2026-09-27T05:06:52.120693+00:00,AUD->PHP,5000,Wise,bank
2026-09-27T05:06:52.120693+00:00,AUD->PHP,5000,Instarem,bank
2026-09-27T05:06:52.120693+00:00,AUD->PHP,25000,Airwallex,bank
2026-09-27T05:06:52.120693+00:00,AUD->PHP,25000,Wise,bank
2026-09-27T05:06:52.120693+00:00,AUD->PHP,25000,Instarem,bank
2026-09-27T05:06:52.120693+00:00,AUD->PHP,50000,Airwallex,bank
2026-09-27T05:06:52.120693+00:00,AUD->PHP,50000,Wise,bank
2026-09-27T05:06:52.120693+00:00,AUD->PHP,50000,Instarem,bank
2026-09-27T05:06:52.120693+00:00,NZD->PHP,200,Airwallex,bank
2026-09-27T05:06:52.120693+00:00,NZD->PHP,200,Wise,bank
2026-09-27T05:06:52.120693+00:00,NZD->PHP,1000,Airwallex,bank
2026-09-27T05:06:52.120693+00:00,NZD->PHP,1000,Wise,bank
2026-09-27T05:06:52.120693+00:00,NZD->PHP,5000,Airwallex,bank
2026-09-27T05:06:52.120693+00:00,NZD->PHP,5000,Wise,bank
2026-09-27T05:06:52.120693+00:00,NZD->PHP,25000,Airwallex,bank
2026-09-27T05:06:52.120693+00:00,NZD->PHP,25000,Wise,bank
2026-09-27T05:06:52.120693+00:00,NZD->PHP,50000,Airwallex,bank
2026-09-27T05:06:52.120693+00:00,NZD->PHP,50000,Wise,bank
2026-09-27T05:06:52.120693+00:00,SGD->PHP,200,Airwallex,bank
2026-09-27T05:06:52.120693+00:00,SGD->PHP,200,Wise,bank
2026-09-27T05:06:52.120693+00:00,SGD->PHP,200,Instarem,bank
2026-09-27T05:06:52.120693+00:00,SGD->PHP,1000,Airwallex,bank
2026-09-27T05:06:52.120693+00:00,SGD->PHP,1000,Wise,bank
2026-09-27T05:06:52.120693+00:00,SGD->PHP,1000,Instarem,bank
2026-09-27T05:06:52.120693+00:00,SGD->PHP,5000,Airwallex,bank
2026-09-27T05:06:52.120693+00:00,SGD->PHP,5000,Wise,bank
2026-09-27T05:06:52.120693+00:00,SGD->PHP,5000,Instarem,bank
2026-09-27T05:06:52.120693+00:00,SGD->PHP,25000,Airwallex,bank
2026-09-27T05:06:52.120693+00:00,SGD->PHP,25000,Wise,bank
2026-09-27T05:06:52.120693+00:00,SGD->PHP,25000,Instarem,bank
2026-09-27T05:06:52.120693+00:00,SGD->PHP,50000,Airwallex,bank
2026-09-27T05:06:52.120693+00:00,SGD->PHP,50000,Wise,bank
2026-09-27T05:06:52.120693+00:00,SGD->PHP,50000,Instarem,bank
2026-09-27T05:06:52.120693+00:00,USD->MXN,200,Airwallex,bank
2026-09-27T05:06:52.120693+00:00,USD->MXN,200,Wise,bank
2026-09-27T05:06:52.120693+00:00,USD->MXN,1000,Airwallex,bank
2026-09-27T05:06:52.120693+00:00,USD->MXN,1000,Wise,bank
2026-09-27T05:06:52.120693+00:00,USD->MXN,5000,Airwallex,bank
2026-09-27T05:06:52.120693+00:00,USD->MXN,5000,Wise,bank
2026-09-27T05:06:52.120693+00:00,USD->MXN,25000,Airwallex,bank
2026-09-27T05:06:52.120693+00:00,USD->MXN,25000,Wise,bank
2026-09-27T05:06:52.120693+00:00,USD->MXN,50000,Airwallex,bank
2026-09-27T05:06:52.120693+00:00,USD->MXN,50000,Wise,bank
2026-09-27T06:06:50.377093+00:00,AUD->PHP,200,Airwallex,bank
2026-09-27T06:06:50.377093+00:00,AUD->PHP,200,Wise,bank
2026-09-27T06:06:50.377093+00:00,AUD->PHP,200,Instarem,bank
2026-09-27T06:06:50.377093+00:00,AUD->PHP,1000,Airwallex,bank
2026-09-27T06:06:50.377093+00:00,AUD->PHP,1000,Wise,bank
2026-09-27T06:06:50.377093+00:00,AUD->PHP,1000,Instarem,bank
2026-09-27T06:06:50.377093+00:00,AUD->PHP,5000,Airwallex,bank
2026-09-27T06:06:50.377093+00:00,AUD->PHP,5000,Wise,bank
2026-09-27T06:06:50.377093+00:00,AUD->PHP,5000,Instarem,bank
2026-09-27T06:06:50.377093+00:00,AUD->PHP,25000,Airwallex,bank
2026-09-27T06:06:50.377093+00:00,AUD->PHP,25000,Wise,bank
2026-09-27T06:06:50.377093+00:00,AUD->PHP,25000,Instarem,bank
2026-09-27T06:06:50.377093+00:00,AUD->PHP,50000,Airwallex,bank
2026-09-27T06:06:50.377093+00:00,AUD->PHP,50000,Wise,bank
2026-09-27T06:06:50.377093+00:00,AUD->PHP,50000,Instarem,bank
2026-09-27T06:06:50.377093+00:00,NZD->PHP,200,Airwallex,bank
2026-09-27T06:06:50.377093+00:00,NZD->PHP,200,Wise,bank
2026-09-27T06:06:50.377093+00:00,NZD->PHP,1000,Airwallex,bank
2026-09-27T06:06:50.377093+00:00,NZD->PHP,1000,Wise,bank
2026-09-27T06:06:50.377093+00:00,NZD->PHP,5000,Airwallex,bank
2026-09-27T06:06:50.377093+00:00,NZD->PHP,5000,Wise,bank
2026-09-27T06:06:50.377093+00:00,NZD->PHP,25000,Airwallex,bank
2026-09-27T06:06:50.377093+00:00,NZD->PHP,25000,Wise,bank
2026-09-27T06:06:50.377093+00:00,NZD->PHP,50000,Airwallex,bank
2026-09-27T06:06:50.377093+00:00,NZD->PHP,50000,Wise,bank
2026-09-27T06:06:50.377093+00:00,SGD->PHP,200,Airwallex,bank
2026-09-27T06:06:50.377093+00:00,SGD->PHP,200,Wise,bank
2026-09-27T06:06:50.377093+00:00,SGD->PHP,200,Instarem,bank
2026-09-27T06:06:50.377093+00:00,SGD->PHP,1000,Airwallex,bank
2026-09-27T06:06:50.377093+00:00,SGD->PHP,1000,Wise,bank
2026-09-27T06:06:50.377093+00:00,SGD->PHP,1000,Instarem,bank
2026-09-27T06:06:50.377093+00:00,SGD->PHP,5000,Airwallex,bank
2026-09-27T06:06:50.377093+00:00,SGD->PHP,5000,Wise,bank
2026-09-27T06:06:50.377093+00:00,SGD->PHP,5000,Instarem,bank
2026-09-27T06:06:50.377093+00:00,SGD->PHP,25000,Airwallex,bank
2026-09-27T06:06:50.377093+00:00,SGD->PHP,25000,Wise,bank
2026-09-27T06:06:50.377093+00:00,SGD->PHP,25000,Instarem,bank
2026-09-27T06:06:50.377093+00:00,SGD->PHP,50000,Airwallex,bank
2026-09-27T06:06:50.377093+00:00,SGD->PHP,50000,Wise,bank
2026-09-27T06:06:50.377093+00:00,SGD->PHP,50000,Instarem,bank
2026-09-27T06:06:50.377093+00:00,USD->MXN,200,Airwallex,bank
2026-09-27T06:06:50.377093+00:00,USD->MXN,200,Wise,bank
2026-09-27T06:06:50.377093+00:00,USD->MXN,1000,Airwallex,bank
2026-09-27T06:06:50.377093+00:00,USD->MXN,1000,Wise,bank
2026-09-27T06:06:50.377093+00:00,USD->MXN,5000,Airwallex,bank
2026-09-27T06:06:50.377093+00:00,USD->MXN,5000,Wise,bank
2026-09-27T06:06:50.377093+00:00,USD->MXN,25000,Airwallex,bank
2026-09-27T06:06:50.377093+00:00,USD->MXN,25000,Wise,bank
2026-09-27T06:06:50.377093+00:00,USD->MXN,50000,Airwallex,bank
2026-09-27T06:06:50.377093+00:00,USD->MXN,50000,Wise,bank
2026-09-27T07:06:55.400872+00:00,AUD->PHP,200,Airwallex,bank
2026-09-27T07:06:55.400872+00:00,AUD->PHP,200,Wise,bank
2026-09-27T07:06:55.400872+00:00,AUD->PHP,200,Instarem,bank
2026-09-27T07:06:55.400872+00:00,AUD->PHP,1000,Airwallex,bank
2026-09-27T07:06:55.400872+00:00,AUD->PHP,1000,Wise,bank
2026-09-27T07:06:55.400872+00:00,AUD->PHP,1000,Instarem,bank
2026-09-27T07:06:55.400872+00:00,AUD->PHP,5000,Airwallex,bank
2026-09-27T07:06:55.400872+00:00,AUD->PHP,5000,Wise,bank
2026-09-27T07:06:55.400872+00:00,AUD->PHP,5000,Instarem,bank
2026-09-27T07:06:55.400872+00:00,AUD->PHP,25000,Airwallex,bank
2026-09-27T07:06:55.400872+00:00,AUD->PHP,25000,Wise,bank
2026-09-27T07:06:55.400872+00:00,AUD->PHP,25000,Instarem,bank
2026-09-27T07:06:55.400872+00:00,AUD->PHP,50000,Airwallex,bank
2026-09-27T07:06:55.400872+00:00,AUD->PHP,50000,Wise,bank
2026-09-27T07:06:55.400872+00:00,AUD->PHP,50000,Instarem,bank
2026-09-27T07:06:55.400872+00:00,NZD->PHP,200,Airwallex,bank
2026-09-27T07:06:55.400872+00:00,NZD->PHP,200,Wise,bank
2026-09-27T07:06:55.400872+00:00,NZD->PHP,1000,Airwallex,bank
2026-09-27T07:06:55.400872+00:00,NZD->PHP,1000,Wise,bank
2026-09-27T07:06:55.400872+00:00,NZD->PHP,5000,Airwallex,bank
2026-09-27T07:06:55.400872+00:00,NZD->PHP,5000,Wise,bank
2026-09-27T07:06:55.400872+00:00,NZD->PHP,25000,Airwallex,bank
2026-09-27T07:06:55.400872+00:00,NZD->PHP,25000,Wise,bank
2026-09-27T07:06:55.400872+00:00,NZD->PHP,50000,Airwallex,bank
2026-09-27T07:06:55.400872+00:00,NZD->PHP,50000,Wise,bank
2026-09-27T07:06:55.400872+00:00,SGD->PHP,200,Airwallex,bank
2026-09-27T07:06:55.400872+00:00,SGD->PHP,200,Wise,bank
2026-09-27T07:06:55.400872+00:00,SGD->PHP,200,Instarem,bank
2026-09-27T07:06:55.400872+00:00,SGD->PHP,1000,Airwallex,bank
2026-09-27T07:06:55.400872+00:00,SGD->PHP,1000,Wise,bank
2026-09-27T07:06:55.400872+00:00,SGD->PHP,1000,Instarem,bank
2026-09-27T07:06:55.400872+00:00,SGD->PHP,5000,Airwallex,bank
2026-09-27T07:06:55.400872+00:00,SGD->PHP,5000,Wise,bank
2026-09-27T07:06:55.400872+00:00,SGD->PHP,5000,Instarem,bank
2026-09-27T07:06:55.400872+00:00,SGD->PHP,25000,Airwallex,bank
2026-09-27T07:06:55.400872+00:00,SGD->PHP,25000,Wise,bank
2026-09-27T07:06:55.400872+00:00,SGD->PHP,25000,Instarem,bank
2026-09-27T07:06:55.400872+00:00,SGD->PHP,50000,Airwallex,bank
2026-09-27T07:06:55.400872+00:00,SGD->PHP,50000,Wise,bank
2026-09-27T07:06:55.400872+00:00,SGD->PHP,50000,Instarem,bank
2026-09-27T07:06:55.400872+00:00,USD->MXN,200,Airwallex,bank
2026-09-27T07:06:55.400872+00:00,USD->MXN,200,Wise,bank
2026-09-27T07:06:55.400872+00:00,USD->MXN,1000,Airwallex,bank
2026-09-27T07:06:55.400872+00:00,USD->MXN,1000,Wise,bank
2026-09-27T07:06:55.400872+00:00,USD->MXN,5000,Airwallex,bank
2026-09-27T07:06:55.400872+00:00,USD->MXN,5000,Wise,bank
2026-09-27T07:06:55.400872+00:00,USD->MXN,25000,Airwallex,bank
2026-09-27T07:06:55.400872+00:00,USD->MXN,25000,Wise,bank
2026-09-27T07:06:55.400872+00:00,USD->MXN,50000,Airwallex,bank
2026-09-27T07:06:55.400872+00:00,USD->MXN,50000,Wise,bank
2026-09-27T08:06:59.097023+00:00,AUD->PHP,200,Airwallex,bank
2026-09-27T08:06:59.097023+00:00,AUD->PHP,200,Wise,bank
2026-09-27T08:06:59.097023+00:00,AUD->PHP,200,Instarem,bank
2026-09-27T08:06:59.097023+00:00,AUD->PHP,1000,Airwallex,bank
2026-09-27T08:06:59.097023+00:00,AUD->PHP,1000,Wise,bank
2026-09-27T08:06:59.097023+00:00,AUD->PHP,1000,Instarem,bank
2026-09-27T08:06:59.097023+00:00,AUD->PHP,5000,Airwallex,bank
2026-09-27T08:06:59.097023+00:00,AUD->PHP,5000,Wise,bank
2026-09-27T08:06:59.097023+00:00,AUD->PHP,5000,Instarem,bank
2026-09-27T08:06:59.097023+00:00,AUD->PHP,25000,Airwallex,bank
2026-09-27T08:06:59.097023+00:00,AUD->PHP,25000,Wise,bank
2026-09-27T08:06:59.097023+00:00,AUD->PHP,25000,Instarem,bank
2026-09-27T08:06:59.097023+00:00,AUD->PHP,50000,Airwallex,bank
2026-09-27T08:06:59.097023+00:00,AUD->PHP,50000,Wise,bank
2026-09-27T08:06:59.097023+00:00,AUD->PHP,50000,Instarem,bank
2026-09-27T08:06:59.097023+00:00,NZD->PHP,200,Airwallex,bank
2026-09-27T08:06:59.097023+00:00,NZD->PHP,200,Wise,bank
2026-09-27T08:06:59.097023+00:00,NZD->PHP,1000,Airwallex,bank
2026-09-27T08:06:59.097023+00:00,NZD->PHP,1000,Wise,bank
2026-09-27T08:06:59.097023+00:00,NZD->PHP,5000,Airwallex,bank
2026-09-27T08:06:59.097023+00:00,NZD->PHP,5000,Wise,bank
2026-09-27T08:06:59.097023+00:00,NZD->PHP,25000,Airwallex,bank
2026-09-27T08:06:59.097023+00:00,NZD->PHP,25000,Wise,bank
2026-09-27T08:06:59.097023+00:00,NZD->PHP,50000,Airwallex,bank
2026-09-27T08:06:59.097023+00:00,NZD->PHP,50000,Wise,bank
2026-09-27T08:06:59.097023+00:00,SGD->PHP,200,Airwallex,bank
2026-09-27T08:06:59.097023+00:00,SGD->PHP,200,Wise,bank
2026-09-27T08:06:59.097023+00:00,SGD->PHP,200,Instarem,bank
2026-09-27T08:06:59.097023+00:00,SGD->PHP,1000,Airwallex,bank
2026-09-27T08:06:59.097023+00:00,SGD->PHP,1000,Wise,bank
2026-09-27T08:06:59.097023+00:00,SGD->PHP,1000,Instarem,bank
2026-09-27T08:06:59.097023+00:00,SGD->PHP,5000,Airwallex,bank
2026-09-27T08:06:59.097023+00:00,SGD->PHP,5000,Wise,bank
2026-09-27T08:06:59.097023+00:00,SGD->PHP,5000,Instarem,bank
2026-09-27T08:06:59.097023+00:00,SGD->PHP,25000,Airwallex,bank
2026-09-27T08:06:59.097023+00:00,SGD->PHP,25000,Wise,bank
2026-09-27T08:06:59.097023+00:00,SGD->PHP,25000,Instarem,bank
2026-09-27T08:06:59.097023+00:00,SGD->PHP,50000,Airwallex,bank
2026-09-27T08:06:59.097023+00:00,SGD->PHP,50000,Wise,bank
2026-09-27T08:06:59.097023+00:00,SGD->PHP,50000,Instarem,bank
2026-09-27T08:06:59.097023+00:00,USD->MXN,200,Airwallex,bank
2026-09-27T08:06:59.097023+00:00,USD->MXN,200,Wise,bank
2026-09-27T08:06:59.097023+00:00,USD->MXN,1000,Airwallex,bank
2026-09-27T08:06:59.097023+00:00,USD->MXN,1000,Wise,bank
2026-09-27T08:06:59.097023+00:00,USD->MXN,5000,Airwallex,bank
2026-09-27T08:06:59.097023+00:00,USD->MXN,5000,Wise,bank
2026-09-27T08:06:59.097023+00:00,USD->MXN,25000,Airwallex,bank
2026-09-27T08:06:59.097023+00:00,USD->MXN,25000,Wise,bank
2026-09-27T08:06:59.097023+00:00,USD->MXN,50000,Airwallex,bank
2026-09-27T08:06:59.097023+00:00,USD->MXN,50000,Wise,bank
2026-09-27T09:06:56.795047+00:00,AUD->PHP,200,Airwallex,bank
2026-09-27T09:06:56.795047+00:00,AUD->PHP,200,Wise,bank
2026-09-27T09:06:56.795047+00:00,AUD->PHP,200,Instarem,bank
2026-09-27T09:06:56.795047+00:00,AUD->PHP,1000,Airwallex,bank
2026-09-27T09:06:56.795047+00:00,AUD->PHP,1000,Wise,bank
2026-09-27T09:06:56.795047+00:00,AUD->PHP,1000,Instarem,bank
2026-09-27T09:06:56.795047+00:00,AUD->PHP,5000,Airwallex,bank
2026-09-27T09:06:56.795047+00:00,AUD->PHP,5000,Wise,bank
2026-09-27T09:06:56.795047+00:00,AUD->PHP,5000,Instarem,bank
2026-09-27T09:06:56.795047+00:00,AUD->PHP,25000,Airwallex,bank
2026-09-27T09:06:56.795047+00:00,AUD->PHP,25000,Wise,bank
2026-09-27T09:06:56.795047+00:00,AUD->PHP,25000,Instarem,bank
2026-09-27T09:06:56.795047+00:00,AUD->PHP,50000,Airwallex,bank
2026-09-27T09:06:56.795047+00:00,AUD->PHP,50000,Wise,bank
2026-09-27T09:06:56.795047+00:00,AUD->PHP,50000,Instarem,bank
2026-09-27T09:06:56.795047+00:00,NZD->PHP,200,Airwallex,bank
2026-09-27T09:06:56.795047+00:00,NZD->PHP,200,Wise,bank
2026-09-27T09:06:56.795047+00:00,NZD->PHP,1000,Airwallex,bank
2026-09-27T09:06:56.795047+00:00,NZD->PHP,1000,Wise,bank
2026-09-27T09:06:56.795047+00:00,NZD->PHP,5000,Airwallex,bank
2026-09-27T09:06:56.795047+00:00,NZD->PHP,5000,Wise,bank
2026-09-27T09:06:56.795047+00:00,NZD->PHP,25000,Airwallex,bank
2026-09-27T09:06:56.795047+00:00,NZD->PHP,25000,Wise,bank
2026-09-27T09:06:56.795047+00:00,NZD->PHP,50000,Airwallex,bank
2026-09-27T09:06:56.795047+00:00,NZD->PHP,50000,Wise,bank
2026-09-27T09:06:56.795047+00:00,SGD->PHP,200,Airwallex,bank
2026-09-27T09:06:56.795047+00:00,SGD->PHP,200,Wise,bank
2026-09-27T09:06:56.795047+00:00,SGD->PHP,200,Instarem,bank
2026-09-27T09:06:56.795047+00:00,SGD->PHP,1000,Airwallex,bank
2026-09-27T09:06:56.795047+00:00,SGD->PHP,1000,Wise,bank
2026-09-27T09:06:56.795047+00:00,SGD->PHP,1000,Instarem,bank
2026-09-27T09:06:56.795047+00:00,SGD->PHP,5000,Airwallex,bank
2026-09-27T09:06:56.795047+00:00,SGD->PHP,5000,Wise,bank
2026-09-27T09:06:56.795047+00:00,SGD->PHP,5000,Instarem,bank
2026-09-27T09:06:56.795047+00:00,SGD->PHP,25000,Airwallex,bank
2026-09-27T09:06:56.795047+00:00,SGD->PHP,25000,Wise,bank
2026-09-27T09:06:56.795047+00:00,SGD->PHP,25000,Instarem,bank
2026-09-27T09:06:56.795047+00:00,SGD->PHP,50000,Airwallex,bank
2026-09-27T09:06:56.795047+00:00,SGD->PHP,50000,Wise,bank
2026-09-27T09:06:56.795047+00:00,SGD->PHP,50000,Instarem,bank
2026-09-27T09:06:56.795047+00:00,USD->MXN,200,Airwallex,bank
2026-09-27T09:06:56.795047+00:00,USD->MXN,200,Wise,bank
2026-09-27T09:06:56.795047+00:00,USD->MXN,1000,Airwallex,bank
2026-09-27T09:06:56.795047+00:00,USD->MXN,1000,Wise,bank
2026-09-27T09:06:56.795047+00:00,USD->MXN,5000,Airwallex,bank
2026-09-27T09:06:56.795047+00:00,USD->MXN,5000,Wise,bank
2026-09-27T09:06:56.795047+00:00,USD->MXN,25000,Airwallex,bank
2026-09-27T09:06:56.795047+00:00,USD->MXN,25000,Wise,bank
2026-09-27T09:06:56.795047+00:00,USD->MXN,50000,Airwallex,bank
2026-09-27T09:06:56.795047+00:00,USD->MXN,50000,Wise,bank
2026-09-27T10:06:55.200395+00:00,AUD->PHP,200,Airwallex,bank
2026-09-27T10:06:55.200395+00:00,AUD->PHP,200,Wise,bank
2026-09-27T10:06:55.200395+00:00,AUD->PHP,200,Instarem,bank
2026-09-27T10:06:55.200395+00:00,AUD->PHP,1000,Airwallex,bank
2026-09-27T10:06:55.200395+00:00,AUD->PHP,1000,Wise,bank
2026-09-27T10:06:55.200395+00:00,AUD->PHP,1000,Instarem,bank
2026-09-27T10:06:55.200395+00:00,AUD->PHP,5000,Airwallex,bank
2026-09-27T10:06:55.200395+00:00,AUD->PHP,5000,Wise,bank
2026-09-27T10:06:55.200395+00:00,AUD->PHP,5000,Instarem,bank
2026-09-27T10:06:55.200395+00:00,AUD->PHP,25000,Airwallex,bank
2026-09-27T10:06:55.200395+00:00,AUD->PHP,25000,Wise,bank
2026-09-27T10:06:55.200395+00:00,AUD->PHP,25000,Instarem,bank
2026-09-27T10:06:55.200395+00:00,AUD->PHP,50000,Airwallex,bank
2026-09-27T10:06:55.200395+00:00,AUD->PHP,50000,Wise,bank
2026-09-27T10:06:55.200395+00:00,AUD->PHP,50000,Instarem,bank
2026-09-27T10:06:55.200395+00:00,NZD->PHP,200,Airwallex,bank
2026-09-27T10:06:55.200395+00:00,NZD->PHP,200,Wise,bank
2026-09-27T10:06:55.200395+00:00,NZD->PHP,1000,Airwallex,bank
2026-09-27T10:06:55.200395+00:00,NZD->PHP,1000,Wise,bank
2026-09-27T10:06:55.200395+00:00,NZD->PHP,5000,Airwallex,bank
2026-09-27T10:06:55.200395+00:00,NZD->PHP,5000,Wise,bank
2026-09-27T10:06:55.200395+00:00,NZD->PHP,25000,Airwallex,bank
2026-09-27T10:06:55.200395+00:00,NZD->PHP,25000,Wise,bank
2026-09-27T10:06:55.200395+00:00,NZD->PHP,50000,Airwallex,bank
2026-09-27T10:06:55.200395+00:00,NZD->PHP,50000,Wise,bank
2026-09-27T10:06:55.200395+00:00,SGD->PHP,200,Airwallex,bank
2026-09-27T10:06:55.200395+00:00,SGD->PHP,200,Wise,bank
2026-09-27T10:06:55.200395+00:00,SGD->PHP,200,Instarem,bank
2026-09-27T10:06:55.200395+00:00,SGD->PHP,1000,Airwallex,bank
2026-09-27T10:06:55.200395+00:00,SGD->PHP,1000,Wise,bank
2026-09-27T10:06:55.200395+00:00,SGD->PHP,1000,Instarem,bank
2026-09-27T10:06:55.200395+00:00,SGD->PHP,5000,Airwallex,bank
2026-09-27T10:06:55.200395+00:00,SGD->PHP,5000,Wise,bank
2026-09-27T10:06:55.200395+00:00,SGD->PHP,5000,Instarem,bank
2026-09-27T10:06:55.200395+00:00,SGD->PHP,25000,Airwallex,bank
2026-09-27T10:06:55.200395+00:00,SGD->PHP,25000,Wise,bank
2026-09-27T10:06:55.200395+00:00,SGD->PHP,25000,Instarem,bank
2026-09-27T10:06:55.200395+00:00,SGD->PHP,50000,Airwallex,bank
2026-09-27T10:06:55.200395+00:00,SGD->PHP,50000,Wise,bank
2026-09-27T10:06:55.200395+00:00,SGD->PHP,50000,Instarem,bank
2026-09-27T10:06:55.200395+00:00,USD->MXN,200,Airwallex,bank
2026-09-27T10:06:55.200395+00:00,USD->MXN,200,Wise,bank
2026-09-27T10:06:55.200395+00:00,USD->MXN,1000,Airwallex,bank
2026-09-27T10:06:55.200395+00:00,USD->MXN,1000,Wise,bank
2026-09-27T10:06:55.200395+00:00,USD->MXN,5000,Airwallex,bank
2026-09-27T10:06:55.200395+00:00,USD->MXN,5000,Wise,bank
2026-09-27T10:06:55.200395+00:00,USD->MXN,25000,Airwallex,bank
2026-09-27T10:06:55.200395+00:00,USD->MXN,25000,Wise,bank
2026-09-27T10:06:55.200395+00:00,USD->MXN,50000,Airwallex,bank
2026-09-27T10:06:55.200395+00:00,USD->MXN,50000,Wise,bank
