ts_utc,corridor,provider,size_src,delivery_stated,source
2026-10-02T13:07:47.699103+00:00,AUD->PHP,Wise,200,in seconds,wise_formattedEstimatedDelivery
2026-10-02T13:07:47.699103+00:00,AUD->PHP,WorldRemit,200,Same day,worldremit_calc_text
2026-10-02T13:07:47.699103+00:00,AUD->PHP,Wise,1000,in seconds,wise_formattedEstimatedDelivery
2026-10-02T13:07:47.699103+00:00,AUD->PHP,WorldRemit,1000,Same day,worldremit_calc_text
2026-10-02T13:07:47.699103+00:00,AUD->PHP,Wise,5000,"by Monday, October 5",wise_formattedEstimatedDelivery
2026-10-02T13:07:47.699103+00:00,AUD->PHP,WorldRemit,5000,Same day,worldremit_calc_text
2026-10-02T13:07:47.699103+00:00,AUD->PHP,Wise,25000,"by Monday, October 5",wise_formattedEstimatedDelivery
2026-10-02T13:07:47.699103+00:00,AUD->PHP,Wise,50000,"by Monday, October 5",wise_formattedEstimatedDelivery
2026-10-02T13:07:47.699103+00:00,NZD->PHP,Wise,200,by Sunday,wise_formattedEstimatedDelivery
2026-10-02T13:07:47.699103+00:00,NZD->PHP,WorldRemit,200,Same day,worldremit_calc_text
2026-10-02T13:07:47.699103+00:00,NZD->PHP,Wise,1000,by Sunday,wise_formattedEstimatedDelivery
2026-10-02T13:07:47.699103+00:00,NZD->PHP,WorldRemit,1000,Same day,worldremit_calc_text
2026-10-02T13:07:47.699103+00:00,NZD->PHP,Wise,5000,"by Monday, October 5",wise_formattedEstimatedDelivery
2026-10-02T13:07:47.699103+00:00,NZD->PHP,WorldRemit,5000,Same day,worldremit_calc_text
2026-10-02T13:07:47.699103+00:00,NZD->PHP,Wise,25000,"by Monday, October 5",wise_formattedEstimatedDelivery
2026-10-02T13:07:47.699103+00:00,NZD->PHP,WorldRemit,25000,Same day,worldremit_calc_text
2026-10-02T13:07:47.699103+00:00,NZD->PHP,Wise,50000,"by Monday, October 5",wise_formattedEstimatedDelivery
2026-10-02T13:07:47.699103+00:00,NZD->PHP,WorldRemit,50000,Same day,worldremit_calc_text
2026-10-02T13:07:47.699103+00:00,SGD->INR,Wise,200,in seconds,wise_formattedEstimatedDelivery
2026-10-02T13:07:47.699103+00:00,SGD->INR,Wise,1000,in seconds,wise_formattedEstimatedDelivery
2026-10-02T13:07:47.699103+00:00,SGD->INR,Wise,5000,in seconds,wise_formattedEstimatedDelivery
2026-10-02T13:07:47.699103+00:00,SGD->INR,Wise,25000,"by Monday, October 5",wise_formattedEstimatedDelivery
2026-10-02T13:07:47.699103+00:00,SGD->INR,Wise,50000,"by Monday, October 5",wise_formattedEstimatedDelivery
2026-10-02T13:07:47.699103+00:00,SGD->PHP,Wise,200,in seconds,wise_formattedEstimatedDelivery
2026-10-02T13:07:47.699103+00:00,SGD->PHP,Wise,1000,in seconds,wise_formattedEstimatedDelivery
2026-10-02T13:07:47.699103+00:00,SGD->PHP,Wise,5000,"by Monday, October 5",wise_formattedEstimatedDelivery
2026-10-02T13:07:47.699103+00:00,SGD->PHP,Wise,25000,"by Monday, October 5",wise_formattedEstimatedDelivery
2026-10-02T13:07:47.699103+00:00,SGD->PHP,Wise,50000,"by Monday, October 5",wise_formattedEstimatedDelivery
2026-10-02T13:07:47.699103+00:00,USD->INR,Wise,200,in 2 hours,wise_formattedEstimatedDelivery
2026-10-02T13:07:47.699103+00:00,USD->INR,Wise,1000,in 2 hours,wise_formattedEstimatedDelivery
2026-10-02T13:07:47.699103+00:00,USD->INR,Wise,5000,in 2 hours,wise_formattedEstimatedDelivery
2026-10-02T13:07:47.699103+00:00,USD->INR,Wise,25000,"by Tuesday, October 6",wise_formattedEstimatedDelivery
2026-10-02T13:07:47.699103+00:00,USD->INR,Wise,50000,"by Tuesday, October 6",wise_formattedEstimatedDelivery
2026-10-02T13:07:47.699103+00:00,USD->MXN,Wise,200,in 2 hours,wise_formattedEstimatedDelivery
2026-10-02T13:07:47.699103+00:00,USD->MXN,WorldRemit,200,Same day,worldremit_calc_text
2026-10-02T13:07:47.699103+00:00,USD->MXN,Wise,1000,in 2 hours,wise_formattedEstimatedDelivery
2026-10-02T13:07:47.699103+00:00,USD->MXN,WorldRemit,1000,Same day,worldremit_calc_text
2026-10-02T13:07:47.699103+00:00,USD->MXN,Wise,5000,in 2 hours,wise_formattedEstimatedDelivery
2026-10-02T13:07:47.699103+00:00,USD->MXN,WorldRemit,5000,Same day,worldremit_calc_text
2026-10-02T13:07:47.699103+00:00,USD->MXN,Wise,25000,"by Monday, October 5",wise_formattedEstimatedDelivery
2026-10-02T13:07:47.699103+00:00,USD->MXN,Wise,50000,"by Monday, October 5",wise_formattedEstimatedDelivery
2026-10-02T13:07:47.699103+00:00,USD->NGN,Wise,200,in 2 hours,wise_formattedEstimatedDelivery
2026-10-02T13:07:47.699103+00:00,USD->NGN,Wise,1000,in 2 hours,wise_formattedEstimatedDelivery
2026-10-02T13:07:47.699103+00:00,USD->NGN,Wise,5000,in 2 hours,wise_formattedEstimatedDelivery
2026-10-02T13:07:47.699103+00:00,USD->NGN,Wise,25000,"by Monday, October 5",wise_formattedEstimatedDelivery
2026-10-02T13:07:47.699103+00:00,USD->NGN,Wise,50000,"by Monday, October 5",wise_formattedEstimatedDelivery
2026-10-02T14:07:35.479546+00:00,AUD->PHP,Wise,200,in seconds,wise_formattedEstimatedDelivery
2026-10-02T14:07:35.479546+00:00,AUD->PHP,WorldRemit,200,Same day,worldremit_calc_text
2026-10-02T14:07:35.479546+00:00,AUD->PHP,Wise,1000,in seconds,wise_formattedEstimatedDelivery
2026-10-02T14:07:35.479546+00:00,AUD->PHP,WorldRemit,1000,Same day,worldremit_calc_text
2026-10-02T14:07:35.479546+00:00,AUD->PHP,Wise,5000,"by Monday, October 5",wise_formattedEstimatedDelivery
2026-10-02T14:07:35.479546+00:00,AUD->PHP,WorldRemit,5000,Same day,worldremit_calc_text
2026-10-02T14:07:35.479546+00:00,AUD->PHP,Wise,25000,"by Monday, October 5",wise_formattedEstimatedDelivery
2026-10-02T14:07:35.479546+00:00,AUD->PHP,Wise,50000,"by Monday, October 5",wise_formattedEstimatedDelivery
2026-10-02T14:07:35.479546+00:00,NZD->PHP,Wise,200,by Sunday,wise_formattedEstimatedDelivery
2026-10-02T14:07:35.479546+00:00,NZD->PHP,WorldRemit,200,Same day,worldremit_calc_text
2026-10-02T14:07:35.479546+00:00,NZD->PHP,Wise,1000,by Sunday,wise_formattedEstimatedDelivery
2026-10-02T14:07:35.479546+00:00,NZD->PHP,WorldRemit,1000,Same day,worldremit_calc_text
2026-10-02T14:07:35.479546+00:00,NZD->PHP,Wise,5000,"by Monday, October 5",wise_formattedEstimatedDelivery
2026-10-02T14:07:35.479546+00:00,NZD->PHP,WorldRemit,5000,Same day,worldremit_calc_text
2026-10-02T14:07:35.479546+00:00,NZD->PHP,Wise,25000,"by Monday, October 5",wise_formattedEstimatedDelivery
2026-10-02T14:07:35.479546+00:00,NZD->PHP,WorldRemit,25000,Same day,worldremit_calc_text
2026-10-02T14:07:35.479546+00:00,NZD->PHP,Wise,50000,"by Monday, October 5",wise_formattedEstimatedDelivery
2026-10-02T14:07:35.479546+00:00,NZD->PHP,WorldRemit,50000,Same day,worldremit_calc_text
2026-10-02T14:07:35.479546+00:00,SGD->INR,Wise,200,in seconds,wise_formattedEstimatedDelivery
2026-10-02T14:07:35.479546+00:00,SGD->INR,Wise,1000,in seconds,wise_formattedEstimatedDelivery
2026-10-02T14:07:35.479546+00:00,SGD->INR,Wise,5000,in seconds,wise_formattedEstimatedDelivery
2026-10-02T14:07:35.479546+00:00,SGD->INR,Wise,25000,"by Monday, October 5",wise_formattedEstimatedDelivery
2026-10-02T14:07:35.479546+00:00,SGD->INR,Wise,50000,"by Monday, October 5",wise_formattedEstimatedDelivery
2026-10-02T14:07:35.479546+00:00,SGD->PHP,Wise,200,in seconds,wise_formattedEstimatedDelivery
2026-10-02T14:07:35.479546+00:00,SGD->PHP,Wise,1000,in seconds,wise_formattedEstimatedDelivery
2026-10-02T14:07:35.479546+00:00,SGD->PHP,Wise,5000,"by Monday, October 5",wise_formattedEstimatedDelivery
2026-10-02T14:07:35.479546+00:00,SGD->PHP,Wise,25000,"by Monday, October 5",wise_formattedEstimatedDelivery
2026-10-02T14:07:35.479546+00:00,SGD->PHP,Wise,50000,"by Monday, October 5",wise_formattedEstimatedDelivery
2026-10-02T14:07:35.479546+00:00,USD->INR,Wise,200,in 2 hours,wise_formattedEstimatedDelivery
2026-10-02T14:07:35.479546+00:00,USD->INR,Wise,1000,in 2 hours,wise_formattedEstimatedDelivery
2026-10-02T14:07:35.479546+00:00,USD->INR,Wise,5000,in 2 hours,wise_formattedEstimatedDelivery
2026-10-02T14:07:35.479546+00:00,USD->INR,Wise,25000,"by Tuesday, October 6",wise_formattedEstimatedDelivery
2026-10-02T14:07:35.479546+00:00,USD->INR,Wise,50000,"by Tuesday, October 6",wise_formattedEstimatedDelivery
2026-10-02T14:07:35.479546+00:00,USD->MXN,Wise,200,in 2 hours,wise_formattedEstimatedDelivery
2026-10-02T14:07:35.479546+00:00,USD->MXN,WorldRemit,200,Same day,worldremit_calc_text
2026-10-02T14:07:35.479546+00:00,USD->MXN,Wise,1000,in 2 hours,wise_formattedEstimatedDelivery
2026-10-02T14:07:35.479546+00:00,USD->MXN,WorldRemit,1000,Same day,worldremit_calc_text
2026-10-02T14:07:35.479546+00:00,USD->MXN,Wise,5000,in 2 hours,wise_formattedEstimatedDelivery
2026-10-02T14:07:35.479546+00:00,USD->MXN,WorldRemit,5000,Same day,worldremit_calc_text
2026-10-02T14:07:35.479546+00:00,USD->MXN,Wise,25000,"by Monday, October 5",wise_formattedEstimatedDelivery
2026-10-02T14:07:35.479546+00:00,USD->MXN,Wise,50000,"by Monday, October 5",wise_formattedEstimatedDelivery
2026-10-02T14:07:35.479546+00:00,USD->NGN,Wise,200,in 2 hours,wise_formattedEstimatedDelivery
2026-10-02T14:07:35.479546+00:00,USD->NGN,Wise,1000,in 2 hours,wise_formattedEstimatedDelivery
2026-10-02T14:07:35.479546+00:00,USD->NGN,Wise,5000,in 2 hours,wise_formattedEstimatedDelivery
2026-10-02T14:07:35.479546+00:00,USD->NGN,Wise,25000,"by Monday, October 5",wise_formattedEstimatedDelivery
2026-10-02T14:07:35.479546+00:00,USD->NGN,Wise,50000,"by Monday, October 5",wise_formattedEstimatedDelivery
2026-10-02T15:07:44.609729+00:00,AUD->PHP,Wise,200,in seconds,wise_formattedEstimatedDelivery
2026-10-02T15:07:44.609729+00:00,AUD->PHP,WorldRemit,200,Same day,worldremit_calc_text
2026-10-02T15:07:44.609729+00:00,AUD->PHP,Wise,1000,in seconds,wise_formattedEstimatedDelivery
2026-10-02T15:07:44.609729+00:00,AUD->PHP,WorldRemit,1000,Same day,worldremit_calc_text
2026-10-02T15:07:44.609729+00:00,AUD->PHP,Wise,5000,"by Monday, October 5",wise_formattedEstimatedDelivery
2026-10-02T15:07:44.609729+00:00,AUD->PHP,WorldRemit,5000,Same day,worldremit_calc_text
2026-10-02T15:07:44.609729+00:00,AUD->PHP,Wise,25000,"by Monday, October 5",wise_formattedEstimatedDelivery
2026-10-02T15:07:44.609729+00:00,AUD->PHP,Wise,50000,"by Monday, October 5",wise_formattedEstimatedDelivery
2026-10-02T15:07:44.609729+00:00,NZD->PHP,Wise,200,by Sunday,wise_formattedEstimatedDelivery
2026-10-02T15:07:44.609729+00:00,NZD->PHP,WorldRemit,200,Same day,worldremit_calc_text
2026-10-02T15:07:44.609729+00:00,NZD->PHP,Wise,1000,by Sunday,wise_formattedEstimatedDelivery
2026-10-02T15:07:44.609729+00:00,NZD->PHP,WorldRemit,1000,Same day,worldremit_calc_text
2026-10-02T15:07:44.609729+00:00,NZD->PHP,Wise,5000,"by Monday, October 5",wise_formattedEstimatedDelivery
2026-10-02T15:07:44.609729+00:00,NZD->PHP,WorldRemit,5000,Same day,worldremit_calc_text
2026-10-02T15:07:44.609729+00:00,NZD->PHP,Wise,25000,"by Monday, October 5",wise_formattedEstimatedDelivery
2026-10-02T15:07:44.609729+00:00,NZD->PHP,WorldRemit,25000,Same day,worldremit_calc_text
2026-10-02T15:07:44.609729+00:00,NZD->PHP,Wise,50000,"by Monday, October 5",wise_formattedEstimatedDelivery
2026-10-02T15:07:44.609729+00:00,NZD->PHP,WorldRemit,50000,Same day,worldremit_calc_text
2026-10-02T15:07:44.609729+00:00,SGD->INR,Wise,200,in seconds,wise_formattedEstimatedDelivery
2026-10-02T15:07:44.609729+00:00,SGD->INR,Wise,1000,in seconds,wise_formattedEstimatedDelivery
2026-10-02T15:07:44.609729+00:00,SGD->INR,Wise,5000,in seconds,wise_formattedEstimatedDelivery
2026-10-02T15:07:44.609729+00:00,SGD->INR,Wise,25000,"by Monday, October 5",wise_formattedEstimatedDelivery
2026-10-02T15:07:44.609729+00:00,SGD->INR,Wise,50000,"by Monday, October 5",wise_formattedEstimatedDelivery
2026-10-02T15:07:44.609729+00:00,SGD->PHP,Wise,200,in seconds,wise_formattedEstimatedDelivery
2026-10-02T15:07:44.609729+00:00,SGD->PHP,Wise,1000,in seconds,wise_formattedEstimatedDelivery
2026-10-02T15:07:44.609729+00:00,SGD->PHP,Wise,5000,"by Monday, October 5",wise_formattedEstimatedDelivery
2026-10-02T15:07:44.609729+00:00,SGD->PHP,Wise,25000,"by Monday, October 5",wise_formattedEstimatedDelivery
2026-10-02T15:07:44.609729+00:00,SGD->PHP,Wise,50000,"by Monday, October 5",wise_formattedEstimatedDelivery
2026-10-02T15:07:44.609729+00:00,USD->INR,Wise,200,in 2 hours,wise_formattedEstimatedDelivery
2026-10-02T15:07:44.609729+00:00,USD->INR,Wise,1000,in 2 hours,wise_formattedEstimatedDelivery
2026-10-02T15:07:44.609729+00:00,USD->INR,Wise,5000,in 2 hours,wise_formattedEstimatedDelivery
2026-10-02T15:07:44.609729+00:00,USD->INR,Wise,25000,"by Tuesday, October 6",wise_formattedEstimatedDelivery
2026-10-02T15:07:44.609729+00:00,USD->INR,Wise,50000,"by Tuesday, October 6",wise_formattedEstimatedDelivery
2026-10-02T15:07:44.609729+00:00,USD->MXN,Wise,200,in 2 hours,wise_formattedEstimatedDelivery
2026-10-02T15:07:44.609729+00:00,USD->MXN,WorldRemit,200,Same day,worldremit_calc_text
2026-10-02T15:07:44.609729+00:00,USD->MXN,Wise,1000,in 2 hours,wise_formattedEstimatedDelivery
2026-10-02T15:07:44.609729+00:00,USD->MXN,WorldRemit,1000,Same day,worldremit_calc_text
2026-10-02T15:07:44.609729+00:00,USD->MXN,Wise,5000,in 2 hours,wise_formattedEstimatedDelivery
2026-10-02T15:07:44.609729+00:00,USD->MXN,WorldRemit,5000,Same day,worldremit_calc_text
2026-10-02T15:07:44.609729+00:00,USD->MXN,Wise,25000,"by Monday, October 5",wise_formattedEstimatedDelivery
2026-10-02T15:07:44.609729+00:00,USD->MXN,Wise,50000,"by Monday, October 5",wise_formattedEstimatedDelivery
2026-10-02T15:07:44.609729+00:00,USD->NGN,Wise,200,in 2 hours,wise_formattedEstimatedDelivery
2026-10-02T15:07:44.609729+00:00,USD->NGN,Wise,1000,in 2 hours,wise_formattedEstimatedDelivery
2026-10-02T15:07:44.609729+00:00,USD->NGN,Wise,5000,in 2 hours,wise_formattedEstimatedDelivery
2026-10-02T15:07:44.609729+00:00,USD->NGN,Wise,25000,"by Monday, October 5",wise_formattedEstimatedDelivery
2026-10-02T15:07:44.609729+00:00,USD->NGN,Wise,50000,"by Monday, October 5",wise_formattedEstimatedDelivery
2026-10-02T16:07:44.086201+00:00,AUD->PHP,Wise,200,in seconds,wise_formattedEstimatedDelivery
2026-10-02T16:07:44.086201+00:00,AUD->PHP,WorldRemit,200,Same day,worldremit_calc_text
2026-10-02T16:07:44.086201+00:00,AUD->PHP,Wise,1000,in seconds,wise_formattedEstimatedDelivery
2026-10-02T16:07:44.086201+00:00,AUD->PHP,WorldRemit,1000,Same day,worldremit_calc_text
2026-10-02T16:07:44.086201+00:00,AUD->PHP,Wise,5000,"by Monday, October 5",wise_formattedEstimatedDelivery
2026-10-02T16:07:44.086201+00:00,AUD->PHP,WorldRemit,5000,Same day,worldremit_calc_text
2026-10-02T16:07:44.086201+00:00,AUD->PHP,Wise,25000,"by Monday, October 5",wise_formattedEstimatedDelivery
2026-10-02T16:07:44.086201+00:00,AUD->PHP,Wise,50000,"by Monday, October 5",wise_formattedEstimatedDelivery
2026-10-02T16:07:44.086201+00:00,NZD->PHP,Wise,200,by Sunday,wise_formattedEstimatedDelivery
2026-10-02T16:07:44.086201+00:00,NZD->PHP,WorldRemit,200,Same day,worldremit_calc_text
2026-10-02T16:07:44.086201+00:00,NZD->PHP,Wise,1000,by Sunday,wise_formattedEstimatedDelivery
2026-10-02T16:07:44.086201+00:00,NZD->PHP,WorldRemit,1000,Same day,worldremit_calc_text
2026-10-02T16:07:44.086201+00:00,NZD->PHP,Wise,5000,"by Monday, October 5",wise_formattedEstimatedDelivery
2026-10-02T16:07:44.086201+00:00,NZD->PHP,WorldRemit,5000,Same day,worldremit_calc_text
2026-10-02T16:07:44.086201+00:00,NZD->PHP,Wise,25000,"by Monday, October 5",wise_formattedEstimatedDelivery
2026-10-02T16:07:44.086201+00:00,NZD->PHP,WorldRemit,25000,Same day,worldremit_calc_text
2026-10-02T16:07:44.086201+00:00,NZD->PHP,Wise,50000,"by Monday, October 5",wise_formattedEstimatedDelivery
2026-10-02T16:07:44.086201+00:00,NZD->PHP,WorldRemit,50000,Same day,worldremit_calc_text
2026-10-02T16:07:44.086201+00:00,SGD->INR,Wise,200,in seconds,wise_formattedEstimatedDelivery
2026-10-02T16:07:44.086201+00:00,SGD->INR,Wise,1000,in seconds,wise_formattedEstimatedDelivery
2026-10-02T16:07:44.086201+00:00,SGD->INR,Wise,5000,in seconds,wise_formattedEstimatedDelivery
2026-10-02T16:07:44.086201+00:00,SGD->INR,Wise,25000,"by Monday, October 5",wise_formattedEstimatedDelivery
2026-10-02T16:07:44.086201+00:00,SGD->INR,Wise,50000,"by Monday, October 5",wise_formattedEstimatedDelivery
2026-10-02T16:07:44.086201+00:00,SGD->PHP,Wise,200,in seconds,wise_formattedEstimatedDelivery
2026-10-02T16:07:44.086201+00:00,SGD->PHP,Wise,1000,in seconds,wise_formattedEstimatedDelivery
2026-10-02T16:07:44.086201+00:00,SGD->PHP,Wise,5000,"by Monday, October 5",wise_formattedEstimatedDelivery
2026-10-02T16:07:44.086201+00:00,SGD->PHP,Wise,25000,"by Monday, October 5",wise_formattedEstimatedDelivery
2026-10-02T16:07:44.086201+00:00,SGD->PHP,Wise,50000,"by Monday, October 5",wise_formattedEstimatedDelivery
2026-10-02T16:07:44.086201+00:00,USD->INR,Wise,200,in 2 hours,wise_formattedEstimatedDelivery
2026-10-02T16:07:44.086201+00:00,USD->INR,Wise,1000,in 2 hours,wise_formattedEstimatedDelivery
2026-10-02T16:07:44.086201+00:00,USD->INR,Wise,5000,in 2 hours,wise_formattedEstimatedDelivery
2026-10-02T16:07:44.086201+00:00,USD->INR,Wise,25000,"by Tuesday, October 6",wise_formattedEstimatedDelivery
2026-10-02T16:07:44.086201+00:00,USD->INR,Wise,50000,"by Tuesday, October 6",wise_formattedEstimatedDelivery
2026-10-02T16:07:44.086201+00:00,USD->MXN,Wise,200,in 2 hours,wise_formattedEstimatedDelivery
2026-10-02T16:07:44.086201+00:00,USD->MXN,WorldRemit,200,Same day,worldremit_calc_text
2026-10-02T16:07:44.086201+00:00,USD->MXN,Wise,1000,in 2 hours,wise_formattedEstimatedDelivery
2026-10-02T16:07:44.086201+00:00,USD->MXN,WorldRemit,1000,Same day,worldremit_calc_text
2026-10-02T16:07:44.086201+00:00,USD->MXN,Wise,5000,in 2 hours,wise_formattedEstimatedDelivery
2026-10-02T16:07:44.086201+00:00,USD->MXN,WorldRemit,5000,Same day,worldremit_calc_text
2026-10-02T16:07:44.086201+00:00,USD->MXN,Wise,25000,"by Monday, October 5",wise_formattedEstimatedDelivery
2026-10-02T16:07:44.086201+00:00,USD->MXN,Wise,50000,"by Monday, October 5",wise_formattedEstimatedDelivery
2026-10-02T16:07:44.086201+00:00,USD->NGN,Wise,200,in 2 hours,wise_formattedEstimatedDelivery
2026-10-02T16:07:44.086201+00:00,USD->NGN,Wise,1000,in 2 hours,wise_formattedEstimatedDelivery
2026-10-02T16:07:44.086201+00:00,USD->NGN,Wise,5000,in 2 hours,wise_formattedEstimatedDelivery
2026-10-02T16:07:44.086201+00:00,USD->NGN,Wise,25000,"by Monday, October 5",wise_formattedEstimatedDelivery
2026-10-02T16:07:44.086201+00:00,USD->NGN,Wise,50000,"by Monday, October 5",wise_formattedEstimatedDelivery
2026-10-02T17:07:40.388615+00:00,AUD->PHP,Wise,200,in seconds,wise_formattedEstimatedDelivery
2026-10-02T17:07:40.388615+00:00,AUD->PHP,WorldRemit,200,Same day,worldremit_calc_text
2026-10-02T17:07:40.388615+00:00,AUD->PHP,Wise,1000,in seconds,wise_formattedEstimatedDelivery
2026-10-02T17:07:40.388615+00:00,AUD->PHP,WorldRemit,1000,Same day,worldremit_calc_text
2026-10-02T17:07:40.388615+00:00,AUD->PHP,Wise,5000,"by Monday, October 5",wise_formattedEstimatedDelivery
2026-10-02T17:07:40.388615+00:00,AUD->PHP,WorldRemit,5000,Same day,worldremit_calc_text
2026-10-02T17:07:40.388615+00:00,AUD->PHP,Wise,25000,"by Monday, October 5",wise_formattedEstimatedDelivery
2026-10-02T17:07:40.388615+00:00,AUD->PHP,Wise,50000,"by Monday, October 5",wise_formattedEstimatedDelivery
2026-10-02T17:07:40.388615+00:00,NZD->PHP,Wise,200,by Sunday,wise_formattedEstimatedDelivery
2026-10-02T17:07:40.388615+00:00,NZD->PHP,WorldRemit,200,Same day,worldremit_calc_text
2026-10-02T17:07:40.388615+00:00,NZD->PHP,Wise,1000,by Sunday,wise_formattedEstimatedDelivery
2026-10-02T17:07:40.388615+00:00,NZD->PHP,WorldRemit,1000,Same day,worldremit_calc_text
2026-10-02T17:07:40.388615+00:00,NZD->PHP,Wise,5000,"by Monday, October 5",wise_formattedEstimatedDelivery
2026-10-02T17:07:40.388615+00:00,NZD->PHP,WorldRemit,5000,Same day,worldremit_calc_text
2026-10-02T17:07:40.388615+00:00,NZD->PHP,Wise,25000,"by Monday, October 5",wise_formattedEstimatedDelivery
2026-10-02T17:07:40.388615+00:00,NZD->PHP,WorldRemit,25000,Same day,worldremit_calc_text
2026-10-02T17:07:40.388615+00:00,NZD->PHP,Wise,50000,"by Monday, October 5",wise_formattedEstimatedDelivery
2026-10-02T17:07:40.388615+00:00,NZD->PHP,WorldRemit,50000,Same day,worldremit_calc_text
2026-10-02T17:07:40.388615+00:00,SGD->INR,Wise,200,in seconds,wise_formattedEstimatedDelivery
2026-10-02T17:07:40.388615+00:00,SGD->INR,Wise,1000,in seconds,wise_formattedEstimatedDelivery
2026-10-02T17:07:40.388615+00:00,SGD->INR,Wise,5000,in seconds,wise_formattedEstimatedDelivery
2026-10-02T17:07:40.388615+00:00,SGD->INR,Wise,25000,"by Monday, October 5",wise_formattedEstimatedDelivery
2026-10-02T17:07:40.388615+00:00,SGD->INR,Wise,50000,"by Monday, October 5",wise_formattedEstimatedDelivery
2026-10-02T17:07:40.388615+00:00,SGD->PHP,Wise,200,in seconds,wise_formattedEstimatedDelivery
2026-10-02T17:07:40.388615+00:00,SGD->PHP,Wise,1000,in seconds,wise_formattedEstimatedDelivery
2026-10-02T17:07:40.388615+00:00,SGD->PHP,Wise,5000,"by Monday, October 5",wise_formattedEstimatedDelivery
2026-10-02T17:07:40.388615+00:00,SGD->PHP,Wise,25000,"by Monday, October 5",wise_formattedEstimatedDelivery
2026-10-02T17:07:40.388615+00:00,SGD->PHP,Wise,50000,"by Monday, October 5",wise_formattedEstimatedDelivery
2026-10-02T17:07:40.388615+00:00,USD->INR,Wise,200,in 2 hours,wise_formattedEstimatedDelivery
2026-10-02T17:07:40.388615+00:00,USD->INR,Wise,1000,in 2 hours,wise_formattedEstimatedDelivery
2026-10-02T17:07:40.388615+00:00,USD->INR,Wise,5000,in 2 hours,wise_formattedEstimatedDelivery
2026-10-02T17:07:40.388615+00:00,USD->INR,Wise,25000,"by Tuesday, October 6",wise_formattedEstimatedDelivery
2026-10-02T17:07:40.388615+00:00,USD->INR,Wise,50000,"by Tuesday, October 6",wise_formattedEstimatedDelivery
2026-10-02T17:07:40.388615+00:00,USD->MXN,Wise,200,in 2 hours,wise_formattedEstimatedDelivery
2026-10-02T17:07:40.388615+00:00,USD->MXN,WorldRemit,200,Same day,worldremit_calc_text
2026-10-02T17:07:40.388615+00:00,USD->MXN,Wise,1000,in 2 hours,wise_formattedEstimatedDelivery
2026-10-02T17:07:40.388615+00:00,USD->MXN,WorldRemit,1000,Same day,worldremit_calc_text
2026-10-02T17:07:40.388615+00:00,USD->MXN,Wise,5000,in 2 hours,wise_formattedEstimatedDelivery
2026-10-02T17:07:40.388615+00:00,USD->MXN,WorldRemit,5000,Same day,worldremit_calc_text
2026-10-02T17:07:40.388615+00:00,USD->MXN,Wise,25000,"by Monday, October 5",wise_formattedEstimatedDelivery
2026-10-02T17:07:40.388615+00:00,USD->MXN,Wise,50000,"by Monday, October 5",wise_formattedEstimatedDelivery
2026-10-02T17:07:40.388615+00:00,USD->NGN,Wise,200,in 2 hours,wise_formattedEstimatedDelivery
2026-10-02T17:07:40.388615+00:00,USD->NGN,Wise,1000,in 2 hours,wise_formattedEstimatedDelivery
2026-10-02T17:07:40.388615+00:00,USD->NGN,Wise,5000,in 2 hours,wise_formattedEstimatedDelivery
2026-10-02T17:07:40.388615+00:00,USD->NGN,Wise,25000,"by Monday, October 5",wise_formattedEstimatedDelivery
2026-10-02T17:07:40.388615+00:00,USD->NGN,Wise,50000,"by Monday, October 5",wise_formattedEstimatedDelivery
2026-10-02T18:07:43.896092+00:00,AUD->PHP,Wise,200,in seconds,wise_formattedEstimatedDelivery
2026-10-02T18:07:43.896092+00:00,AUD->PHP,WorldRemit,200,Same day,worldremit_calc_text
2026-10-02T18:07:43.896092+00:00,AUD->PHP,Wise,1000,in seconds,wise_formattedEstimatedDelivery
2026-10-02T18:07:43.896092+00:00,AUD->PHP,WorldRemit,1000,Same day,worldremit_calc_text
2026-10-02T18:07:43.896092+00:00,AUD->PHP,Wise,5000,"by Monday, October 5",wise_formattedEstimatedDelivery
2026-10-02T18:07:43.896092+00:00,AUD->PHP,WorldRemit,5000,Same day,worldremit_calc_text
2026-10-02T18:07:43.896092+00:00,AUD->PHP,Wise,25000,"by Monday, October 5",wise_formattedEstimatedDelivery
2026-10-02T18:07:43.896092+00:00,AUD->PHP,Wise,50000,"by Monday, October 5",wise_formattedEstimatedDelivery
2026-10-02T18:07:43.896092+00:00,NZD->PHP,Wise,200,by Sunday,wise_formattedEstimatedDelivery
2026-10-02T18:07:43.896092+00:00,NZD->PHP,WorldRemit,200,Same day,worldremit_calc_text
2026-10-02T18:07:43.896092+00:00,NZD->PHP,Wise,1000,by Sunday,wise_formattedEstimatedDelivery
2026-10-02T18:07:43.896092+00:00,NZD->PHP,WorldRemit,1000,Same day,worldremit_calc_text
2026-10-02T18:07:43.896092+00:00,NZD->PHP,Wise,5000,"by Monday, October 5",wise_formattedEstimatedDelivery
2026-10-02T18:07:43.896092+00:00,NZD->PHP,WorldRemit,5000,Same day,worldremit_calc_text
2026-10-02T18:07:43.896092+00:00,NZD->PHP,Wise,25000,"by Monday, October 5",wise_formattedEstimatedDelivery
2026-10-02T18:07:43.896092+00:00,NZD->PHP,WorldRemit,25000,Same day,worldremit_calc_text
2026-10-02T18:07:43.896092+00:00,NZD->PHP,Wise,50000,"by Monday, October 5",wise_formattedEstimatedDelivery
2026-10-02T18:07:43.896092+00:00,NZD->PHP,WorldRemit,50000,Same day,worldremit_calc_text
2026-10-02T18:07:43.896092+00:00,SGD->INR,Wise,200,in seconds,wise_formattedEstimatedDelivery
2026-10-02T18:07:43.896092+00:00,SGD->INR,Wise,1000,in seconds,wise_formattedEstimatedDelivery
2026-10-02T18:07:43.896092+00:00,SGD->INR,Wise,5000,in seconds,wise_formattedEstimatedDelivery
2026-10-02T18:07:43.896092+00:00,SGD->INR,Wise,25000,"by Monday, October 5",wise_formattedEstimatedDelivery
2026-10-02T18:07:43.896092+00:00,SGD->INR,Wise,50000,"by Monday, October 5",wise_formattedEstimatedDelivery
2026-10-02T18:07:43.896092+00:00,SGD->PHP,Wise,200,in seconds,wise_formattedEstimatedDelivery
2026-10-02T18:07:43.896092+00:00,SGD->PHP,Wise,1000,in seconds,wise_formattedEstimatedDelivery
2026-10-02T18:07:43.896092+00:00,SGD->PHP,Wise,5000,"by Monday, October 5",wise_formattedEstimatedDelivery
2026-10-02T18:07:43.896092+00:00,SGD->PHP,Wise,25000,"by Monday, October 5",wise_formattedEstimatedDelivery
2026-10-02T18:07:43.896092+00:00,SGD->PHP,Wise,50000,"by Monday, October 5",wise_formattedEstimatedDelivery
2026-10-02T18:07:43.896092+00:00,USD->INR,Wise,200,in 2 hours,wise_formattedEstimatedDelivery
2026-10-02T18:07:43.896092+00:00,USD->INR,Wise,1000,in 2 hours,wise_formattedEstimatedDelivery
2026-10-02T18:07:43.896092+00:00,USD->INR,Wise,5000,in 2 hours,wise_formattedEstimatedDelivery
2026-10-02T18:07:43.896092+00:00,USD->INR,Wise,25000,"by Tuesday, October 6",wise_formattedEstimatedDelivery
2026-10-02T18:07:43.896092+00:00,USD->INR,Wise,50000,"by Tuesday, October 6",wise_formattedEstimatedDelivery
2026-10-02T18:07:43.896092+00:00,USD->MXN,Wise,200,in 2 hours,wise_formattedEstimatedDelivery
2026-10-02T18:07:43.896092+00:00,USD->MXN,WorldRemit,200,Same day,worldremit_calc_text
2026-10-02T18:07:43.896092+00:00,USD->MXN,Wise,1000,in 2 hours,wise_formattedEstimatedDelivery
2026-10-02T18:07:43.896092+00:00,USD->MXN,WorldRemit,1000,Same day,worldremit_calc_text
2026-10-02T18:07:43.896092+00:00,USD->MXN,Wise,5000,in 2 hours,wise_formattedEstimatedDelivery
2026-10-02T18:07:43.896092+00:00,USD->MXN,WorldRemit,5000,Same day,worldremit_calc_text
2026-10-02T18:07:43.896092+00:00,USD->MXN,Wise,25000,"by Monday, October 5",wise_formattedEstimatedDelivery
2026-10-02T18:07:43.896092+00:00,USD->MXN,Wise,50000,"by Monday, October 5",wise_formattedEstimatedDelivery
2026-10-02T18:07:43.896092+00:00,USD->NGN,Wise,200,in 2 hours,wise_formattedEstimatedDelivery
2026-10-02T18:07:43.896092+00:00,USD->NGN,Wise,1000,in 2 hours,wise_formattedEstimatedDelivery
2026-10-02T18:07:43.896092+00:00,USD->NGN,Wise,5000,in 2 hours,wise_formattedEstimatedDelivery
2026-10-02T18:07:43.896092+00:00,USD->NGN,Wise,25000,"by Monday, October 5",wise_formattedEstimatedDelivery
2026-10-02T18:07:43.896092+00:00,USD->NGN,Wise,50000,"by Monday, October 5",wise_formattedEstimatedDelivery
2026-10-02T19:07:48.300922+00:00,AUD->PHP,Wise,200,in seconds,wise_formattedEstimatedDelivery
2026-10-02T19:07:48.300922+00:00,AUD->PHP,WorldRemit,200,Same day,worldremit_calc_text
2026-10-02T19:07:48.300922+00:00,AUD->PHP,Wise,1000,in seconds,wise_formattedEstimatedDelivery
2026-10-02T19:07:48.300922+00:00,AUD->PHP,WorldRemit,1000,Same day,worldremit_calc_text
2026-10-02T19:07:48.300922+00:00,AUD->PHP,Wise,5000,"by Monday, October 5",wise_formattedEstimatedDelivery
2026-10-02T19:07:48.300922+00:00,AUD->PHP,WorldRemit,5000,Same day,worldremit_calc_text
2026-10-02T19:07:48.300922+00:00,AUD->PHP,Wise,25000,"by Monday, October 5",wise_formattedEstimatedDelivery
2026-10-02T19:07:48.300922+00:00,AUD->PHP,Wise,50000,"by Monday, October 5",wise_formattedEstimatedDelivery
2026-10-02T19:07:48.300922+00:00,NZD->PHP,Wise,200,by Sunday,wise_formattedEstimatedDelivery
2026-10-02T19:07:48.300922+00:00,NZD->PHP,WorldRemit,200,Same day,worldremit_calc_text
2026-10-02T19:07:48.300922+00:00,NZD->PHP,Wise,1000,by Sunday,wise_formattedEstimatedDelivery
2026-10-02T19:07:48.300922+00:00,NZD->PHP,WorldRemit,1000,Same day,worldremit_calc_text
2026-10-02T19:07:48.300922+00:00,NZD->PHP,Wise,5000,"by Monday, October 5",wise_formattedEstimatedDelivery
2026-10-02T19:07:48.300922+00:00,NZD->PHP,WorldRemit,5000,Same day,worldremit_calc_text
2026-10-02T19:07:48.300922+00:00,NZD->PHP,Wise,25000,"by Monday, October 5",wise_formattedEstimatedDelivery
2026-10-02T19:07:48.300922+00:00,NZD->PHP,WorldRemit,25000,Same day,worldremit_calc_text
2026-10-02T19:07:48.300922+00:00,NZD->PHP,Wise,50000,"by Monday, October 5",wise_formattedEstimatedDelivery
2026-10-02T19:07:48.300922+00:00,NZD->PHP,WorldRemit,50000,Same day,worldremit_calc_text
2026-10-02T19:07:48.300922+00:00,SGD->INR,Wise,200,in seconds,wise_formattedEstimatedDelivery
2026-10-02T19:07:48.300922+00:00,SGD->INR,Wise,1000,in seconds,wise_formattedEstimatedDelivery
2026-10-02T19:07:48.300922+00:00,SGD->INR,Wise,5000,in seconds,wise_formattedEstimatedDelivery
2026-10-02T19:07:48.300922+00:00,SGD->INR,Wise,25000,"by Monday, October 5",wise_formattedEstimatedDelivery
2026-10-02T19:07:48.300922+00:00,SGD->INR,Wise,50000,"by Monday, October 5",wise_formattedEstimatedDelivery
2026-10-02T19:07:48.300922+00:00,SGD->PHP,Wise,200,in seconds,wise_formattedEstimatedDelivery
2026-10-02T19:07:48.300922+00:00,SGD->PHP,Wise,1000,in seconds,wise_formattedEstimatedDelivery
2026-10-02T19:07:48.300922+00:00,SGD->PHP,Wise,5000,"by Monday, October 5",wise_formattedEstimatedDelivery
2026-10-02T19:07:48.300922+00:00,SGD->PHP,Wise,25000,"by Monday, October 5",wise_formattedEstimatedDelivery
2026-10-02T19:07:48.300922+00:00,SGD->PHP,Wise,50000,"by Monday, October 5",wise_formattedEstimatedDelivery
2026-10-02T19:07:48.300922+00:00,USD->INR,Wise,200,in 2 hours,wise_formattedEstimatedDelivery
2026-10-02T19:07:48.300922+00:00,USD->INR,Wise,1000,in 2 hours,wise_formattedEstimatedDelivery
2026-10-02T19:07:48.300922+00:00,USD->INR,Wise,5000,in 2 hours,wise_formattedEstimatedDelivery
2026-10-02T19:07:48.300922+00:00,USD->INR,Wise,25000,"by Tuesday, October 6",wise_formattedEstimatedDelivery
2026-10-02T19:07:48.300922+00:00,USD->INR,Wise,50000,"by Tuesday, October 6",wise_formattedEstimatedDelivery
2026-10-02T19:07:48.300922+00:00,USD->MXN,Wise,200,in 2 hours,wise_formattedEstimatedDelivery
2026-10-02T19:07:48.300922+00:00,USD->MXN,WorldRemit,200,Same day,worldremit_calc_text
2026-10-02T19:07:48.300922+00:00,USD->MXN,Wise,1000,in 2 hours,wise_formattedEstimatedDelivery
2026-10-02T19:07:48.300922+00:00,USD->MXN,WorldRemit,1000,Same day,worldremit_calc_text
2026-10-02T19:07:48.300922+00:00,USD->MXN,Wise,5000,in 2 hours,wise_formattedEstimatedDelivery
2026-10-02T19:07:48.300922+00:00,USD->MXN,WorldRemit,5000,Same day,worldremit_calc_text
2026-10-02T19:07:48.300922+00:00,USD->MXN,Wise,25000,"by Monday, October 5",wise_formattedEstimatedDelivery
2026-10-02T19:07:48.300922+00:00,USD->MXN,Wise,50000,"by Monday, October 5",wise_formattedEstimatedDelivery
2026-10-02T19:07:48.300922+00:00,USD->NGN,Wise,200,in 2 hours,wise_formattedEstimatedDelivery
2026-10-02T19:07:48.300922+00:00,USD->NGN,Wise,1000,in 2 hours,wise_formattedEstimatedDelivery
2026-10-02T19:07:48.300922+00:00,USD->NGN,Wise,5000,in 2 hours,wise_formattedEstimatedDelivery
2026-10-02T19:07:48.300922+00:00,USD->NGN,Wise,25000,"by Monday, October 5",wise_formattedEstimatedDelivery
2026-10-02T19:07:48.300922+00:00,USD->NGN,Wise,50000,"by Monday, October 5",wise_formattedEstimatedDelivery
2026-10-02T20:07:51.063922+00:00,AUD->PHP,Wise,200,in seconds,wise_formattedEstimatedDelivery
2026-10-02T20:07:51.063922+00:00,AUD->PHP,WorldRemit,200,Same day,worldremit_calc_text
2026-10-02T20:07:51.063922+00:00,AUD->PHP,Wise,1000,in seconds,wise_formattedEstimatedDelivery
2026-10-02T20:07:51.063922+00:00,AUD->PHP,WorldRemit,1000,Same day,worldremit_calc_text
2026-10-02T20:07:51.063922+00:00,AUD->PHP,Wise,5000,"by Monday, October 5",wise_formattedEstimatedDelivery
2026-10-02T20:07:51.063922+00:00,AUD->PHP,WorldRemit,5000,Same day,worldremit_calc_text
2026-10-02T20:07:51.063922+00:00,AUD->PHP,Wise,25000,"by Monday, October 5",wise_formattedEstimatedDelivery
2026-10-02T20:07:51.063922+00:00,AUD->PHP,Wise,50000,"by Monday, October 5",wise_formattedEstimatedDelivery
2026-10-02T20:07:51.063922+00:00,NZD->PHP,Wise,200,by Sunday,wise_formattedEstimatedDelivery
2026-10-02T20:07:51.063922+00:00,NZD->PHP,WorldRemit,200,Same day,worldremit_calc_text
2026-10-02T20:07:51.063922+00:00,NZD->PHP,Wise,1000,by Sunday,wise_formattedEstimatedDelivery
2026-10-02T20:07:51.063922+00:00,NZD->PHP,WorldRemit,1000,Same day,worldremit_calc_text
2026-10-02T20:07:51.063922+00:00,NZD->PHP,Wise,5000,"by Monday, October 5",wise_formattedEstimatedDelivery
2026-10-02T20:07:51.063922+00:00,NZD->PHP,WorldRemit,5000,Same day,worldremit_calc_text
2026-10-02T20:07:51.063922+00:00,NZD->PHP,Wise,25000,"by Monday, October 5",wise_formattedEstimatedDelivery
2026-10-02T20:07:51.063922+00:00,NZD->PHP,WorldRemit,25000,Same day,worldremit_calc_text
2026-10-02T20:07:51.063922+00:00,NZD->PHP,Wise,50000,"by Monday, October 5",wise_formattedEstimatedDelivery
2026-10-02T20:07:51.063922+00:00,NZD->PHP,WorldRemit,50000,Same day,worldremit_calc_text
2026-10-02T20:07:51.063922+00:00,SGD->INR,Wise,200,in seconds,wise_formattedEstimatedDelivery
2026-10-02T20:07:51.063922+00:00,SGD->INR,Wise,1000,in seconds,wise_formattedEstimatedDelivery
2026-10-02T20:07:51.063922+00:00,SGD->INR,Wise,5000,in seconds,wise_formattedEstimatedDelivery
2026-10-02T20:07:51.063922+00:00,SGD->INR,Wise,25000,"by Monday, October 5",wise_formattedEstimatedDelivery
2026-10-02T20:07:51.063922+00:00,SGD->INR,Wise,50000,"by Monday, October 5",wise_formattedEstimatedDelivery
2026-10-02T20:07:51.063922+00:00,SGD->PHP,Wise,200,in seconds,wise_formattedEstimatedDelivery
2026-10-02T20:07:51.063922+00:00,SGD->PHP,Wise,1000,in seconds,wise_formattedEstimatedDelivery
2026-10-02T20:07:51.063922+00:00,SGD->PHP,Wise,5000,"by Monday, October 5",wise_formattedEstimatedDelivery
2026-10-02T20:07:51.063922+00:00,SGD->PHP,Wise,25000,"by Monday, October 5",wise_formattedEstimatedDelivery
2026-10-02T20:07:51.063922+00:00,SGD->PHP,Wise,50000,"by Monday, October 5",wise_formattedEstimatedDelivery
2026-10-02T20:07:51.063922+00:00,USD->INR,Wise,200,in 57 minutes,wise_formattedEstimatedDelivery
2026-10-02T20:07:51.063922+00:00,USD->INR,Wise,1000,in 57 minutes,wise_formattedEstimatedDelivery
2026-10-02T20:07:51.063922+00:00,USD->INR,Wise,5000,in 57 minutes,wise_formattedEstimatedDelivery
2026-10-02T20:07:51.063922+00:00,USD->INR,Wise,25000,"by Tuesday, October 6",wise_formattedEstimatedDelivery
2026-10-02T20:07:51.063922+00:00,USD->INR,Wise,50000,"by Tuesday, October 6",wise_formattedEstimatedDelivery
2026-10-02T20:07:51.063922+00:00,USD->MXN,Wise,200,in 56 minutes,wise_formattedEstimatedDelivery
2026-10-02T20:07:51.063922+00:00,USD->MXN,WorldRemit,200,Same day,worldremit_calc_text
2026-10-02T20:07:51.063922+00:00,USD->MXN,Wise,1000,in 56 minutes,wise_formattedEstimatedDelivery
2026-10-02T20:07:51.063922+00:00,USD->MXN,WorldRemit,1000,Same day,worldremit_calc_text
2026-10-02T20:07:51.063922+00:00,USD->MXN,Wise,5000,in 56 minutes,wise_formattedEstimatedDelivery
2026-10-02T20:07:51.063922+00:00,USD->MXN,WorldRemit,5000,Same day,worldremit_calc_text
2026-10-02T20:07:51.063922+00:00,USD->MXN,Wise,25000,"by Monday, October 5",wise_formattedEstimatedDelivery
2026-10-02T20:07:51.063922+00:00,USD->MXN,Wise,50000,"by Monday, October 5",wise_formattedEstimatedDelivery
2026-10-02T20:07:51.063922+00:00,USD->NGN,Wise,200,in 56 minutes,wise_formattedEstimatedDelivery
2026-10-02T20:07:51.063922+00:00,USD->NGN,Wise,1000,in 56 minutes,wise_formattedEstimatedDelivery
2026-10-02T20:07:51.063922+00:00,USD->NGN,Wise,5000,in 56 minutes,wise_formattedEstimatedDelivery
2026-10-02T20:07:51.063922+00:00,USD->NGN,Wise,25000,"by Monday, October 5",wise_formattedEstimatedDelivery
2026-10-02T20:07:51.063922+00:00,USD->NGN,Wise,50000,"by Monday, October 5",wise_formattedEstimatedDelivery
2026-10-02T21:07:31.683597+00:00,AUD->PHP,Wise,200,in seconds,wise_formattedEstimatedDelivery
2026-10-02T21:07:31.683597+00:00,AUD->PHP,WorldRemit,200,Same day,worldremit_calc_text
2026-10-02T21:07:31.683597+00:00,AUD->PHP,Wise,1000,in seconds,wise_formattedEstimatedDelivery
2026-10-02T21:07:31.683597+00:00,AUD->PHP,WorldRemit,1000,Same day,worldremit_calc_text
2026-10-02T21:07:31.683597+00:00,AUD->PHP,Wise,5000,"by Monday, October 5",wise_formattedEstimatedDelivery
2026-10-02T21:07:31.683597+00:00,AUD->PHP,WorldRemit,5000,Same day,worldremit_calc_text
2026-10-02T21:07:31.683597+00:00,AUD->PHP,Wise,25000,"by Monday, October 5",wise_formattedEstimatedDelivery
2026-10-02T21:07:31.683597+00:00,AUD->PHP,Wise,50000,"by Monday, October 5",wise_formattedEstimatedDelivery
2026-10-02T21:07:31.683597+00:00,NZD->PHP,Wise,200,by Sunday,wise_formattedEstimatedDelivery
2026-10-02T21:07:31.683597+00:00,NZD->PHP,WorldRemit,200,Same day,worldremit_calc_text
2026-10-02T21:07:31.683597+00:00,NZD->PHP,Wise,1000,by Sunday,wise_formattedEstimatedDelivery
2026-10-02T21:07:31.683597+00:00,NZD->PHP,WorldRemit,1000,Same day,worldremit_calc_text
2026-10-02T21:07:31.683597+00:00,NZD->PHP,Wise,5000,"by Monday, October 5",wise_formattedEstimatedDelivery
2026-10-02T21:07:31.683597+00:00,NZD->PHP,WorldRemit,5000,Same day,worldremit_calc_text
2026-10-02T21:07:31.683597+00:00,NZD->PHP,Wise,25000,"by Monday, October 5",wise_formattedEstimatedDelivery
2026-10-02T21:07:31.683597+00:00,NZD->PHP,WorldRemit,25000,Same day,worldremit_calc_text
2026-10-02T21:07:31.683597+00:00,NZD->PHP,Wise,50000,"by Monday, October 5",wise_formattedEstimatedDelivery
2026-10-02T21:07:31.683597+00:00,NZD->PHP,WorldRemit,50000,Same day,worldremit_calc_text
2026-10-02T21:07:31.683597+00:00,SGD->INR,Wise,200,in seconds,wise_formattedEstimatedDelivery
2026-10-02T21:07:31.683597+00:00,SGD->INR,Wise,1000,in seconds,wise_formattedEstimatedDelivery
2026-10-02T21:07:31.683597+00:00,SGD->INR,Wise,5000,in seconds,wise_formattedEstimatedDelivery
2026-10-02T21:07:31.683597+00:00,SGD->INR,Wise,25000,"by Monday, October 5",wise_formattedEstimatedDelivery
2026-10-02T21:07:31.683597+00:00,SGD->INR,Wise,50000,"by Monday, October 5",wise_formattedEstimatedDelivery
2026-10-02T21:07:31.683597+00:00,SGD->PHP,Wise,200,in seconds,wise_formattedEstimatedDelivery
2026-10-02T21:07:31.683597+00:00,SGD->PHP,Wise,1000,in seconds,wise_formattedEstimatedDelivery
2026-10-02T21:07:31.683597+00:00,SGD->PHP,Wise,5000,"by Monday, October 5",wise_formattedEstimatedDelivery
2026-10-02T21:07:31.683597+00:00,SGD->PHP,Wise,25000,"by Monday, October 5",wise_formattedEstimatedDelivery
2026-10-02T21:07:31.683597+00:00,SGD->PHP,Wise,50000,"by Monday, October 5",wise_formattedEstimatedDelivery
2026-10-02T21:07:31.683597+00:00,USD->INR,Wise,200,"by Monday, October 5",wise_formattedEstimatedDelivery
2026-10-02T21:07:31.683597+00:00,USD->INR,Wise,1000,"by Monday, October 5",wise_formattedEstimatedDelivery
2026-10-02T21:07:31.683597+00:00,USD->INR,Wise,5000,"by Monday, October 5",wise_formattedEstimatedDelivery
2026-10-02T21:07:31.683597+00:00,USD->INR,Wise,25000,"by Tuesday, October 6",wise_formattedEstimatedDelivery
2026-10-02T21:07:31.683597+00:00,USD->INR,Wise,50000,"by Tuesday, October 6",wise_formattedEstimatedDelivery
2026-10-02T21:07:31.683597+00:00,USD->MXN,Wise,200,"by Monday, October 5",wise_formattedEstimatedDelivery
2026-10-02T21:07:31.683597+00:00,USD->MXN,WorldRemit,200,Same day,worldremit_calc_text
2026-10-02T21:07:31.683597+00:00,USD->MXN,Wise,1000,"by Monday, October 5",wise_formattedEstimatedDelivery
2026-10-02T21:07:31.683597+00:00,USD->MXN,WorldRemit,1000,Same day,worldremit_calc_text
2026-10-02T21:07:31.683597+00:00,USD->MXN,Wise,5000,"by Monday, October 5",wise_formattedEstimatedDelivery
2026-10-02T21:07:31.683597+00:00,USD->MXN,WorldRemit,5000,Same day,worldremit_calc_text
2026-10-02T21:07:31.683597+00:00,USD->MXN,Wise,25000,"by Monday, October 5",wise_formattedEstimatedDelivery
2026-10-02T21:07:31.683597+00:00,USD->MXN,Wise,50000,"by Monday, October 5",wise_formattedEstimatedDelivery
2026-10-02T21:07:31.683597+00:00,USD->NGN,Wise,200,"by Monday, October 5",wise_formattedEstimatedDelivery
2026-10-02T21:07:31.683597+00:00,USD->NGN,Wise,1000,"by Monday, October 5",wise_formattedEstimatedDelivery
2026-10-02T21:07:31.683597+00:00,USD->NGN,Wise,5000,"by Monday, October 5",wise_formattedEstimatedDelivery
2026-10-02T21:07:31.683597+00:00,USD->NGN,Wise,25000,"by Monday, October 5",wise_formattedEstimatedDelivery
2026-10-02T21:07:31.683597+00:00,USD->NGN,Wise,50000,"by Monday, October 5",wise_formattedEstimatedDelivery
2026-10-02T22:07:41.150976+00:00,AUD->PHP,Wise,200,in seconds,wise_formattedEstimatedDelivery
2026-10-02T22:07:41.150976+00:00,AUD->PHP,WorldRemit,200,Same day,worldremit_calc_text
2026-10-02T22:07:41.150976+00:00,AUD->PHP,Wise,1000,in seconds,wise_formattedEstimatedDelivery
2026-10-02T22:07:41.150976+00:00,AUD->PHP,WorldRemit,1000,Same day,worldremit_calc_text
2026-10-02T22:07:41.150976+00:00,AUD->PHP,Wise,5000,"by Monday, October 5",wise_formattedEstimatedDelivery
2026-10-02T22:07:41.150976+00:00,AUD->PHP,WorldRemit,5000,Same day,worldremit_calc_text
2026-10-02T22:07:41.150976+00:00,AUD->PHP,Wise,25000,"by Monday, October 5",wise_formattedEstimatedDelivery
2026-10-02T22:07:41.150976+00:00,AUD->PHP,Wise,50000,"by Monday, October 5",wise_formattedEstimatedDelivery
2026-10-02T22:07:41.150976+00:00,NZD->PHP,Wise,200,by Sunday,wise_formattedEstimatedDelivery
2026-10-02T22:07:41.150976+00:00,NZD->PHP,WorldRemit,200,Same day,worldremit_calc_text
2026-10-02T22:07:41.150976+00:00,NZD->PHP,Wise,1000,by Sunday,wise_formattedEstimatedDelivery
2026-10-02T22:07:41.150976+00:00,NZD->PHP,WorldRemit,1000,Same day,worldremit_calc_text
2026-10-02T22:07:41.150976+00:00,NZD->PHP,Wise,5000,"by Monday, October 5",wise_formattedEstimatedDelivery
2026-10-02T22:07:41.150976+00:00,NZD->PHP,WorldRemit,5000,Same day,worldremit_calc_text
2026-10-02T22:07:41.150976+00:00,NZD->PHP,Wise,25000,"by Monday, October 5",wise_formattedEstimatedDelivery
2026-10-02T22:07:41.150976+00:00,NZD->PHP,WorldRemit,25000,Same day,worldremit_calc_text
2026-10-02T22:07:41.150976+00:00,NZD->PHP,Wise,50000,"by Monday, October 5",wise_formattedEstimatedDelivery
2026-10-02T22:07:41.150976+00:00,NZD->PHP,WorldRemit,50000,Same day,worldremit_calc_text
2026-10-02T22:07:41.150976+00:00,SGD->INR,Wise,200,in seconds,wise_formattedEstimatedDelivery
2026-10-02T22:07:41.150976+00:00,SGD->INR,Wise,1000,in seconds,wise_formattedEstimatedDelivery
2026-10-02T22:07:41.150976+00:00,SGD->INR,Wise,5000,in seconds,wise_formattedEstimatedDelivery
2026-10-02T22:07:41.150976+00:00,SGD->INR,Wise,25000,"by Monday, October 5",wise_formattedEstimatedDelivery
2026-10-02T22:07:41.150976+00:00,SGD->INR,Wise,50000,"by Monday, October 5",wise_formattedEstimatedDelivery
2026-10-02T22:07:41.150976+00:00,SGD->PHP,Wise,200,in seconds,wise_formattedEstimatedDelivery
2026-10-02T22:07:41.150976+00:00,SGD->PHP,Wise,1000,in seconds,wise_formattedEstimatedDelivery
2026-10-02T22:07:41.150976+00:00,SGD->PHP,Wise,5000,"by Monday, October 5",wise_formattedEstimatedDelivery
2026-10-02T22:07:41.150976+00:00,SGD->PHP,Wise,25000,"by Monday, October 5",wise_formattedEstimatedDelivery
2026-10-02T22:07:41.150976+00:00,SGD->PHP,Wise,50000,"by Monday, October 5",wise_formattedEstimatedDelivery
2026-10-02T22:07:41.150976+00:00,USD->INR,Wise,200,"by Monday, October 5",wise_formattedEstimatedDelivery
2026-10-02T22:07:41.150976+00:00,USD->INR,Wise,1000,"by Monday, October 5",wise_formattedEstimatedDelivery
2026-10-02T22:07:41.150976+00:00,USD->INR,Wise,5000,"by Monday, October 5",wise_formattedEstimatedDelivery
2026-10-02T22:07:41.150976+00:00,USD->INR,Wise,25000,"by Tuesday, October 6",wise_formattedEstimatedDelivery
2026-10-02T22:07:41.150976+00:00,USD->INR,Wise,50000,"by Tuesday, October 6",wise_formattedEstimatedDelivery
2026-10-02T22:07:41.150976+00:00,USD->MXN,Wise,200,"by Monday, October 5",wise_formattedEstimatedDelivery
2026-10-02T22:07:41.150976+00:00,USD->MXN,WorldRemit,200,Same day,worldremit_calc_text
2026-10-02T22:07:41.150976+00:00,USD->MXN,Wise,1000,"by Monday, October 5",wise_formattedEstimatedDelivery
2026-10-02T22:07:41.150976+00:00,USD->MXN,WorldRemit,1000,Same day,worldremit_calc_text
2026-10-02T22:07:41.150976+00:00,USD->MXN,Wise,5000,"by Monday, October 5",wise_formattedEstimatedDelivery
2026-10-02T22:07:41.150976+00:00,USD->MXN,WorldRemit,5000,Same day,worldremit_calc_text
2026-10-02T22:07:41.150976+00:00,USD->MXN,Wise,25000,"by Monday, October 5",wise_formattedEstimatedDelivery
2026-10-02T22:07:41.150976+00:00,USD->MXN,Wise,50000,"by Monday, October 5",wise_formattedEstimatedDelivery
2026-10-02T22:07:41.150976+00:00,USD->NGN,Wise,200,"by Monday, October 5",wise_formattedEstimatedDelivery
2026-10-02T22:07:41.150976+00:00,USD->NGN,Wise,1000,"by Monday, October 5",wise_formattedEstimatedDelivery
2026-10-02T22:07:41.150976+00:00,USD->NGN,Wise,5000,"by Monday, October 5",wise_formattedEstimatedDelivery
2026-10-02T22:07:41.150976+00:00,USD->NGN,Wise,25000,"by Monday, October 5",wise_formattedEstimatedDelivery
2026-10-02T22:07:41.150976+00:00,USD->NGN,Wise,50000,"by Monday, October 5",wise_formattedEstimatedDelivery
2026-10-02T23:18:24.042107+00:00,AUD->PHP,Wise,200,in seconds,wise_formattedEstimatedDelivery
2026-10-02T23:18:24.042107+00:00,AUD->PHP,WorldRemit,200,Same day,worldremit_calc_text
2026-10-02T23:18:24.042107+00:00,AUD->PHP,Wise,1000,in seconds,wise_formattedEstimatedDelivery
2026-10-02T23:18:24.042107+00:00,AUD->PHP,WorldRemit,1000,Same day,worldremit_calc_text
2026-10-02T23:18:24.042107+00:00,AUD->PHP,Wise,5000,"by Monday, October 5",wise_formattedEstimatedDelivery
2026-10-02T23:18:24.042107+00:00,AUD->PHP,WorldRemit,5000,Same day,worldremit_calc_text
2026-10-02T23:18:24.042107+00:00,AUD->PHP,Wise,25000,"by Monday, October 5",wise_formattedEstimatedDelivery
2026-10-02T23:18:24.042107+00:00,AUD->PHP,Wise,50000,"by Monday, October 5",wise_formattedEstimatedDelivery
2026-10-02T23:18:24.042107+00:00,NZD->PHP,Wise,200,by Sunday,wise_formattedEstimatedDelivery
2026-10-02T23:18:24.042107+00:00,NZD->PHP,WorldRemit,200,Same day,worldremit_calc_text
2026-10-02T23:18:24.042107+00:00,NZD->PHP,Wise,1000,by Sunday,wise_formattedEstimatedDelivery
2026-10-02T23:18:24.042107+00:00,NZD->PHP,WorldRemit,1000,Same day,worldremit_calc_text
2026-10-02T23:18:24.042107+00:00,NZD->PHP,Wise,5000,"by Monday, October 5",wise_formattedEstimatedDelivery
2026-10-02T23:18:24.042107+00:00,NZD->PHP,WorldRemit,5000,Same day,worldremit_calc_text
2026-10-02T23:18:24.042107+00:00,NZD->PHP,Wise,25000,"by Monday, October 5",wise_formattedEstimatedDelivery
2026-10-02T23:18:24.042107+00:00,NZD->PHP,WorldRemit,25000,Same day,worldremit_calc_text
2026-10-02T23:18:24.042107+00:00,NZD->PHP,Wise,50000,"by Monday, October 5",wise_formattedEstimatedDelivery
2026-10-02T23:18:24.042107+00:00,NZD->PHP,WorldRemit,50000,Same day,worldremit_calc_text
2026-10-02T23:18:24.042107+00:00,SGD->INR,Wise,200,in seconds,wise_formattedEstimatedDelivery
2026-10-02T23:18:24.042107+00:00,SGD->INR,Wise,1000,in seconds,wise_formattedEstimatedDelivery
2026-10-02T23:18:24.042107+00:00,SGD->INR,Wise,5000,in seconds,wise_formattedEstimatedDelivery
2026-10-02T23:18:24.042107+00:00,SGD->INR,Wise,25000,"by Monday, October 5",wise_formattedEstimatedDelivery
2026-10-02T23:18:24.042107+00:00,SGD->INR,Wise,50000,"by Monday, October 5",wise_formattedEstimatedDelivery
2026-10-02T23:18:24.042107+00:00,SGD->PHP,Wise,200,in seconds,wise_formattedEstimatedDelivery
2026-10-02T23:18:24.042107+00:00,SGD->PHP,Wise,1000,in seconds,wise_formattedEstimatedDelivery
2026-10-02T23:18:24.042107+00:00,SGD->PHP,Wise,5000,"by Monday, October 5",wise_formattedEstimatedDelivery
2026-10-02T23:18:24.042107+00:00,SGD->PHP,Wise,25000,"by Monday, October 5",wise_formattedEstimatedDelivery
2026-10-02T23:18:24.042107+00:00,SGD->PHP,Wise,50000,"by Monday, October 5",wise_formattedEstimatedDelivery
2026-10-02T23:18:24.042107+00:00,USD->INR,Wise,200,"by Monday, October 5",wise_formattedEstimatedDelivery
2026-10-02T23:18:24.042107+00:00,USD->INR,Wise,1000,"by Monday, October 5",wise_formattedEstimatedDelivery
2026-10-02T23:18:24.042107+00:00,USD->INR,Wise,5000,"by Monday, October 5",wise_formattedEstimatedDelivery
2026-10-02T23:18:24.042107+00:00,USD->INR,Wise,25000,"by Tuesday, October 6",wise_formattedEstimatedDelivery
2026-10-02T23:18:24.042107+00:00,USD->INR,Wise,50000,"by Tuesday, October 6",wise_formattedEstimatedDelivery
2026-10-02T23:18:24.042107+00:00,USD->MXN,Wise,200,"by Monday, October 5",wise_formattedEstimatedDelivery
2026-10-02T23:18:24.042107+00:00,USD->MXN,WorldRemit,200,Same day,worldremit_calc_text
2026-10-02T23:18:24.042107+00:00,USD->MXN,Wise,1000,"by Monday, October 5",wise_formattedEstimatedDelivery
2026-10-02T23:18:24.042107+00:00,USD->MXN,WorldRemit,1000,Same day,worldremit_calc_text
2026-10-02T23:18:24.042107+00:00,USD->MXN,Wise,5000,"by Monday, October 5",wise_formattedEstimatedDelivery
2026-10-02T23:18:24.042107+00:00,USD->MXN,WorldRemit,5000,Same day,worldremit_calc_text
2026-10-02T23:18:24.042107+00:00,USD->MXN,Wise,25000,"by Monday, October 5",wise_formattedEstimatedDelivery
2026-10-02T23:18:24.042107+00:00,USD->MXN,Wise,50000,"by Monday, October 5",wise_formattedEstimatedDelivery
2026-10-02T23:18:24.042107+00:00,USD->NGN,Wise,200,"by Monday, October 5",wise_formattedEstimatedDelivery
2026-10-02T23:18:24.042107+00:00,USD->NGN,Wise,1000,"by Monday, October 5",wise_formattedEstimatedDelivery
2026-10-02T23:18:24.042107+00:00,USD->NGN,Wise,5000,"by Monday, October 5",wise_formattedEstimatedDelivery
2026-10-02T23:18:24.042107+00:00,USD->NGN,Wise,25000,"by Monday, October 5",wise_formattedEstimatedDelivery
2026-10-02T23:18:24.042107+00:00,USD->NGN,Wise,50000,"by Monday, October 5",wise_formattedEstimatedDelivery
2026-10-03T00:07:43.209255+00:00,AUD->PHP,Wise,200,in seconds,wise_formattedEstimatedDelivery
2026-10-03T00:07:43.209255+00:00,AUD->PHP,WorldRemit,200,Same day,worldremit_calc_text
2026-10-03T00:07:43.209255+00:00,AUD->PHP,Wise,1000,in seconds,wise_formattedEstimatedDelivery
2026-10-03T00:07:43.209255+00:00,AUD->PHP,WorldRemit,1000,Same day,worldremit_calc_text
2026-10-03T00:07:43.209255+00:00,AUD->PHP,Wise,5000,by Monday,wise_formattedEstimatedDelivery
2026-10-03T00:07:43.209255+00:00,AUD->PHP,WorldRemit,5000,Same day,worldremit_calc_text
2026-10-03T00:07:43.209255+00:00,AUD->PHP,Wise,25000,by Monday,wise_formattedEstimatedDelivery
2026-10-03T00:07:43.209255+00:00,AUD->PHP,Wise,50000,by Monday,wise_formattedEstimatedDelivery
2026-10-03T00:07:43.209255+00:00,NZD->PHP,Wise,200,by Sunday,wise_formattedEstimatedDelivery
2026-10-03T00:07:43.209255+00:00,NZD->PHP,WorldRemit,200,Same day,worldremit_calc_text
2026-10-03T00:07:43.209255+00:00,NZD->PHP,Wise,1000,by Sunday,wise_formattedEstimatedDelivery
2026-10-03T00:07:43.209255+00:00,NZD->PHP,WorldRemit,1000,Same day,worldremit_calc_text
2026-10-03T00:07:43.209255+00:00,NZD->PHP,Wise,5000,by Monday,wise_formattedEstimatedDelivery
2026-10-03T00:07:43.209255+00:00,NZD->PHP,WorldRemit,5000,Same day,worldremit_calc_text
2026-10-03T00:07:43.209255+00:00,NZD->PHP,Wise,25000,by Monday,wise_formattedEstimatedDelivery
2026-10-03T00:07:43.209255+00:00,NZD->PHP,WorldRemit,25000,Same day,worldremit_calc_text
2026-10-03T00:07:43.209255+00:00,NZD->PHP,Wise,50000,by Monday,wise_formattedEstimatedDelivery
2026-10-03T00:07:43.209255+00:00,NZD->PHP,WorldRemit,50000,Same day,worldremit_calc_text
2026-10-03T00:07:43.209255+00:00,SGD->INR,Wise,200,in seconds,wise_formattedEstimatedDelivery
2026-10-03T00:07:43.209255+00:00,SGD->INR,Wise,1000,in seconds,wise_formattedEstimatedDelivery
2026-10-03T00:07:43.209255+00:00,SGD->INR,Wise,5000,in seconds,wise_formattedEstimatedDelivery
2026-10-03T00:07:43.209255+00:00,SGD->INR,Wise,25000,by Monday,wise_formattedEstimatedDelivery
2026-10-03T00:07:43.209255+00:00,SGD->INR,Wise,50000,by Monday,wise_formattedEstimatedDelivery
2026-10-03T00:07:43.209255+00:00,SGD->PHP,Wise,200,in seconds,wise_formattedEstimatedDelivery
2026-10-03T00:07:43.209255+00:00,SGD->PHP,Wise,1000,in seconds,wise_formattedEstimatedDelivery
2026-10-03T00:07:43.209255+00:00,SGD->PHP,Wise,5000,by Monday,wise_formattedEstimatedDelivery
2026-10-03T00:07:43.209255+00:00,SGD->PHP,Wise,25000,by Monday,wise_formattedEstimatedDelivery
2026-10-03T00:07:43.209255+00:00,SGD->PHP,Wise,50000,by Monday,wise_formattedEstimatedDelivery
2026-10-03T00:07:43.209255+00:00,USD->INR,Wise,200,by Monday,wise_formattedEstimatedDelivery
2026-10-03T00:07:43.209255+00:00,USD->INR,Wise,1000,by Monday,wise_formattedEstimatedDelivery
2026-10-03T00:07:43.209255+00:00,USD->INR,Wise,5000,by Monday,wise_formattedEstimatedDelivery
2026-10-03T00:07:43.209255+00:00,USD->INR,Wise,25000,"by Tuesday, October 6",wise_formattedEstimatedDelivery
2026-10-03T00:07:43.209255+00:00,USD->INR,Wise,50000,"by Tuesday, October 6",wise_formattedEstimatedDelivery
2026-10-03T00:07:43.209255+00:00,USD->MXN,Wise,200,by Monday,wise_formattedEstimatedDelivery
2026-10-03T00:07:43.209255+00:00,USD->MXN,WorldRemit,200,Same day,worldremit_calc_text
2026-10-03T00:07:43.209255+00:00,USD->MXN,Wise,1000,by Monday,wise_formattedEstimatedDelivery
2026-10-03T00:07:43.209255+00:00,USD->MXN,WorldRemit,1000,Same day,worldremit_calc_text
2026-10-03T00:07:43.209255+00:00,USD->MXN,Wise,5000,by Monday,wise_formattedEstimatedDelivery
2026-10-03T00:07:43.209255+00:00,USD->MXN,WorldRemit,5000,Same day,worldremit_calc_text
2026-10-03T00:07:43.209255+00:00,USD->MXN,Wise,25000,"by Tuesday, October 6",wise_formattedEstimatedDelivery
2026-10-03T00:07:43.209255+00:00,USD->MXN,Wise,50000,"by Tuesday, October 6",wise_formattedEstimatedDelivery
2026-10-03T00:07:43.209255+00:00,USD->NGN,Wise,200,by Monday,wise_formattedEstimatedDelivery
2026-10-03T00:07:43.209255+00:00,USD->NGN,Wise,1000,by Monday,wise_formattedEstimatedDelivery
2026-10-03T00:07:43.209255+00:00,USD->NGN,Wise,5000,by Monday,wise_formattedEstimatedDelivery
2026-10-03T00:07:43.209255+00:00,USD->NGN,Wise,25000,"by Tuesday, October 6",wise_formattedEstimatedDelivery
2026-10-03T00:07:43.209255+00:00,USD->NGN,Wise,50000,"by Tuesday, October 6",wise_formattedEstimatedDelivery
2026-10-03T01:07:50.710027+00:00,AUD->PHP,Wise,200,in seconds,wise_formattedEstimatedDelivery
2026-10-03T01:07:50.710027+00:00,AUD->PHP,WorldRemit,200,Same day,worldremit_calc_text
2026-10-03T01:07:50.710027+00:00,AUD->PHP,Wise,1000,in seconds,wise_formattedEstimatedDelivery
2026-10-03T01:07:50.710027+00:00,AUD->PHP,WorldRemit,1000,Same day,worldremit_calc_text
2026-10-03T01:07:50.710027+00:00,AUD->PHP,Wise,5000,by Monday,wise_formattedEstimatedDelivery
2026-10-03T01:07:50.710027+00:00,AUD->PHP,WorldRemit,5000,Same day,worldremit_calc_text
2026-10-03T01:07:50.710027+00:00,AUD->PHP,Wise,25000,by Monday,wise_formattedEstimatedDelivery
2026-10-03T01:07:50.710027+00:00,AUD->PHP,Wise,50000,by Monday,wise_formattedEstimatedDelivery
2026-10-03T01:07:50.710027+00:00,NZD->PHP,Wise,200,by Sunday,wise_formattedEstimatedDelivery
2026-10-03T01:07:50.710027+00:00,NZD->PHP,WorldRemit,200,Same day,worldremit_calc_text
2026-10-03T01:07:50.710027+00:00,NZD->PHP,Wise,1000,by Sunday,wise_formattedEstimatedDelivery
2026-10-03T01:07:50.710027+00:00,NZD->PHP,WorldRemit,1000,Same day,worldremit_calc_text
2026-10-03T01:07:50.710027+00:00,NZD->PHP,Wise,5000,by Monday,wise_formattedEstimatedDelivery
2026-10-03T01:07:50.710027+00:00,NZD->PHP,WorldRemit,5000,Same day,worldremit_calc_text
2026-10-03T01:07:50.710027+00:00,NZD->PHP,Wise,25000,by Monday,wise_formattedEstimatedDelivery
2026-10-03T01:07:50.710027+00:00,NZD->PHP,WorldRemit,25000,Same day,worldremit_calc_text
2026-10-03T01:07:50.710027+00:00,NZD->PHP,Wise,50000,by Monday,wise_formattedEstimatedDelivery
2026-10-03T01:07:50.710027+00:00,NZD->PHP,WorldRemit,50000,Same day,worldremit_calc_text
2026-10-03T01:07:50.710027+00:00,SGD->INR,Wise,200,in seconds,wise_formattedEstimatedDelivery
2026-10-03T01:07:50.710027+00:00,SGD->INR,Wise,1000,in seconds,wise_formattedEstimatedDelivery
2026-10-03T01:07:50.710027+00:00,SGD->INR,Wise,5000,in seconds,wise_formattedEstimatedDelivery
2026-10-03T01:07:50.710027+00:00,SGD->INR,Wise,25000,by Monday,wise_formattedEstimatedDelivery
2026-10-03T01:07:50.710027+00:00,SGD->INR,Wise,50000,by Monday,wise_formattedEstimatedDelivery
2026-10-03T01:07:50.710027+00:00,SGD->PHP,Wise,200,in seconds,wise_formattedEstimatedDelivery
2026-10-03T01:07:50.710027+00:00,SGD->PHP,Wise,1000,in seconds,wise_formattedEstimatedDelivery
2026-10-03T01:07:50.710027+00:00,SGD->PHP,Wise,5000,by Monday,wise_formattedEstimatedDelivery
2026-10-03T01:07:50.710027+00:00,SGD->PHP,Wise,25000,by Monday,wise_formattedEstimatedDelivery
2026-10-03T01:07:50.710027+00:00,SGD->PHP,Wise,50000,by Monday,wise_formattedEstimatedDelivery
2026-10-03T01:07:50.710027+00:00,USD->INR,Wise,200,by Monday,wise_formattedEstimatedDelivery
2026-10-03T01:07:50.710027+00:00,USD->INR,Wise,1000,by Monday,wise_formattedEstimatedDelivery
2026-10-03T01:07:50.710027+00:00,USD->INR,Wise,5000,by Monday,wise_formattedEstimatedDelivery
2026-10-03T01:07:50.710027+00:00,USD->INR,Wise,25000,"by Tuesday, October 6",wise_formattedEstimatedDelivery
2026-10-03T01:07:50.710027+00:00,USD->INR,Wise,50000,"by Tuesday, October 6",wise_formattedEstimatedDelivery
2026-10-03T01:07:50.710027+00:00,USD->MXN,Wise,200,by Monday,wise_formattedEstimatedDelivery
2026-10-03T01:07:50.710027+00:00,USD->MXN,WorldRemit,200,Same day,worldremit_calc_text
2026-10-03T01:07:50.710027+00:00,USD->MXN,Wise,1000,by Monday,wise_formattedEstimatedDelivery
2026-10-03T01:07:50.710027+00:00,USD->MXN,WorldRemit,1000,Same day,worldremit_calc_text
2026-10-03T01:07:50.710027+00:00,USD->MXN,Wise,5000,by Monday,wise_formattedEstimatedDelivery
2026-10-03T01:07:50.710027+00:00,USD->MXN,WorldRemit,5000,Same day,worldremit_calc_text
2026-10-03T01:07:50.710027+00:00,USD->MXN,Wise,25000,"by Tuesday, October 6",wise_formattedEstimatedDelivery
2026-10-03T01:07:50.710027+00:00,USD->MXN,Wise,50000,"by Tuesday, October 6",wise_formattedEstimatedDelivery
2026-10-03T01:07:50.710027+00:00,USD->NGN,Wise,200,by Monday,wise_formattedEstimatedDelivery
2026-10-03T01:07:50.710027+00:00,USD->NGN,Wise,1000,by Monday,wise_formattedEstimatedDelivery
2026-10-03T01:07:50.710027+00:00,USD->NGN,Wise,5000,by Monday,wise_formattedEstimatedDelivery
2026-10-03T01:07:50.710027+00:00,USD->NGN,Wise,25000,"by Tuesday, October 6",wise_formattedEstimatedDelivery
2026-10-03T01:07:50.710027+00:00,USD->NGN,Wise,50000,"by Tuesday, October 6",wise_formattedEstimatedDelivery
2026-10-03T02:07:30.261023+00:00,AUD->PHP,Wise,200,in seconds,wise_formattedEstimatedDelivery
2026-10-03T02:07:30.261023+00:00,AUD->PHP,WorldRemit,200,Same day,worldremit_calc_text
2026-10-03T02:07:30.261023+00:00,AUD->PHP,Wise,1000,in seconds,wise_formattedEstimatedDelivery
2026-10-03T02:07:30.261023+00:00,AUD->PHP,WorldRemit,1000,Same day,worldremit_calc_text
2026-10-03T02:07:30.261023+00:00,AUD->PHP,Wise,5000,by Monday,wise_formattedEstimatedDelivery
2026-10-03T02:07:30.261023+00:00,AUD->PHP,WorldRemit,5000,Same day,worldremit_calc_text
2026-10-03T02:07:30.261023+00:00,AUD->PHP,Wise,25000,by Monday,wise_formattedEstimatedDelivery
2026-10-03T02:07:30.261023+00:00,AUD->PHP,Wise,50000,by Monday,wise_formattedEstimatedDelivery
2026-10-03T02:07:30.261023+00:00,NZD->PHP,Wise,200,by Sunday,wise_formattedEstimatedDelivery
2026-10-03T02:07:30.261023+00:00,NZD->PHP,WorldRemit,200,Same day,worldremit_calc_text
2026-10-03T02:07:30.261023+00:00,NZD->PHP,Wise,1000,by Sunday,wise_formattedEstimatedDelivery
2026-10-03T02:07:30.261023+00:00,NZD->PHP,WorldRemit,1000,Same day,worldremit_calc_text
2026-10-03T02:07:30.261023+00:00,NZD->PHP,Wise,5000,by Monday,wise_formattedEstimatedDelivery
2026-10-03T02:07:30.261023+00:00,NZD->PHP,WorldRemit,5000,Same day,worldremit_calc_text
2026-10-03T02:07:30.261023+00:00,NZD->PHP,Wise,25000,by Monday,wise_formattedEstimatedDelivery
2026-10-03T02:07:30.261023+00:00,NZD->PHP,WorldRemit,25000,Same day,worldremit_calc_text
2026-10-03T02:07:30.261023+00:00,NZD->PHP,Wise,50000,by Monday,wise_formattedEstimatedDelivery
2026-10-03T02:07:30.261023+00:00,NZD->PHP,WorldRemit,50000,Same day,worldremit_calc_text
2026-10-03T02:07:30.261023+00:00,SGD->INR,Wise,200,in seconds,wise_formattedEstimatedDelivery
2026-10-03T02:07:30.261023+00:00,SGD->INR,Wise,1000,in seconds,wise_formattedEstimatedDelivery
2026-10-03T02:07:30.261023+00:00,SGD->INR,Wise,5000,in seconds,wise_formattedEstimatedDelivery
2026-10-03T02:07:30.261023+00:00,SGD->INR,Wise,25000,by Monday,wise_formattedEstimatedDelivery
2026-10-03T02:07:30.261023+00:00,SGD->INR,Wise,50000,by Monday,wise_formattedEstimatedDelivery
2026-10-03T02:07:30.261023+00:00,SGD->PHP,Wise,200,in seconds,wise_formattedEstimatedDelivery
2026-10-03T02:07:30.261023+00:00,SGD->PHP,Wise,1000,in seconds,wise_formattedEstimatedDelivery
2026-10-03T02:07:30.261023+00:00,SGD->PHP,Wise,5000,by Monday,wise_formattedEstimatedDelivery
2026-10-03T02:07:30.261023+00:00,SGD->PHP,Wise,25000,by Monday,wise_formattedEstimatedDelivery
2026-10-03T02:07:30.261023+00:00,SGD->PHP,Wise,50000,by Monday,wise_formattedEstimatedDelivery
2026-10-03T02:07:30.261023+00:00,USD->INR,Wise,200,by Monday,wise_formattedEstimatedDelivery
2026-10-03T02:07:30.261023+00:00,USD->INR,Wise,1000,by Monday,wise_formattedEstimatedDelivery
2026-10-03T02:07:30.261023+00:00,USD->INR,Wise,5000,by Monday,wise_formattedEstimatedDelivery
2026-10-03T02:07:30.261023+00:00,USD->INR,Wise,25000,"by Tuesday, October 6",wise_formattedEstimatedDelivery
2026-10-03T02:07:30.261023+00:00,USD->INR,Wise,50000,"by Tuesday, October 6",wise_formattedEstimatedDelivery
2026-10-03T02:07:30.261023+00:00,USD->MXN,Wise,200,by Monday,wise_formattedEstimatedDelivery
2026-10-03T02:07:30.261023+00:00,USD->MXN,WorldRemit,200,Same day,worldremit_calc_text
2026-10-03T02:07:30.261023+00:00,USD->MXN,Wise,1000,by Monday,wise_formattedEstimatedDelivery
2026-10-03T02:07:30.261023+00:00,USD->MXN,WorldRemit,1000,Same day,worldremit_calc_text
2026-10-03T02:07:30.261023+00:00,USD->MXN,Wise,5000,by Monday,wise_formattedEstimatedDelivery
2026-10-03T02:07:30.261023+00:00,USD->MXN,WorldRemit,5000,Same day,worldremit_calc_text
2026-10-03T02:07:30.261023+00:00,USD->MXN,Wise,25000,"by Tuesday, October 6",wise_formattedEstimatedDelivery
2026-10-03T02:07:30.261023+00:00,USD->MXN,Wise,50000,"by Tuesday, October 6",wise_formattedEstimatedDelivery
2026-10-03T02:07:30.261023+00:00,USD->NGN,Wise,200,by Monday,wise_formattedEstimatedDelivery
2026-10-03T02:07:30.261023+00:00,USD->NGN,Wise,1000,by Monday,wise_formattedEstimatedDelivery
2026-10-03T02:07:30.261023+00:00,USD->NGN,Wise,5000,by Monday,wise_formattedEstimatedDelivery
2026-10-03T02:07:30.261023+00:00,USD->NGN,Wise,25000,"by Tuesday, October 6",wise_formattedEstimatedDelivery
2026-10-03T02:07:30.261023+00:00,USD->NGN,Wise,50000,"by Tuesday, October 6",wise_formattedEstimatedDelivery
2026-10-03T03:07:41.743478+00:00,AUD->PHP,Wise,200,in seconds,wise_formattedEstimatedDelivery
2026-10-03T03:07:41.743478+00:00,AUD->PHP,WorldRemit,200,Same day,worldremit_calc_text
2026-10-03T03:07:41.743478+00:00,AUD->PHP,Wise,1000,in seconds,wise_formattedEstimatedDelivery
2026-10-03T03:07:41.743478+00:00,AUD->PHP,WorldRemit,1000,Same day,worldremit_calc_text
2026-10-03T03:07:41.743478+00:00,AUD->PHP,Wise,5000,by Monday,wise_formattedEstimatedDelivery
2026-10-03T03:07:41.743478+00:00,AUD->PHP,WorldRemit,5000,Same day,worldremit_calc_text
2026-10-03T03:07:41.743478+00:00,AUD->PHP,Wise,25000,by Monday,wise_formattedEstimatedDelivery
2026-10-03T03:07:41.743478+00:00,AUD->PHP,Wise,50000,by Monday,wise_formattedEstimatedDelivery
2026-10-03T03:07:41.743478+00:00,NZD->PHP,Wise,200,by Sunday,wise_formattedEstimatedDelivery
2026-10-03T03:07:41.743478+00:00,NZD->PHP,WorldRemit,200,Same day,worldremit_calc_text
2026-10-03T03:07:41.743478+00:00,NZD->PHP,Wise,1000,by Sunday,wise_formattedEstimatedDelivery
2026-10-03T03:07:41.743478+00:00,NZD->PHP,WorldRemit,1000,Same day,worldremit_calc_text
2026-10-03T03:07:41.743478+00:00,NZD->PHP,Wise,5000,by Monday,wise_formattedEstimatedDelivery
2026-10-03T03:07:41.743478+00:00,NZD->PHP,WorldRemit,5000,Same day,worldremit_calc_text
2026-10-03T03:07:41.743478+00:00,NZD->PHP,Wise,25000,by Monday,wise_formattedEstimatedDelivery
2026-10-03T03:07:41.743478+00:00,NZD->PHP,WorldRemit,25000,Same day,worldremit_calc_text
2026-10-03T03:07:41.743478+00:00,NZD->PHP,Wise,50000,by Monday,wise_formattedEstimatedDelivery
2026-10-03T03:07:41.743478+00:00,NZD->PHP,WorldRemit,50000,Same day,worldremit_calc_text
2026-10-03T03:07:41.743478+00:00,SGD->INR,Wise,200,in seconds,wise_formattedEstimatedDelivery
2026-10-03T03:07:41.743478+00:00,SGD->INR,Wise,1000,in seconds,wise_formattedEstimatedDelivery
2026-10-03T03:07:41.743478+00:00,SGD->INR,Wise,5000,in seconds,wise_formattedEstimatedDelivery
2026-10-03T03:07:41.743478+00:00,SGD->INR,Wise,25000,by Monday,wise_formattedEstimatedDelivery
2026-10-03T03:07:41.743478+00:00,SGD->INR,Wise,50000,by Monday,wise_formattedEstimatedDelivery
2026-10-03T03:07:41.743478+00:00,SGD->PHP,Wise,200,in seconds,wise_formattedEstimatedDelivery
2026-10-03T03:07:41.743478+00:00,SGD->PHP,Wise,1000,in seconds,wise_formattedEstimatedDelivery
2026-10-03T03:07:41.743478+00:00,SGD->PHP,Wise,5000,by Monday,wise_formattedEstimatedDelivery
2026-10-03T03:07:41.743478+00:00,SGD->PHP,Wise,25000,by Monday,wise_formattedEstimatedDelivery
2026-10-03T03:07:41.743478+00:00,SGD->PHP,Wise,50000,by Monday,wise_formattedEstimatedDelivery
2026-10-03T03:07:41.743478+00:00,USD->INR,Wise,200,by Monday,wise_formattedEstimatedDelivery
2026-10-03T03:07:41.743478+00:00,USD->INR,Wise,1000,by Monday,wise_formattedEstimatedDelivery
2026-10-03T03:07:41.743478+00:00,USD->INR,Wise,5000,by Monday,wise_formattedEstimatedDelivery
2026-10-03T03:07:41.743478+00:00,USD->INR,Wise,25000,"by Tuesday, October 6",wise_formattedEstimatedDelivery
2026-10-03T03:07:41.743478+00:00,USD->INR,Wise,50000,"by Tuesday, October 6",wise_formattedEstimatedDelivery
2026-10-03T03:07:41.743478+00:00,USD->MXN,Wise,200,by Monday,wise_formattedEstimatedDelivery
2026-10-03T03:07:41.743478+00:00,USD->MXN,WorldRemit,200,Same day,worldremit_calc_text
2026-10-03T03:07:41.743478+00:00,USD->MXN,Wise,1000,by Monday,wise_formattedEstimatedDelivery
2026-10-03T03:07:41.743478+00:00,USD->MXN,WorldRemit,1000,Same day,worldremit_calc_text
2026-10-03T03:07:41.743478+00:00,USD->MXN,Wise,5000,by Monday,wise_formattedEstimatedDelivery
2026-10-03T03:07:41.743478+00:00,USD->MXN,WorldRemit,5000,Same day,worldremit_calc_text
2026-10-03T03:07:41.743478+00:00,USD->MXN,Wise,25000,"by Tuesday, October 6",wise_formattedEstimatedDelivery
2026-10-03T03:07:41.743478+00:00,USD->MXN,Wise,50000,"by Tuesday, October 6",wise_formattedEstimatedDelivery
2026-10-03T03:07:41.743478+00:00,USD->NGN,Wise,200,by Monday,wise_formattedEstimatedDelivery
2026-10-03T03:07:41.743478+00:00,USD->NGN,Wise,1000,by Monday,wise_formattedEstimatedDelivery
2026-10-03T03:07:41.743478+00:00,USD->NGN,Wise,5000,by Monday,wise_formattedEstimatedDelivery
2026-10-03T03:07:41.743478+00:00,USD->NGN,Wise,25000,"by Tuesday, October 6",wise_formattedEstimatedDelivery
2026-10-03T03:07:41.743478+00:00,USD->NGN,Wise,50000,"by Tuesday, October 6",wise_formattedEstimatedDelivery
2026-10-03T04:07:46.263825+00:00,AUD->PHP,Wise,200,in seconds,wise_formattedEstimatedDelivery
2026-10-03T04:07:46.263825+00:00,AUD->PHP,WorldRemit,200,Same day,worldremit_calc_text
2026-10-03T04:07:46.263825+00:00,AUD->PHP,Wise,1000,in seconds,wise_formattedEstimatedDelivery
2026-10-03T04:07:46.263825+00:00,AUD->PHP,WorldRemit,1000,Same day,worldremit_calc_text
2026-10-03T04:07:46.263825+00:00,AUD->PHP,Wise,5000,by Monday,wise_formattedEstimatedDelivery
2026-10-03T04:07:46.263825+00:00,AUD->PHP,WorldRemit,5000,Same day,worldremit_calc_text
2026-10-03T04:07:46.263825+00:00,AUD->PHP,Wise,25000,by Monday,wise_formattedEstimatedDelivery
2026-10-03T04:07:46.263825+00:00,AUD->PHP,Wise,50000,by Monday,wise_formattedEstimatedDelivery
2026-10-03T04:07:46.263825+00:00,NZD->PHP,Wise,200,by Sunday,wise_formattedEstimatedDelivery
2026-10-03T04:07:46.263825+00:00,NZD->PHP,WorldRemit,200,Same day,worldremit_calc_text
2026-10-03T04:07:46.263825+00:00,NZD->PHP,Wise,1000,by Sunday,wise_formattedEstimatedDelivery
2026-10-03T04:07:46.263825+00:00,NZD->PHP,WorldRemit,1000,Same day,worldremit_calc_text
2026-10-03T04:07:46.263825+00:00,NZD->PHP,Wise,5000,by Monday,wise_formattedEstimatedDelivery
2026-10-03T04:07:46.263825+00:00,NZD->PHP,WorldRemit,5000,Same day,worldremit_calc_text
2026-10-03T04:07:46.263825+00:00,NZD->PHP,Wise,25000,by Monday,wise_formattedEstimatedDelivery
2026-10-03T04:07:46.263825+00:00,NZD->PHP,WorldRemit,25000,Same day,worldremit_calc_text
2026-10-03T04:07:46.263825+00:00,NZD->PHP,Wise,50000,by Monday,wise_formattedEstimatedDelivery
2026-10-03T04:07:46.263825+00:00,NZD->PHP,WorldRemit,50000,Same day,worldremit_calc_text
2026-10-03T04:07:46.263825+00:00,SGD->INR,Wise,200,in seconds,wise_formattedEstimatedDelivery
2026-10-03T04:07:46.263825+00:00,SGD->INR,Wise,1000,in seconds,wise_formattedEstimatedDelivery
2026-10-03T04:07:46.263825+00:00,SGD->INR,Wise,5000,in seconds,wise_formattedEstimatedDelivery
2026-10-03T04:07:46.263825+00:00,SGD->INR,Wise,25000,by Monday,wise_formattedEstimatedDelivery
2026-10-03T04:07:46.263825+00:00,SGD->INR,Wise,50000,by Monday,wise_formattedEstimatedDelivery
2026-10-03T04:07:46.263825+00:00,SGD->PHP,Wise,200,in seconds,wise_formattedEstimatedDelivery
2026-10-03T04:07:46.263825+00:00,SGD->PHP,Wise,1000,in seconds,wise_formattedEstimatedDelivery
2026-10-03T04:07:46.263825+00:00,SGD->PHP,Wise,5000,by Monday,wise_formattedEstimatedDelivery
2026-10-03T04:07:46.263825+00:00,SGD->PHP,Wise,25000,by Monday,wise_formattedEstimatedDelivery
2026-10-03T04:07:46.263825+00:00,SGD->PHP,Wise,50000,by Monday,wise_formattedEstimatedDelivery
2026-10-03T04:07:46.263825+00:00,USD->INR,Wise,200,by Monday,wise_formattedEstimatedDelivery
2026-10-03T04:07:46.263825+00:00,USD->INR,Wise,1000,by Monday,wise_formattedEstimatedDelivery
2026-10-03T04:07:46.263825+00:00,USD->INR,Wise,5000,by Monday,wise_formattedEstimatedDelivery
2026-10-03T04:07:46.263825+00:00,USD->INR,Wise,25000,"by Tuesday, October 6",wise_formattedEstimatedDelivery
2026-10-03T04:07:46.263825+00:00,USD->INR,Wise,50000,"by Tuesday, October 6",wise_formattedEstimatedDelivery
2026-10-03T04:07:46.263825+00:00,USD->MXN,Wise,200,by Monday,wise_formattedEstimatedDelivery
2026-10-03T04:07:46.263825+00:00,USD->MXN,WorldRemit,200,Same day,worldremit_calc_text
2026-10-03T04:07:46.263825+00:00,USD->MXN,Wise,1000,by Monday,wise_formattedEstimatedDelivery
2026-10-03T04:07:46.263825+00:00,USD->MXN,WorldRemit,1000,Same day,worldremit_calc_text
2026-10-03T04:07:46.263825+00:00,USD->MXN,Wise,5000,by Monday,wise_formattedEstimatedDelivery
2026-10-03T04:07:46.263825+00:00,USD->MXN,WorldRemit,5000,Same day,worldremit_calc_text
2026-10-03T04:07:46.263825+00:00,USD->MXN,Wise,25000,"by Tuesday, October 6",wise_formattedEstimatedDelivery
2026-10-03T04:07:46.263825+00:00,USD->MXN,Wise,50000,"by Tuesday, October 6",wise_formattedEstimatedDelivery
2026-10-03T04:07:46.263825+00:00,USD->NGN,Wise,200,by Monday,wise_formattedEstimatedDelivery
2026-10-03T04:07:46.263825+00:00,USD->NGN,Wise,1000,by Monday,wise_formattedEstimatedDelivery
2026-10-03T04:07:46.263825+00:00,USD->NGN,Wise,5000,by Monday,wise_formattedEstimatedDelivery
2026-10-03T04:07:46.263825+00:00,USD->NGN,Wise,25000,"by Tuesday, October 6",wise_formattedEstimatedDelivery
2026-10-03T04:07:46.263825+00:00,USD->NGN,Wise,50000,"by Tuesday, October 6",wise_formattedEstimatedDelivery
2026-10-03T05:08:58.883660+00:00,AUD->PHP,Wise,200,in seconds,wise_formattedEstimatedDelivery
2026-10-03T05:08:58.883660+00:00,AUD->PHP,WorldRemit,200,Same day,worldremit_calc_text
2026-10-03T05:08:58.883660+00:00,AUD->PHP,Wise,1000,in seconds,wise_formattedEstimatedDelivery
2026-10-03T05:08:58.883660+00:00,AUD->PHP,WorldRemit,1000,Same day,worldremit_calc_text
2026-10-03T05:08:58.883660+00:00,AUD->PHP,Wise,5000,by Monday,wise_formattedEstimatedDelivery
2026-10-03T05:08:58.883660+00:00,AUD->PHP,WorldRemit,5000,Same day,worldremit_calc_text
2026-10-03T05:08:58.883660+00:00,AUD->PHP,Wise,25000,by Monday,wise_formattedEstimatedDelivery
2026-10-03T05:08:58.883660+00:00,AUD->PHP,Wise,50000,by Monday,wise_formattedEstimatedDelivery
2026-10-03T05:08:58.883660+00:00,NZD->PHP,Wise,200,by Sunday,wise_formattedEstimatedDelivery
2026-10-03T05:08:58.883660+00:00,NZD->PHP,WorldRemit,200,Same day,worldremit_calc_text
2026-10-03T05:08:58.883660+00:00,NZD->PHP,Wise,1000,by Sunday,wise_formattedEstimatedDelivery
2026-10-03T05:08:58.883660+00:00,NZD->PHP,WorldRemit,1000,Same day,worldremit_calc_text
2026-10-03T05:08:58.883660+00:00,NZD->PHP,Wise,5000,by Monday,wise_formattedEstimatedDelivery
2026-10-03T05:08:58.883660+00:00,NZD->PHP,WorldRemit,5000,Same day,worldremit_calc_text
2026-10-03T05:08:58.883660+00:00,NZD->PHP,Wise,25000,by Monday,wise_formattedEstimatedDelivery
2026-10-03T05:08:58.883660+00:00,NZD->PHP,WorldRemit,25000,Same day,worldremit_calc_text
2026-10-03T05:08:58.883660+00:00,NZD->PHP,Wise,50000,by Monday,wise_formattedEstimatedDelivery
2026-10-03T05:08:58.883660+00:00,NZD->PHP,WorldRemit,50000,Same day,worldremit_calc_text
2026-10-03T05:08:58.883660+00:00,SGD->INR,Wise,200,in seconds,wise_formattedEstimatedDelivery
2026-10-03T05:08:58.883660+00:00,SGD->INR,Wise,1000,in seconds,wise_formattedEstimatedDelivery
2026-10-03T05:08:58.883660+00:00,SGD->INR,Wise,5000,in seconds,wise_formattedEstimatedDelivery
2026-10-03T05:08:58.883660+00:00,SGD->INR,Wise,25000,by Monday,wise_formattedEstimatedDelivery
2026-10-03T05:08:58.883660+00:00,SGD->INR,Wise,50000,by Monday,wise_formattedEstimatedDelivery
2026-10-03T05:08:58.883660+00:00,SGD->PHP,Wise,200,in seconds,wise_formattedEstimatedDelivery
2026-10-03T05:08:58.883660+00:00,SGD->PHP,Wise,1000,in seconds,wise_formattedEstimatedDelivery
2026-10-03T05:08:58.883660+00:00,SGD->PHP,Wise,5000,by Monday,wise_formattedEstimatedDelivery
2026-10-03T05:08:58.883660+00:00,SGD->PHP,Wise,25000,by Monday,wise_formattedEstimatedDelivery
2026-10-03T05:08:58.883660+00:00,SGD->PHP,Wise,50000,by Monday,wise_formattedEstimatedDelivery
2026-10-03T05:08:58.883660+00:00,USD->INR,Wise,200,by Monday,wise_formattedEstimatedDelivery
2026-10-03T05:08:58.883660+00:00,USD->INR,Wise,1000,by Monday,wise_formattedEstimatedDelivery
2026-10-03T05:08:58.883660+00:00,USD->INR,Wise,5000,by Monday,wise_formattedEstimatedDelivery
2026-10-03T05:08:58.883660+00:00,USD->INR,Wise,25000,"by Tuesday, October 6",wise_formattedEstimatedDelivery
2026-10-03T05:08:58.883660+00:00,USD->INR,Wise,50000,"by Tuesday, October 6",wise_formattedEstimatedDelivery
2026-10-03T05:08:58.883660+00:00,USD->MXN,Wise,200,by Monday,wise_formattedEstimatedDelivery
2026-10-03T05:08:58.883660+00:00,USD->MXN,WorldRemit,200,Same day,worldremit_calc_text
2026-10-03T05:08:58.883660+00:00,USD->MXN,Wise,1000,by Monday,wise_formattedEstimatedDelivery
2026-10-03T05:08:58.883660+00:00,USD->MXN,WorldRemit,1000,Same day,worldremit_calc_text
2026-10-03T05:08:58.883660+00:00,USD->MXN,Wise,5000,by Monday,wise_formattedEstimatedDelivery
2026-10-03T05:08:58.883660+00:00,USD->MXN,WorldRemit,5000,Same day,worldremit_calc_text
2026-10-03T05:08:58.883660+00:00,USD->MXN,Wise,25000,"by Tuesday, October 6",wise_formattedEstimatedDelivery
2026-10-03T05:08:58.883660+00:00,USD->MXN,Wise,50000,"by Tuesday, October 6",wise_formattedEstimatedDelivery
2026-10-03T05:08:58.883660+00:00,USD->NGN,Wise,200,by Monday,wise_formattedEstimatedDelivery
2026-10-03T05:08:58.883660+00:00,USD->NGN,Wise,1000,by Monday,wise_formattedEstimatedDelivery
2026-10-03T05:08:58.883660+00:00,USD->NGN,Wise,5000,by Monday,wise_formattedEstimatedDelivery
2026-10-03T05:08:58.883660+00:00,USD->NGN,Wise,25000,"by Tuesday, October 6",wise_formattedEstimatedDelivery
2026-10-03T05:08:58.883660+00:00,USD->NGN,Wise,50000,"by Tuesday, October 6",wise_formattedEstimatedDelivery
2026-10-03T06:08:46.109167+00:00,AUD->PHP,Wise,200,in seconds,wise_formattedEstimatedDelivery
2026-10-03T06:08:46.109167+00:00,AUD->PHP,WorldRemit,200,Same day,worldremit_calc_text
2026-10-03T06:08:46.109167+00:00,AUD->PHP,Wise,1000,in seconds,wise_formattedEstimatedDelivery
2026-10-03T06:08:46.109167+00:00,AUD->PHP,WorldRemit,1000,Same day,worldremit_calc_text
2026-10-03T06:08:46.109167+00:00,AUD->PHP,Wise,5000,by Monday,wise_formattedEstimatedDelivery
2026-10-03T06:08:46.109167+00:00,AUD->PHP,WorldRemit,5000,Same day,worldremit_calc_text
2026-10-03T06:08:46.109167+00:00,AUD->PHP,Wise,25000,by Monday,wise_formattedEstimatedDelivery
2026-10-03T06:08:46.109167+00:00,AUD->PHP,Wise,50000,by Monday,wise_formattedEstimatedDelivery
2026-10-03T06:08:46.109167+00:00,NZD->PHP,Wise,200,by Sunday,wise_formattedEstimatedDelivery
2026-10-03T06:08:46.109167+00:00,NZD->PHP,WorldRemit,200,Same day,worldremit_calc_text
2026-10-03T06:08:46.109167+00:00,NZD->PHP,Wise,1000,by Sunday,wise_formattedEstimatedDelivery
2026-10-03T06:08:46.109167+00:00,NZD->PHP,WorldRemit,1000,Same day,worldremit_calc_text
2026-10-03T06:08:46.109167+00:00,NZD->PHP,Wise,5000,by Monday,wise_formattedEstimatedDelivery
2026-10-03T06:08:46.109167+00:00,NZD->PHP,WorldRemit,5000,Same day,worldremit_calc_text
2026-10-03T06:08:46.109167+00:00,NZD->PHP,Wise,25000,by Monday,wise_formattedEstimatedDelivery
2026-10-03T06:08:46.109167+00:00,NZD->PHP,WorldRemit,25000,Same day,worldremit_calc_text
2026-10-03T06:08:46.109167+00:00,NZD->PHP,Wise,50000,by Monday,wise_formattedEstimatedDelivery
2026-10-03T06:08:46.109167+00:00,NZD->PHP,WorldRemit,50000,Same day,worldremit_calc_text
2026-10-03T06:08:46.109167+00:00,SGD->INR,Wise,200,in seconds,wise_formattedEstimatedDelivery
2026-10-03T06:08:46.109167+00:00,SGD->INR,Wise,1000,in seconds,wise_formattedEstimatedDelivery
2026-10-03T06:08:46.109167+00:00,SGD->INR,Wise,5000,in seconds,wise_formattedEstimatedDelivery
2026-10-03T06:08:46.109167+00:00,SGD->INR,Wise,25000,by Monday,wise_formattedEstimatedDelivery
2026-10-03T06:08:46.109167+00:00,SGD->INR,Wise,50000,by Monday,wise_formattedEstimatedDelivery
2026-10-03T06:08:46.109167+00:00,SGD->PHP,Wise,200,in seconds,wise_formattedEstimatedDelivery
2026-10-03T06:08:46.109167+00:00,SGD->PHP,Wise,1000,in seconds,wise_formattedEstimatedDelivery
2026-10-03T06:08:46.109167+00:00,SGD->PHP,Wise,5000,by Monday,wise_formattedEstimatedDelivery
2026-10-03T06:08:46.109167+00:00,SGD->PHP,Wise,25000,by Monday,wise_formattedEstimatedDelivery
2026-10-03T06:08:46.109167+00:00,SGD->PHP,Wise,50000,by Monday,wise_formattedEstimatedDelivery
2026-10-03T06:08:46.109167+00:00,USD->INR,Wise,200,by Monday,wise_formattedEstimatedDelivery
2026-10-03T06:08:46.109167+00:00,USD->INR,Wise,1000,by Monday,wise_formattedEstimatedDelivery
2026-10-03T06:08:46.109167+00:00,USD->INR,Wise,5000,by Monday,wise_formattedEstimatedDelivery
2026-10-03T06:08:46.109167+00:00,USD->INR,Wise,25000,"by Tuesday, October 6",wise_formattedEstimatedDelivery
2026-10-03T06:08:46.109167+00:00,USD->INR,Wise,50000,"by Tuesday, October 6",wise_formattedEstimatedDelivery
2026-10-03T06:08:46.109167+00:00,USD->MXN,Wise,200,by Monday,wise_formattedEstimatedDelivery
2026-10-03T06:08:46.109167+00:00,USD->MXN,WorldRemit,200,Same day,worldremit_calc_text
2026-10-03T06:08:46.109167+00:00,USD->MXN,Wise,1000,by Monday,wise_formattedEstimatedDelivery
2026-10-03T06:08:46.109167+00:00,USD->MXN,WorldRemit,1000,Same day,worldremit_calc_text
2026-10-03T06:08:46.109167+00:00,USD->MXN,Wise,5000,by Monday,wise_formattedEstimatedDelivery
2026-10-03T06:08:46.109167+00:00,USD->MXN,WorldRemit,5000,Same day,worldremit_calc_text
2026-10-03T06:08:46.109167+00:00,USD->MXN,Wise,25000,"by Tuesday, October 6",wise_formattedEstimatedDelivery
2026-10-03T06:08:46.109167+00:00,USD->MXN,Wise,50000,"by Tuesday, October 6",wise_formattedEstimatedDelivery
2026-10-03T06:08:46.109167+00:00,USD->NGN,Wise,200,by Monday,wise_formattedEstimatedDelivery
2026-10-03T06:08:46.109167+00:00,USD->NGN,Wise,1000,by Monday,wise_formattedEstimatedDelivery
2026-10-03T06:08:46.109167+00:00,USD->NGN,Wise,5000,by Monday,wise_formattedEstimatedDelivery
2026-10-03T06:08:46.109167+00:00,USD->NGN,Wise,25000,"by Tuesday, October 6",wise_formattedEstimatedDelivery
2026-10-03T06:08:46.109167+00:00,USD->NGN,Wise,50000,"by Tuesday, October 6",wise_formattedEstimatedDelivery
