ts,corridor,notional_src,wf_deposit_bps,wf_withdrawal_bps,deposit_measured,withdrawal_measured
2026-09-29T05:05:14.928908+00:00,SGD->PHP,200,0.0,-0.0,True,True
2026-09-29T05:05:14.928908+00:00,SGD->PHP,1000,0.0,0.0,True,True
2026-09-29T05:05:14.928908+00:00,SGD->PHP,5000,0.0,-0.0,True,True
2026-09-29T05:05:14.928908+00:00,SGD->PHP,25000,0.0,-0.0,True,True
2026-09-29T05:05:14.928908+00:00,SGD->PHP,50000,0.0,-0.0,True,True
2026-09-29T05:05:17.555579+00:00,USD->MXN,200,0.0,0.0,True,True
2026-09-29T05:05:17.555579+00:00,USD->MXN,1000,0.0,0.0,True,True
2026-09-29T05:05:17.555579+00:00,USD->MXN,5000,0.0,0.0,True,True
2026-09-29T05:05:17.555579+00:00,USD->MXN,25000,0.0,0.0,True,True
2026-09-29T05:05:17.555579+00:00,USD->MXN,50000,0.0,0.01,True,True
2026-09-29T05:05:19.007603+00:00,AUD->PHP,200,0.0,-0.0,True,True
2026-09-29T05:05:19.007603+00:00,AUD->PHP,1000,0.0,-0.0,True,True
2026-09-29T05:05:19.007603+00:00,AUD->PHP,5000,0.0,-0.01,True,True
2026-09-29T05:05:19.007603+00:00,AUD->PHP,25000,0.0,0.0,True,True
2026-09-29T05:05:19.007603+00:00,AUD->PHP,50000,0.0,-0.0,True,True
2026-09-29T05:05:21.368088+00:00,NZD->PHP,200,0.0,0.0,False,True
2026-09-29T05:05:21.368088+00:00,NZD->PHP,1000,0.0,0.0,False,True
2026-09-29T05:05:21.368088+00:00,NZD->PHP,5000,0.0,0.01,False,True
2026-09-29T05:05:21.368088+00:00,NZD->PHP,25000,0.0,-0.0,False,True
2026-09-29T05:05:21.368088+00:00,NZD->PHP,50000,0.0,-0.0,False,True
2026-09-29T05:05:23.787668+00:00,USD->NGN,200,0.0,0.0,False,False
2026-09-29T05:05:23.787668+00:00,USD->NGN,1000,0.0,0.0,False,False
2026-09-29T05:05:23.787668+00:00,USD->NGN,5000,0.0,0.0,False,False
2026-09-29T05:05:23.787668+00:00,USD->NGN,25000,0.0,0.0,False,False
2026-09-29T05:05:23.787668+00:00,USD->NGN,50000,0.0,0.01,False,False
2026-09-29T05:05:25.284553+00:00,USD->INR,200,0.0,0.0,False,False
2026-09-29T05:05:25.284553+00:00,USD->INR,1000,0.0,0.0,False,False
2026-09-29T05:05:25.284553+00:00,USD->INR,5000,0.0,0.0,False,False
2026-09-29T05:05:25.284553+00:00,USD->INR,25000,0.0,0.0,False,False
2026-09-29T05:05:25.284553+00:00,USD->INR,50000,0.0,0.0,False,False
2026-09-29T05:05:27.480224+00:00,SGD->INR,200,0.0,0.01,False,False
2026-09-29T05:05:27.480224+00:00,SGD->INR,1000,0.0,0.0,False,False
2026-09-29T05:05:27.480224+00:00,SGD->INR,5000,0.0,0.01,False,False
2026-09-29T05:05:27.480224+00:00,SGD->INR,25000,0.0,0.01,False,False
2026-09-29T05:05:27.480224+00:00,SGD->INR,50000,0.0,0.0,False,False
