ts,corridor,notional_src,offramp_depth_top_level_after,offramp_depth_1pct_after
2026-10-05T02:05:40.728942+00:00,SGD->PHP,200,184797.29090884185,696609.94
2026-10-05T02:05:40.728942+00:00,SGD->PHP,1000,184174.17454420918,695986.82
2026-10-05T02:05:40.728942+00:00,SGD->PHP,5000,181075.77828061522,692888.43
2026-10-05T02:05:40.728942+00:00,SGD->PHP,25000,165596.62457806387,677409.27
2026-10-05T02:05:40.728942+00:00,SGD->PHP,50000,146253.5887845019,658066.24
2026-10-05T02:05:44.424637+00:00,USD->MXN,200,332.7939843393106,199635.79
2026-10-05T02:05:44.424637+00:00,USD->MXN,1000,1548.3519830591313,198835.84
2026-10-05T02:05:44.424637+00:00,USD->MXN,5000,58486.941976658236,194836.08
2026-10-05T02:05:44.424637+00:00,USD->MXN,25000,38488.18861989443,174837.33
2026-10-05T02:05:44.424637+00:00,USD->MXN,50000,13489.96556277961,149839.11
2026-10-05T02:05:46.364799+00:00,AUD->PHP,200,184815.18977398207,696627.84
2026-10-05T02:05:46.364799+00:00,AUD->PHP,1000,184263.67206097915,696076.32
2026-10-05T02:05:46.364799+00:00,AUD->PHP,5000,181510.5162443135,693323.17
2026-10-05T02:05:46.364799+00:00,AUD->PHP,25000,167749.12390209374,679561.77
2026-10-05T02:05:46.364799+00:00,AUD->PHP,50000,150551.84781235678,662364.5
2026-10-05T02:05:50.227393+00:00,NZD->PHP,200,183132.4684549164,694945.12
2026-10-05T02:05:50.227393+00:00,NZD->PHP,1000,182687.50227458213,694500.15
2026-10-05T02:05:50.227393+00:00,NZD->PHP,5000,180466.08931279226,692278.74
2026-10-05T02:05:50.227393+00:00,NZD->PHP,25000,169362.5301909385,681175.18
2026-10-05T02:05:50.227393+00:00,NZD->PHP,50000,155487.89553307722,667300.55
2026-10-05T02:05:53.723908+00:00,USD->NGN,200,1025.0117070975107,65058.1
2026-10-05T02:05:53.723908+00:00,USD->NGN,1000,225.0597058173314,64258.15
2026-10-05T02:05:53.723908+00:00,USD->NGN,5000,1179.3496994164348,60258.39
2026-10-05T02:05:53.723908+00:00,USD->NGN,25000,5256.986372650231,40259.64
2026-10-05T02:05:53.723908+00:00,USD->NGN,50000,262.4233455324138,25689.66
2026-10-05T02:05:55.684436+00:00,USD->INR,200,4154.801707097511,15993.76
2026-10-05T02:05:55.684436+00:00,USD->INR,1000,3354.8497058173316,15193.81
2026-10-05T02:05:55.684436+00:00,USD->INR,5000,172.79969941643503,11194.05
2026-10-05T02:05:55.684436+00:00,USD->INR,25000,998.5363726502328,1253.79
2026-10-05T02:05:55.684436+00:00,USD->INR,50000,2477.2733455324123,2515.94
2026-10-05T02:05:58.149797+00:00,SGD->INR,200,4203.010908841833,16041.97
2026-10-05T02:05:58.149797+00:00,SGD->INR,1000,3579.8945442091667,15418.85
2026-10-05T02:05:58.149797+00:00,SGD->INR,5000,481.49828061520293,12320.46
2026-10-05T02:05:58.149797+00:00,SGD->INR,25000,289.5645780638647,6899.79
2026-10-05T02:05:58.149797+00:00,SGD->INR,50000,1251.8987845018655,1784.52
