hour_utc,ccy,old_class,new_class,old_premium_pct,new_premium_pct,backfilled
2026-09-10T10:00:00+00:00,INR,p2p_buy_median,order_book_median,8.1569,5.0188,true
2026-09-10T22:00:00+00:00,TRY,order_book_median,order_book_single,-0.0067,0.0046,true
2026-09-10T23:00:00+00:00,TRY,order_book_single,order_book_median,0.0046,0.0211,true
2026-09-12T17:00:00+00:00,INR,order_book_median,order_book_single,4.5744,5.1131,true
2026-09-12T17:00:00+00:00,TWD,order_book_median,order_book_single,0.4339,0.4434,true
2026-09-12T18:00:00+00:00,INR,order_book_single,order_book_median,5.1131,4.6163,true
2026-09-12T18:00:00+00:00,TWD,order_book_single,order_book_median,0.4434,0.4355,true
2026-09-17T16:00:00+00:00,INR,order_book_median,order_book_single,4.0495,3.7163,true
2026-09-17T17:00:00+00:00,INR,order_book_single,order_book_median,3.7163,3.9558,true
2026-09-19T10:00:00+00:00,TRY,order_book_median,order_book_single,-1.0657,-0.8515,true
2026-09-19T11:00:00+00:00,TRY,order_book_single,order_book_median,-0.8515,-0.9437,true
2026-09-22T14:00:00+00:00,IDR,order_book_median,order_book_single,-0.1202,-0.2771,true
2026-09-22T15:00:00+00:00,IDR,order_book_single,order_book_median,-0.2771,-0.0025,true
2026-09-28T10:00:00+00:00,INR,order_book_median,order_book_single,4.4639,4.245,true
2026-09-28T11:00:00+00:00,INR,order_book_single,order_book_median,4.245,4.3701,true
2026-09-30T18:00:00+00:00,TRY,order_book_median,order_book_single,-0.0377,-0.0142,true
2026-09-30T19:00:00+00:00,TRY,order_book_single,order_book_median,-0.0142,-0.0112,true
2026-10-03T03:00:00+00:00,AUD,order_book_single,order_book_median,0.6726,0.3706,true
2026-10-06T03:00:00+00:00,ARS,broker_median,p2p_buy_median,6.2822,5.1905,true
2026-10-06T03:00:00+00:00,IDR,order_book_median,p2p_buy_median,-0.0731,-0.0116,true
2026-10-06T03:00:00+00:00,MXN,order_book_single,p2p_buy_median,-0.2655,0.2702,true
2026-10-06T03:00:00+00:00,PHP,order_book_single,p2p_buy_median,0.2209,0.2289,true
2026-10-06T03:00:00+00:00,TRY,order_book_median,p2p_buy_median,-0.0857,6.9988,true
2026-10-06T03:00:00+00:00,VES,broker_single,p2p_buy_median,15.4996,13.5153,true
2026-10-06T10:00:00+00:00,ARS,p2p_buy_median,broker_median,5.7819,6.3219,true
2026-10-06T10:00:00+00:00,IDR,p2p_buy_median,order_book_median,-0.0731,-0.0815,true
2026-10-06T10:00:00+00:00,MXN,p2p_buy_median,order_book_single,0.933,-0.4257,true
2026-10-06T10:00:00+00:00,PHP,p2p_buy_median,order_book_single,0.4045,0.0932,true
2026-10-06T10:00:00+00:00,TRY,p2p_buy_median,order_book_median,3.9376,-0.0592,true
2026-10-06T10:00:00+00:00,VES,p2p_buy_median,broker_single,13.5503,15.1595,true
2026-10-09T06:00:00+00:00,NGN,p2p_fallback,order_book_single,-0.1979,2.2191,true
