ts_utc,corridor,notional_src,buy_venue,sell_venue,cost_bps,landed_dst,is_default_pair,buy_filled,sell_filled,source_ok,error
2026-09-27T11:51:41.203113+00:00,SGD->PHP,5000,IndependentReserve,Coins.ph,26.09,243966.55,True,True,True,True,
2026-09-27T11:51:41.203113+00:00,SGD->PHP,5000,IndependentReserve,Binance_P2P,29.28,243888.51,False,True,True,True,
2026-09-27T11:51:41.203113+00:00,SGD->PHP,5000,IndependentReserve,OKX_P2P,0.56,244590.91,False,True,True,True,
2026-09-27T11:51:43.750077+00:00,AUD->PHP,5000,IndependentReserve,Coins.ph,23.51,219047.15,True,True,True,True,
2026-09-27T11:51:43.750077+00:00,AUD->PHP,5000,IndependentReserve,Binance_P2P,26.7,218977.08,False,True,True,True,
2026-09-27T11:51:43.750077+00:00,AUD->PHP,5000,IndependentReserve,OKX_P2P,-2.02,219607.73,False,True,True,True,
2026-09-27T11:51:43.750077+00:00,AUD->PHP,5000,OKX_P2P,Coins.ph,112.95,217083.33,False,True,True,True,
2026-09-27T11:51:43.750077+00:00,AUD->PHP,5000,OKX_P2P,Binance_P2P,116.12,217013.89,False,True,True,True,
2026-09-27T11:51:43.750077+00:00,AUD->PHP,5000,OKX_P2P,OKX_P2P,87.65,217638.89,False,True,True,True,
2026-09-27T11:51:46.285162+00:00,NZD->PHP,5000,IndependentReserve,Coins.ph,28.74,176573.26,True,True,True,True,
2026-09-27T11:51:46.285162+00:00,NZD->PHP,5000,IndependentReserve,Binance_P2P,31.93,176516.77,False,True,True,True,
2026-09-27T11:51:46.285162+00:00,NZD->PHP,5000,IndependentReserve,OKX_P2P,3.22,177025.14,False,True,True,True,
2026-09-27T11:51:46.285162+00:00,NZD->PHP,5000,OKX_P2P,Coins.ph,232.45,172965.79,False,True,True,True,
2026-09-27T11:51:46.285162+00:00,NZD->PHP,5000,OKX_P2P,Binance_P2P,235.58,172910.46,False,True,True,True,
2026-09-27T11:51:46.285162+00:00,NZD->PHP,5000,OKX_P2P,OKX_P2P,207.46,173408.44,False,True,True,True,
2026-09-27T11:51:48.123272+00:00,USD->MXN,5000,Coinbase,Bitso,5.86,88408.71,True,True,True,True,
2026-09-27T11:51:48.123272+00:00,USD->MXN,5000,Coinbase,Binance_P2P,-6.58,88518.73,False,True,True,True,
2026-09-27T11:51:48.123272+00:00,USD->MXN,5000,Coinbase,OKX_P2P,49.96,88018.62,False,True,True,True,
2026-09-27T11:51:48.123272+00:00,USD->MXN,5000,OKX_P2P,Bitso,17.95,88301.73,False,True,True,True,
2026-09-27T11:51:48.123272+00:00,USD->MXN,5000,OKX_P2P,Binance_P2P,5.53,88411.62,False,True,True,True,
2026-09-27T11:51:48.123272+00:00,USD->MXN,5000,OKX_P2P,OKX_P2P,62.0,87912.12,False,True,True,True,
