ts_utc,ccy,index_pct,gap_widened_pt,official_move_pct,triggered_on,note
2026-09-12T00:00:00+00:00,SDG,1283.8634,6.0876,-0.2031,2026-09-12,"Sudan's premium widened by 6.09 points to +1283.86% in a day, while its official rate moved -0.20%."
2026-09-13T00:00:00+00:00,SDG,1295.2179,11.3545,-0.309,2026-09-13,"Sudan's premium widened by 11.35 points to +1295.22% in a day, while its official rate moved -0.31%."
2026-09-15T00:00:00+00:00,SDG,1709.9545,175.0165,-0.9459,2026-09-15,"Sudan's premium widened by 175.02 points to +1709.95% in a day, while its official rate moved -0.95%."
2026-09-16T00:00:00+00:00,SDG,1779.2622,69.3077,-1.1749,2026-09-16,"Sudan's premium widened by 69.31 points to +1779.26% in a day, while its official rate moved -1.17%."
2026-09-29T00:00:00+00:00,SDG,1733.0387,52.112,-0.9666,2026-09-29,"Sudan's premium widened by 52.11 points to +1733.04% in a day, while its official rate moved -0.97%."
2026-09-30T00:00:00+00:00,SDG,1755.6696,22.6309,-1.0605,2026-09-30,"Sudan's premium widened by 22.63 points to +1755.67% in a day, while its official rate moved -1.06%."
2026-10-04T00:00:00+00:00,SDG,1539.2257,12.8947,-0.3078,2026-10-04,"Sudan's premium widened by 12.89 points to +1539.23% in a day, while its official rate moved -0.31%."
2026-10-06T00:00:00+00:00,SDG,1841.3485,60.1645,-1.0409,2026-10-06,"Sudan's premium widened by 60.16 points to +1841.35% in a day, while its official rate moved -1.04%."
2026-10-07T00:00:00+00:00,IQD,30.3597,5.2743,-0.0432,2026-10-07,"Iraq's premium widened by 5.27 points to +30.36% in a day, while its official rate moved -0.04%."
2026-10-07T00:00:00+00:00,SDG,1896.1201,54.7716,-0.9621,2026-10-07,"Sudan's premium widened by 54.77 points to +1896.12% in a day, while its official rate moved -0.96%."
